polarity,model,corner,temperature_c,length_um,width_um,vgs_abs_v,vds_abs_v,vbs_abs_v,id_abs_a,vdsat_abs_v,vth_abs_v,gm_s,gds_s,saturated
nmos,sky130_fd_pr__nfet_01v8,tt,27.0,0.5,0.42,0.5,0.15,0.0,1.44188e-08,0.0432843,0.615506,3.24205e-07,7.92464e-09,1
nmos,sky130_fd_pr__nfet_01v8,tt,27.0,0.5,0.42,0.5,0.15,0.1,8.53288e-09,0.04288,0.63884,1.98232e-07,4.72264e-09,1
nmos,sky130_fd_pr__nfet_01v8,tt,27.0,0.5,0.42,0.5,0.15,0.2,5.09241e-09,0.042799,0.66067,1.21975e-07,2.84144e-09,1
nmos,sky130_fd_pr__nfet_01v8,tt,27.0,0.5,0.42,0.5,0.15,0.3,3.06488e-09,0.0429005,0.681211,7.54784e-08,1.72453e-09,1
nmos,sky130_fd_pr__nfet_01v8,tt,27.0,0.5,0.42,0.5,0.3,0.0,1.53064e-08,0.0433246,0.61478,3.44045e-07,4.89081e-09,1
nmos,sky130_fd_pr__nfet_01v8,tt,27.0,0.5,0.42,0.5,0.3,0.1,9.0645e-09,0.0429058,0.638114,2.10487e-07,2.94116e-09,1
nmos,sky130_fd_pr__nfet_01v8,tt,27.0,0.5,0.42,0.5,0.3,0.2,5.4134e-09,0.0428153,0.659944,1.296e-07,1.78138e-09,1
nmos,sky130_fd_pr__nfet_01v8,tt,27.0,0.5,0.42,0.5,0.3,0.3,3.26021e-09,0.0429108,0.680485,8.02502e-08,1.08666e-09,1
nmos,sky130_fd_pr__nfet_01v8,tt,27.0,0.5,0.42,0.5,0.5,0.0,1.61852e-08,0.0433792,0.613813,3.63428e-07,4.06288e-09,1
nmos,sky130_fd_pr__nfet_01v8,tt,27.0,0.5,0.42,0.5,0.5,0.1,9.59455e-09,0.0429408,0.637147,2.22585e-07,2.45693e-09,1
nmos,sky130_fd_pr__nfet_01v8,tt,27.0,0.5,0.42,0.5,0.5,0.2,5.73522e-09,0.0428375,0.658977,1.37186e-07,1.49498e-09,1
nmos,sky130_fd_pr__nfet_01v8,tt,27.0,0.5,0.42,0.5,0.5,0.3,3.45692e-09,0.0429248,0.679517,8.50264e-08,9.15523e-10,1
nmos,sky130_fd_pr__nfet_01v8,tt,27.0,0.5,0.42,0.5,0.8,0.0,1.73378e-08,0.0434631,0.612361,3.88643e-07,3.69912e-09,1
nmos,sky130_fd_pr__nfet_01v8,tt,27.0,0.5,0.42,0.5,0.8,0.1,1.02934e-08,0.0429947,0.635695,2.38433e-07,2.24857e-09,1
nmos,sky130_fd_pr__nfet_01v8,tt,27.0,0.5,0.42,0.5,0.8,0.2,6.16147e-09,0.0428718,0.657525,1.4718e-07,1.37426e-09,1
nmos,sky130_fd_pr__nfet_01v8,tt,27.0,0.5,0.42,0.5,0.8,0.3,3.71849e-09,0.0429464,0.678066,9.1349e-08,8.44831e-10,1
nmos,sky130_fd_pr__nfet_01v8,tt,27.0,0.5,0.42,0.5,1.2,0.0,1.87911e-08,0.0435786,0.610426,4.20222e-07,3.60546e-09,1
nmos,sky130_fd_pr__nfet_01v8,tt,27.0,0.5,0.42,0.5,1.2,0.1,1.11791e-08,0.0430691,0.63376,2.584e-07,2.20209e-09,1
nmos,sky130_fd_pr__nfet_01v8,tt,27.0,0.5,0.42,0.5,1.2,0.2,6.70393e-09,0.0429191,0.65559,1.59837e-07,1.35145e-09,1
nmos,sky130_fd_pr__nfet_01v8,tt,27.0,0.5,0.42,0.5,1.2,0.3,4.0526e-09,0.0429764,0.67613,9.93919e-08,8.33834e-10,1
nmos,sky130_fd_pr__nfet_01v8,tt,27.0,0.5,0.42,0.5,1.5,0.0,1.98759e-08,0.0436681,0.608974,4.43672e-07,3.63528e-09,1
nmos,sky130_fd_pr__nfet_01v8,tt,27.0,0.5,0.42,0.5,1.5,0.1,1.18426e-08,0.0431268,0.632308,2.73294e-07,2.22669e-09,1
nmos,sky130_fd_pr__nfet_01v8,tt,27.0,0.5,0.42,0.5,1.5,0.2,7.11168e-09,0.042956,0.654138,1.69315e-07,1.37e-09,1
nmos,sky130_fd_pr__nfet_01v8,tt,27.0,0.5,0.42,0.5,1.5,0.3,4.30446e-09,0.0429998,0.674678,1.05435e-07,8.47175e-10,1
nmos,sky130_fd_pr__nfet_01v8,tt,27.0,0.5,0.42,0.6,0.15,0.0,1.26483e-07,0.0577155,0.615506,2.62276e-06,7.5062e-08,1
nmos,sky130_fd_pr__nfet_01v8,tt,27.0,0.5,0.42,0.6,0.15,0.1,8.02876e-08,0.0531907,0.63884,1.72856e-06,4.6505e-08,1
nmos,sky130_fd_pr__nfet_01v8,tt,27.0,0.5,0.42,0.6,0.15,0.2,5.12349e-08,0.0500043,0.66067,1.13721e-06,2.92812e-08,1
nmos,sky130_fd_pr__nfet_01v8,tt,27.0,0.5,0.42,0.6,0.15,0.3,3.29118e-08,0.0478518,0.681211,7.50585e-07,1.86956e-08,1
nmos,sky130_fd_pr__nfet_01v8,tt,27.0,0.5,0.42,0.6,0.3,0.0,1.34339e-07,0.0579135,0.61478,2.78953e-06,4.1431e-08,1
nmos,sky130_fd_pr__nfet_01v8,tt,27.0,0.5,0.42,0.6,0.3,0.1,8.52712e-08,0.0533428,0.638114,1.83706e-06,2.66954e-08,1
nmos,sky130_fd_pr__nfet_01v8,tt,27.0,0.5,0.42,0.6,0.3,0.2,5.44255e-08,0.0501177,0.659944,1.20824e-06,1.72819e-08,1
nmos,sky130_fd_pr__nfet_01v8,tt,27.0,0.5,0.42,0.6,0.3,0.3,3.49731e-08,0.0479343,0.680485,7.97475e-07,1.12551e-08,1
nmos,sky130_fd_pr__nfet_01v8,tt,27.0,0.5,0.42,0.6,0.5,0.0,1.41623e-07,0.0581803,0.613813,2.93509e-06,3.30887e-08,1
nmos,sky130_fd_pr__nfet_01v8,tt,27.0,0.5,0.42,0.6,0.5,0.1,9.00015e-08,0.053548,0.637147,1.93562e-06,2.16248e-08,1
nmos,sky130_fd_pr__nfet_01v8,tt,27.0,0.5,0.42,0.6,0.5,0.2,5.75059e-08,0.050271,0.658977,1.27465e-06,1.41509e-08,1
nmos,sky130_fd_pr__nfet_01v8,tt,27.0,0.5,0.42,0.6,0.5,0.3,3.69883e-08,0.0480459,0.679517,8.42231e-07,9.29315e-09,1
nmos,sky130_fd_pr__nfet_01v8,tt,27.0,0.5,0.42,0.6,0.8,0.0,1.50863e-07,0.0585861,0.612361,3.1144e-06,2.92636e-08,1
nmos,sky130_fd_pr__nfet_01v8,tt,27.0,0.5,0.42,0.6,0.8,0.1,9.60752e-08,0.053861,0.635695,2.05941e-06,1.93295e-08,1
nmos,sky130_fd_pr__nfet_01v8,tt,27.0,0.5,0.42,0.6,0.8,0.2,6.14983e-08,0.0505052,0.657525,1.35928e-06,1.27551e-08,1
nmos,sky130_fd_pr__nfet_01v8,tt,27.0,0.5,0.42,0.6,0.8,0.3,3.96197e-08,0.0482169,0.678066,8.999e-07,8.43301e-09,1
nmos,sky130_fd_pr__nfet_01v8,tt,27.0,0.5,0.42,0.6,1.2,0.0,1.62217e-07,0.059138,0.610426,3.32985e-06,2.78513e-08,1
nmos,sky130_fd_pr__nfet_01v8,tt,27.0,0.5,0.42,0.6,1.2,0.1,1.03609e-07,0.0542881,0.63376,2.21035e-06,1.85569e-08,1
nmos,sky130_fd_pr__nfet_01v8,tt,27.0,0.5,0.42,0.6,1.2,0.2,6.64881e-08,0.0508259,0.65559,1.46364e-06,1.23313e-08,1
nmos,sky130_fd_pr__nfet_01v8,tt,27.0,0.5,0.42,0.6,1.2,0.3,4.29287e-08,0.0484517,0.67613,9.71638e-07,8.19995e-09,1
nmos,sky130_fd_pr__nfet_01v8,tt,27.0,0.5,0.42,0.6,1.5,0.0,1.70537e-07,0.05956,0.608974,3.48534e-06,2.76991e-08,1
nmos,sky130_fd_pr__nfet_01v8,tt,27.0,0.5,0.42,0.6,1.5,0.1,1.09167e-07,0.0546158,0.632308,2.32037e-06,1.85464e-08,1
nmos,sky130_fd_pr__nfet_01v8,tt,27.0,0.5,0.42,0.6,1.5,0.2,7.01892e-08,0.0510728,0.654138,1.5403e-06,1.23742e-08,1
nmos,sky130_fd_pr__nfet_01v8,tt,27.0,0.5,0.42,0.6,1.5,0.3,4.53942e-08,0.048633,0.674678,1.02467e-06,8.25626e-09,1
nmos,sky130_fd_pr__nfet_01v8,tt,27.0,0.5,0.42,0.7,0.15,0.0,8.02014e-07,0.101693,0.615506,1.24233e-05,7.439e-07,0
nmos,sky130_fd_pr__nfet_01v8,tt,27.0,0.5,0.42,0.7,0.15,0.1,5.73265e-07,0.0907752,0.63884,9.73679e-06,4.64016e-07,1
nmos,sky130_fd_pr__nfet_01v8,tt,27.0,0.5,0.42,0.7,0.15,0.2,4.04347e-07,0.0812694,0.66067,7.42238e-06,2.95097e-07,1
nmos,sky130_fd_pr__nfet_01v8,tt,27.0,0.5,0.42,0.7,0.15,0.3,2.82526e-07,0.0732166,0.681211,5.52779e-06,1.91133e-07,1
nmos,sky130_fd_pr__nfet_01v8,tt,27.0,0.5,0.42,0.7,0.3,0.0,8.61672e-07,0.102122,0.61478,1.35784e-05,2.62792e-07,1
nmos,sky130_fd_pr__nfet_01v8,tt,27.0,0.5,0.42,0.7,0.3,0.1,6.13388e-07,0.0911694,0.638114,1.05322e-05,1.86744e-07,1
nmos,sky130_fd_pr__nfet_01v8,tt,27.0,0.5,0.42,0.7,0.3,0.2,4.31509e-07,0.0816222,0.659944,7.97527e-06,1.31951e-07,1
nmos,sky130_fd_pr__nfet_01v8,tt,27.0,0.5,0.42,0.7,0.3,0.3,3.01014e-07,0.0735244,0.680485,5.91454e-06,9.28221e-08,1
nmos,sky130_fd_pr__nfet_01v8,tt,27.0,0.5,0.42,0.7,0.5,0.0,9.04767e-07,0.102697,0.613813,1.42353e-05,1.85343e-07,1
nmos,sky130_fd_pr__nfet_01v8,tt,27.0,0.5,0.42,0.7,0.5,0.1,6.44622e-07,0.0916975,0.637147,1.10447e-05,1.36431e-07,1
nmos,sky130_fd_pr__nfet_01v8,tt,27.0,0.5,0.42,0.7,0.5,0.2,4.53944e-07,0.0820954,0.658977,8.36942e-06,9.92826e-08,1
nmos,sky130_fd_pr__nfet_01v8,tt,27.0,0.5,0.42,0.7,0.5,0.3,3.17011e-07,0.0739378,0.679517,6.21316e-06,7.15548e-08,1
nmos,sky130_fd_pr__nfet_01v8,tt,27.0,0.5,0.42,0.7,0.8,0.0,9.54312e-07,0.103563,0.612361,1.49204e-05,1.51282e-07,1
nmos,sky130_fd_pr__nfet_01v8,tt,27.0,0.5,0.42,0.7,0.8,0.1,6.81536e-07,0.0924946,0.635695,1.16041e-05,1.13862e-07,1
nmos,sky130_fd_pr__nfet_01v8,tt,27.0,0.5,0.42,0.7,0.8,0.2,4.81089e-07,0.082811,0.657525,8.81653e-06,8.44649e-08,1
nmos,sky130_fd_pr__nfet_01v8,tt,27.0,0.5,0.42,0.7,0.8,0.3,3.36748e-07,0.0745641,0.678066,6.56307e-06,6.18742e-08,1
nmos,sky130_fd_pr__nfet_01v8,tt,27.0,0.5,0.42,0.7,1.2,0.0,1.01119e-06,0.104725,0.610426,1.56545e-05,1.35754e-07,1
nmos,sky130_fd_pr__nfet_01v8,tt,27.0,0.5,0.42,0.7,1.2,0.1,7.24709e-07,0.0935667,0.63376,1.2222e-05,1.03815e-07,1
nmos,sky130_fd_pr__nfet_01v8,tt,27.0,0.5,0.42,0.7,1.2,0.2,5.13357e-07,0.0837759,0.65559,9.32368e-06,7.81012e-08,1
nmos,sky130_fd_pr__nfet_01v8,tt,27.0,0.5,0.42,0.7,1.2,0.3,3.60541e-07,0.0754109,0.67613,6.96904e-06,5.7915e-08,1
nmos,sky130_fd_pr__nfet_01v8,tt,27.0,0.5,0.42,0.7,1.5,0.0,1.0511e-06,0.105602,0.608974,1.61474e-05,1.309e-07,1
nmos,sky130_fd_pr__nfet_01v8,tt,27.0,0.5,0.42,0.7,1.5,0.1,7.55361e-07,0.0943777,0.632308,1.26446e-05,1.00916e-07,1
nmos,sky130_fd_pr__nfet_01v8,tt,27.0,0.5,0.42,0.7,1.5,0.2,5.36504e-07,0.0845075,0.654138,9.67638e-06,7.64776e-08,1
nmos,sky130_fd_pr__nfet_01v8,tt,27.0,0.5,0.42,0.7,1.5,0.3,3.77763e-07,0.0760548,0.674678,7.25547e-06,5.70803e-08,1
nmos,sky130_fd_pr__nfet_01v8,tt,27.0,0.5,0.42,0.8,0.15,0.0,2.68073e-06,0.168284,0.615506,2.38814e-05,6.3453e-06,0
nmos,sky130_fd_pr__nfet_01v8,tt,27.0,0.5,0.42,0.8,0.15,0.1,2.20583e-06,0.155248,0.63884,2.22222e-05,4.45186e-06,0
nmos,sky130_fd_pr__nfet_01v8,tt,27.0,0.5,0.42,0.8,0.15,0.2,1.78977e-06,0.142671,0.66067,2.02627e-05,3.0357e-06,0
nmos,sky130_fd_pr__nfet_01v8,tt,27.0,0.5,0.42,0.8,0.15,0.3,1.43186e-06,0.130692,0.681211,1.80683e-05,2.03391e-06,0
nmos,sky130_fd_pr__nfet_01v8,tt,27.0,0.5,0.42,0.8,0.3,0.0,3.06241e-06,0.168792,0.61478,3.03534e-05,1.1133e-06,1
nmos,sky130_fd_pr__nfet_01v8,tt,27.0,0.5,0.42,0.8,0.3,0.1,2.47669e-06,0.155757,0.638114,2.71005e-05,8.55966e-07,1
nmos,sky130_fd_pr__nfet_01v8,tt,27.0,0.5,0.42,0.8,0.3,0.2,1.9813e-06,0.143175,0.659944,2.38538e-05,6.58109e-07,1
nmos,sky130_fd_pr__nfet_01v8,tt,27.0,0.5,0.42,0.8,0.3,0.3,1.56763e-06,0.131186,0.680485,2.06777e-05,5.05554e-07,1
nmos,sky130_fd_pr__nfet_01v8,tt,27.0,0.5,0.42,0.8,0.5,0.0,3.22114e-06,0.169469,0.613813,3.21413e-05,6.13355e-07,1
nmos,sky130_fd_pr__nfet_01v8,tt,27.0,0.5,0.42,0.8,0.5,0.1,2.60275e-06,0.156435,0.637147,2.86003e-05,4.99344e-07,1
nmos,sky130_fd_pr__nfet_01v8,tt,27.0,0.5,0.42,0.8,0.5,0.2,2.08109e-06,0.143848,0.658977,2.51113e-05,4.04217e-07,1
nmos,sky130_fd_pr__nfet_01v8,tt,27.0,0.5,0.42,0.8,0.5,0.3,1.64631e-06,0.131845,0.679517,2.17302e-05,3.25143e-07,1
nmos,sky130_fd_pr__nfet_01v8,tt,27.0,0.5,0.42,0.8,0.8,0.0,3.37368e-06,0.170484,0.612361,3.35345e-05,4.3863e-07,1
nmos,sky130_fd_pr__nfet_01v8,tt,27.0,0.5,0.42,0.8,0.8,0.1,2.7289e-06,0.157453,0.635695,2.98455e-05,3.67563e-07,1
nmos,sky130_fd_pr__nfet_01v8,tt,27.0,0.5,0.42,0.8,0.8,0.2,2.18473e-06,0.144858,0.657525,2.62186e-05,3.05723e-07,1
nmos,sky130_fd_pr__nfet_01v8,tt,27.0,0.5,0.42,0.8,0.8,0.3,1.73083e-06,0.132837,0.678066,2.27086e-05,2.52202e-07,1
nmos,sky130_fd_pr__nfet_01v8,tt,27.0,0.5,0.42,0.8,1.2,0.0,3.53105e-06,0.171838,0.610426,3.47891e-05,3.60833e-07,1
nmos,sky130_fd_pr__nfet_01v8,tt,27.0,0.5,0.42,0.8,1.2,0.1,2.8621e-06,0.158812,0.63376,3.10074e-05,3.08072e-07,1
nmos,sky130_fd_pr__nfet_01v8,tt,27.0,0.5,0.42,0.8,1.2,0.2,2.29658e-06,0.146208,0.65559,2.72881e-05,2.60838e-07,1
nmos,sky130_fd_pr__nfet_01v8,tt,27.0,0.5,0.42,0.8,1.2,0.3,1.82393e-06,0.134163,0.67613,2.36852e-05,2.18817e-07,1
nmos,sky130_fd_pr__nfet_01v8,tt,27.0,0.5,0.42,0.8,1.5,0.0,3.63486e-06,0.172854,0.608974,3.55496e-05,3.33729e-07,1
nmos,sky130_fd_pr__nfet_01v8,tt,27.0,0.5,0.42,0.8,1.5,0.1,2.95114e-06,0.159831,0.632308,3.17265e-05,2.87454e-07,1
nmos,sky130_fd_pr__nfet_01v8,tt,27.0,0.5,0.42,0.8,1.5,0.2,2.37231e-06,0.147221,0.654138,2.79635e-05,2.45449e-07,1
nmos,sky130_fd_pr__nfet_01v8,tt,27.0,0.5,0.42,0.8,1.5,0.3,1.88773e-06,0.13516,0.674678,2.4314e-05,2.07574e-07,1
nmos,sky130_fd_pr__nfet_01v8,tt,27.0,0.5,0.42,0.9,0.15,0.0,5.26748e-06,0.236946,0.615506,2.68668e-05,2.04413e-05,0
nmos,sky130_fd_pr__nfet_01v8,tt,27.0,0.5,0.42,0.9,0.15,0.1,4.70549e-06,0.225065,0.63884,2.65027e-05,1.73016e-05,0
nmos,sky130_fd_pr__nfet_01v8,tt,27.0,0.5,0.42,0.9,0.15,0.2,4.18174e-06,0.213211,0.66067,2.60493e-05,1.4425e-05,0
nmos,sky130_fd_pr__nfet_01v8,tt,27.0,0.5,0.42,0.9,0.15,0.3,3.69399e-06,0.201471,0.681211,2.54796e-05,1.18175e-05,0
nmos,sky130_fd_pr__nfet_01v8,tt,27.0,0.5,0.42,0.9,0.3,0.0,6.77313e-06,0.237427,0.61478,4.27744e-05,3.7999e-06,1
nmos,sky130_fd_pr__nfet_01v8,tt,27.0,0.5,0.42,0.9,0.3,0.1,5.92036e-06,0.225558,0.638114,4.07382e-05,3.03081e-06,1
nmos,sky130_fd_pr__nfet_01v8,tt,27.0,0.5,0.42,0.9,0.3,0.2,5.14894e-06,0.213714,0.659944,3.85612e-05,2.42245e-06,1
nmos,sky130_fd_pr__nfet_01v8,tt,27.0,0.5,0.42,0.9,0.3,0.3,4.45405e-06,0.201983,0.680485,3.62647e-05,1.9419e-06,1
nmos,sky130_fd_pr__nfet_01v8,tt,27.0,0.5,0.42,0.9,0.5,0.0,7.21617e-06,0.238068,0.613813,4.70006e-05,1.46044e-06,1
nmos,sky130_fd_pr__nfet_01v8,tt,27.0,0.5,0.42,0.9,0.5,0.1,6.28772e-06,0.226214,0.637147,4.43486e-05,1.25175e-06,1
nmos,sky130_fd_pr__nfet_01v8,tt,27.0,0.5,0.42,0.9,0.5,0.2,5.45395e-06,0.214385,0.658977,4.16515e-05,1.07184e-06,1
nmos,sky130_fd_pr__nfet_01v8,tt,27.0,0.5,0.42,0.9,0.5,0.3,4.70757e-06,0.202665,0.679517,3.89173e-05,9.16736e-07,1
nmos,sky130_fd_pr__nfet_01v8,tt,27.0,0.5,0.42,0.9,0.8,0.0,7.55019e-06,0.239028,0.612361,4.9282e-05,8.96127e-07,1
nmos,sky130_fd_pr__nfet_01v8,tt,27.0,0.5,0.42,0.9,0.8,0.1,6.57873e-06,0.227198,0.635695,4.64406e-05,7.91455e-07,1
nmos,sky130_fd_pr__nfet_01v8,tt,27.0,0.5,0.42,0.9,0.8,0.2,5.70709e-06,0.215389,0.657525,4.35694e-05,6.97626e-07,1
nmos,sky130_fd_pr__nfet_01v8,tt,27.0,0.5,0.42,0.9,0.8,0.3,4.92739e-06,0.203686,0.678066,4.06751e-05,6.13535e-07,1
nmos,sky130_fd_pr__nfet_01v8,tt,27.0,0.5,0.42,0.9,1.2,0.0,7.85649e-06,0.240306,0.610426,5.10128e-05,6.73557e-07,1
nmos,sky130_fd_pr__nfet_01v8,tt,27.0,0.5,0.42,0.9,1.2,0.1,6.85179e-06,0.228509,0.63376,4.80788e-05,6.05384e-07,1
nmos,sky130_fd_pr__nfet_01v8,tt,27.0,0.5,0.42,0.9,1.2,0.2,5.94999e-06,0.216727,0.65559,4.51189e-05,5.42847e-07,1
nmos,sky130_fd_pr__nfet_01v8,tt,27.0,0.5,0.42,0.9,1.2,0.3,5.14294e-06,0.205048,0.67613,4.21397e-05,4.85476e-07,1
nmos,sky130_fd_pr__nfet_01v8,tt,27.0,0.5,0.42,0.9,1.5,0.0,8.0462e-06,0.241264,0.608974,5.19701e-05,5.97997e-07,1
nmos,sky130_fd_pr__nfet_01v8,tt,27.0,0.5,0.42,0.9,1.5,0.1,7.023e-06,0.22949,0.632308,4.89999e-05,5.41778e-07,1
nmos,sky130_fd_pr__nfet_01v8,tt,27.0,0.5,0.42,0.9,1.5,0.2,6.10415e-06,0.21773,0.654138,4.60048e-05,4.89632e-07,1
nmos,sky130_fd_pr__nfet_01v8,tt,27.0,0.5,0.42,0.9,1.5,0.3,5.28135e-06,0.206068,0.674678,4.29913e-05,4.41257e-07,1
nmos,sky130_fd_pr__nfet_01v8,tt,27.0,0.5,0.42,1.0,0.15,0.0,7.96246e-06,0.300463,0.615506,2.68654e-05,3.70932e-05,0
nmos,sky130_fd_pr__nfet_01v8,tt,27.0,0.5,0.42,1.0,0.15,0.1,7.38065e-06,0.290314,0.63884,2.67596e-05,3.36688e-05,0
nmos,sky130_fd_pr__nfet_01v8,tt,27.0,0.5,0.42,1.0,0.15,0.2,6.83331e-06,0.280053,0.66067,2.6645e-05,3.04426e-05,0
nmos,sky130_fd_pr__nfet_01v8,tt,27.0,0.5,0.42,1.0,0.15,0.3,6.31676e-06,0.26976,0.681211,2.65151e-05,2.74009e-05,0
nmos,sky130_fd_pr__nfet_01v8,tt,27.0,0.5,0.42,1.0,0.3,0.0,1.14007e-05,0.300903,0.61478,4.87823e-05,1.10354e-05,0
nmos,sky130_fd_pr__nfet_01v8,tt,27.0,0.5,0.42,1.0,0.3,0.1,1.04052e-05,0.290766,0.638114,4.78985e-05,9.24967e-06,0
nmos,sky130_fd_pr__nfet_01v8,tt,27.0,0.5,0.42,1.0,0.3,0.2,9.47643e-06,0.280516,0.659944,4.68892e-05,7.70837e-06,0
nmos,sky130_fd_pr__nfet_01v8,tt,27.0,0.5,0.42,1.0,0.3,0.3,8.61071e-06,0.270233,0.680485,4.57493e-05,6.39943e-06,0
nmos,sky130_fd_pr__nfet_01v8,tt,27.0,0.5,0.42,1.0,0.5,0.0,1.24957e-05,0.301488,0.613813,5.80995e-05,2.97215e-06,1
nmos,sky130_fd_pr__nfet_01v8,tt,27.0,0.5,0.42,1.0,0.5,0.1,1.1338e-05,0.291368,0.637147,5.61212e-05,2.61652e-06,1
nmos,sky130_fd_pr__nfet_01v8,tt,27.0,0.5,0.42,1.0,0.5,0.2,1.02709e-05,0.281133,0.658977,5.41049e-05,2.30451e-06,1
nmos,sky130_fd_pr__nfet_01v8,tt,27.0,0.5,0.42,1.0,0.5,0.3,9.28789e-06,0.270865,0.679517,5.20587e-05,2.03101e-06,1
nmos,sky130_fd_pr__nfet_01v8,tt,27.0,0.5,0.42,1.0,0.8,0.0,1.31169e-05,0.302366,0.612361,6.16439e-05,1.54871e-06,1
nmos,sky130_fd_pr__nfet_01v8,tt,27.0,0.5,0.42,1.0,0.8,0.1,1.18941e-05,0.292269,0.635695,5.94063e-05,1.40539e-06,1
nmos,sky130_fd_pr__nfet_01v8,tt,27.0,0.5,0.42,1.0,0.8,0.2,1.07687e-05,0.282057,0.657525,5.71497e-05,1.27494e-06,1
nmos,sky130_fd_pr__nfet_01v8,tt,27.0,0.5,0.42,1.0,0.8,0.3,9.73348e-06,0.27181,0.678066,5.48821e-05,1.15626e-06,1
nmos,sky130_fd_pr__nfet_01v8,tt,27.0,0.5,0.42,1.0,1.2,0.0,1.36231e-05,0.303535,0.610426,6.39273e-05,1.07082e-06,1
nmos,sky130_fd_pr__nfet_01v8,tt,27.0,0.5,0.42,1.0,1.2,0.1,1.23572e-05,0.29347,0.63376,6.15863e-05,9.86973e-07,1
nmos,sky130_fd_pr__nfet_01v8,tt,27.0,0.5,0.42,1.0,1.2,0.2,1.11923e-05,0.283288,0.65559,5.923e-05,9.0923e-07,1
nmos,sky130_fd_pr__nfet_01v8,tt,27.0,0.5,0.42,1.0,1.2,0.3,1.01208e-05,0.27307,0.67613,5.68669e-05,8.37175e-07,1
nmos,sky130_fd_pr__nfet_01v8,tt,27.0,0.5,0.42,1.0,1.5,0.0,1.39191e-05,0.30441,0.608974,6.51007e-05,9.171e-07,1
nmos,sky130_fd_pr__nfet_01v8,tt,27.0,0.5,0.42,1.0,1.5,0.1,1.2631e-05,0.294369,0.632308,6.27215e-05,8.51106e-07,1
nmos,sky130_fd_pr__nfet_01v8,tt,27.0,0.5,0.42,1.0,1.5,0.2,1.14454e-05,0.28421,0.654138,6.03278e-05,7.89394e-07,1
nmos,sky130_fd_pr__nfet_01v8,tt,27.0,0.5,0.42,1.0,1.5,0.3,1.03547e-05,0.274013,0.674678,5.79283e-05,7.31711e-07,1
nmos,sky130_fd_pr__nfet_01v8,tt,27.0,0.5,0.42,1.2,0.15,0.0,1.32341e-05,0.413242,0.615506,2.57576e-05,7.08677e-05,0
nmos,sky130_fd_pr__nfet_01v8,tt,27.0,0.5,0.42,1.2,0.15,0.1,1.26382e-05,0.406129,0.63884,2.56974e-05,6.72892e-05,0
nmos,sky130_fd_pr__nfet_01v8,tt,27.0,0.5,0.42,1.2,0.15,0.2,1.20773e-05,0.398742,0.66067,2.56431e-05,6.39014e-05,0
nmos,sky130_fd_pr__nfet_01v8,tt,27.0,0.5,0.42,1.2,0.15,0.3,1.1547e-05,0.391184,0.681211,2.55934e-05,6.06857e-05,0
nmos,sky130_fd_pr__nfet_01v8,tt,27.0,0.5,0.42,1.2,0.3,0.0,2.13932e-05,0.413616,0.61478,4.9912e-05,3.84588e-05,0
nmos,sky130_fd_pr__nfet_01v8,tt,27.0,0.5,0.42,1.2,0.3,0.1,2.03193e-05,0.406513,0.638114,4.97346e-05,3.56817e-05,0
nmos,sky130_fd_pr__nfet_01v8,tt,27.0,0.5,0.42,1.2,0.3,0.2,1.93032e-05,0.399134,0.659944,4.9558e-05,3.30274e-05,0
nmos,sky130_fd_pr__nfet_01v8,tt,27.0,0.5,0.42,1.2,0.3,0.3,1.83395e-05,0.391585,0.680485,4.93783e-05,3.04965e-05,0
nmos,sky130_fd_pr__nfet_01v8,tt,27.0,0.5,0.42,1.2,0.5,0.0,2.57377e-05,0.414114,0.613813,7.26312e-05,1.02185e-05,1
nmos,sky130_fd_pr__nfet_01v8,tt,27.0,0.5,0.42,1.2,0.5,0.1,2.42826e-05,0.407023,0.637147,7.16007e-05,9.26305e-06,1
nmos,sky130_fd_pr__nfet_01v8,tt,27.0,0.5,0.42,1.2,0.5,0.2,2.29089e-05,0.399657,0.658977,7.05184e-05,8.39163e-06,1
nmos,sky130_fd_pr__nfet_01v8,tt,27.0,0.5,0.42,1.2,0.5,0.3,2.16122e-05,0.39212,0.679517,6.93922e-05,7.60311e-06,1
nmos,sky130_fd_pr__nfet_01v8,tt,27.0,0.5,0.42,1.2,0.8,0.0,2.74812e-05,0.414861,0.612361,8.09808e-05,3.65741e-06,1
nmos,sky130_fd_pr__nfet_01v8,tt,27.0,0.5,0.42,1.2,0.8,0.1,2.58868e-05,0.407789,0.635695,7.94456e-05,3.4142e-06,1
nmos,sky130_fd_pr__nfet_01v8,tt,27.0,0.5,0.42,1.2,0.8,0.2,2.43848e-05,0.400441,0.657525,7.78762e-05,3.18702e-06,1
nmos,sky130_fd_pr__nfet_01v8,tt,27.0,0.5,0.42,1.2,0.8,0.3,2.29706e-05,0.392921,0.678066,7.62877e-05,2.97564e-06,1
nmos,sky130_fd_pr__nfet_01v8,tt,27.0,0.5,0.42,1.2,1.2,0.0,2.85799e-05,0.415855,0.610426,8.47056e-05,2.16281e-06,1
nmos,sky130_fd_pr__nfet_01v8,tt,27.0,0.5,0.42,1.2,1.2,0.1,2.69195e-05,0.408808,0.63376,8.30441e-05,2.04525e-06,1
nmos,sky130_fd_pr__nfet_01v8,tt,27.0,0.5,0.42,1.2,1.2,0.2,2.53555e-05,0.401484,0.65559,8.13489e-05,1.93405e-06,1
nmos,sky130_fd_pr__nfet_01v8,tt,27.0,0.5,0.42,1.2,1.2,0.3,2.38831e-05,0.393987,0.67613,7.96371e-05,1.82918e-06,1
nmos,sky130_fd_pr__nfet_01v8,tt,27.0,0.5,0.42,1.2,1.5,0.0,2.91592e-05,0.4166,0.608974,8.63765e-05,1.74288e-06,1
nmos,sky130_fd_pr__nfet_01v8,tt,27.0,0.5,0.42,1.2,1.5,0.1,2.74688e-05,0.409572,0.632308,8.46756e-05,1.65671e-06,1
nmos,sky130_fd_pr__nfet_01v8,tt,27.0,0.5,0.42,1.2,1.5,0.2,2.58763e-05,0.402266,0.654138,8.29405e-05,1.57477e-06,1
nmos,sky130_fd_pr__nfet_01v8,tt,27.0,0.5,0.42,1.2,1.5,0.3,2.4377e-05,0.394786,0.674678,8.11889e-05,1.49705e-06,1
nmos,sky130_fd_pr__nfet_01v8,tt,27.0,0.5,1.0,0.5,0.15,0.0,2.66832e-08,0.0419799,0.64097,6.19342e-07,1.46183e-08,1
nmos,sky130_fd_pr__nfet_01v8,tt,27.0,0.5,1.0,0.5,0.15,0.1,1.52305e-08,0.0419048,0.665061,3.66279e-07,8.42556e-09,1
nmos,sky130_fd_pr__nfet_01v8,tt,27.0,0.5,1.0,0.5,0.15,0.2,8.76032e-09,0.0420853,0.68768,2.17592e-07,4.89678e-09,1
nmos,sky130_fd_pr__nfet_01v8,tt,27.0,0.5,1.0,0.5,0.15,0.3,5.07917e-09,0.0423981,0.709037,1.2981e-07,2.86851e-09,1
nmos,sky130_fd_pr__nfet_01v8,tt,27.0,0.5,1.0,0.5,0.3,0.0,2.82789e-08,0.0420066,0.64033,6.56057e-07,8.63092e-09,1
nmos,sky130_fd_pr__nfet_01v8,tt,27.0,0.5,1.0,0.5,0.3,0.1,1.6154e-08,0.0419211,0.664421,3.88283e-07,5.01358e-09,1
nmos,sky130_fd_pr__nfet_01v8,tt,27.0,0.5,1.0,0.5,0.3,0.2,9.29846e-09,0.0420952,0.68704,2.30841e-07,2.92943e-09,1
nmos,sky130_fd_pr__nfet_01v8,tt,27.0,0.5,1.0,0.5,0.3,0.3,5.39497e-09,0.0424041,0.708397,1.37817e-07,1.72254e-09,1
nmos,sky130_fd_pr__nfet_01v8,tt,27.0,0.5,1.0,0.5,0.5,0.0,2.98215e-08,0.0420427,0.639477,6.91077e-07,7.11797e-09,1
nmos,sky130_fd_pr__nfet_01v8,tt,27.0,0.5,1.0,0.5,0.5,0.1,1.70527e-08,0.0419432,0.663568,4.09485e-07,4.15708e-09,1
nmos,sky130_fd_pr__nfet_01v8,tt,27.0,0.5,1.0,0.5,0.5,0.2,9.82473e-09,0.0421085,0.686187,2.43701e-07,2.43948e-09,1
nmos,sky130_fd_pr__nfet_01v8,tt,27.0,0.5,1.0,0.5,0.5,0.3,5.70499e-09,0.0424122,0.707543,1.45631e-07,1.43952e-09,1
nmos,sky130_fd_pr__nfet_01v8,tt,27.0,0.5,1.0,0.5,0.8,0.0,3.1844e-08,0.042098,0.638197,7.36616e-07,6.50528e-09,1
nmos,sky130_fd_pr__nfet_01v8,tt,27.0,0.5,1.0,0.5,0.8,0.1,1.82369e-08,0.0419771,0.662288,4.37248e-07,3.81818e-09,1
nmos,sky130_fd_pr__nfet_01v8,tt,27.0,0.5,1.0,0.5,0.8,0.2,1.05212e-08,0.0421291,0.684907,2.60633e-07,2.24991e-09,1
nmos,sky130_fd_pr__nfet_01v8,tt,27.0,0.5,1.0,0.5,0.8,0.3,6.11675e-09,0.0424247,0.706263,1.55967e-07,1.33233e-09,1
nmos,sky130_fd_pr__nfet_01v8,tt,27.0,0.5,1.0,0.5,1.2,0.0,3.44064e-08,0.0421741,0.63649,7.9392e-07,6.37031e-09,1
nmos,sky130_fd_pr__nfet_01v8,tt,27.0,0.5,1.0,0.5,1.2,0.1,1.97445e-08,0.0420238,0.660582,4.72393e-07,3.75602e-09,1
nmos,sky130_fd_pr__nfet_01v8,tt,27.0,0.5,1.0,0.5,1.2,0.2,1.14114e-08,0.0421575,0.6832,2.82176e-07,2.22188e-09,1
nmos,sky130_fd_pr__nfet_01v8,tt,27.0,0.5,1.0,0.5,1.2,0.3,6.64479e-09,0.0424419,0.704556,1.69172e-07,1.32014e-09,1
nmos,sky130_fd_pr__nfet_01v8,tt,27.0,0.5,1.0,0.5,1.5,0.0,3.6325e-08,0.0422329,0.635211,8.36611e-07,6.43479e-09,1
nmos,sky130_fd_pr__nfet_01v8,tt,27.0,0.5,1.0,0.5,1.5,0.1,2.08773e-08,0.04206,0.659302,4.98693e-07,3.80453e-09,1
nmos,sky130_fd_pr__nfet_01v8,tt,27.0,0.5,1.0,0.5,1.5,0.2,1.20823e-08,0.0421796,0.68192,2.98358e-07,2.25595e-09,1
nmos,sky130_fd_pr__nfet_01v8,tt,27.0,0.5,1.0,0.5,1.5,0.3,7.04386e-09,0.0424553,0.703276,1.79124e-07,1.34316e-09,1
nmos,sky130_fd_pr__nfet_01v8,tt,27.0,0.5,1.0,0.6,0.15,0.0,2.45727e-07,0.0534683,0.64097,5.17629e-06,1.42676e-07,1
nmos,sky130_fd_pr__nfet_01v8,tt,27.0,0.5,1.0,0.6,0.15,0.1,1.51709e-07,0.0497752,0.665061,3.31822e-06,8.65204e-08,1
nmos,sky130_fd_pr__nfet_01v8,tt,27.0,0.5,1.0,0.6,0.15,0.2,9.4197e-08,0.0473523,0.68768,2.1288e-06,5.33106e-08,1
nmos,sky130_fd_pr__nfet_01v8,tt,27.0,0.5,1.0,0.6,0.15,0.3,5.88245e-08,0.0458614,0.709037,1.37109e-06,3.32589e-08,1
nmos,sky130_fd_pr__nfet_01v8,tt,27.0,0.5,1.0,0.6,0.3,0.0,2.60367e-07,0.0536123,0.64033,5.48929e-06,7.5795e-08,1
nmos,sky130_fd_pr__nfet_01v8,tt,27.0,0.5,1.0,0.6,0.3,0.1,1.60779e-07,0.0498816,0.664421,3.51729e-06,4.7684e-08,1
nmos,sky130_fd_pr__nfet_01v8,tt,27.0,0.5,1.0,0.6,0.3,0.2,9.98681e-08,0.0474284,0.68704,2.25652e-06,3.01402e-08,1
nmos,sky130_fd_pr__nfet_01v8,tt,27.0,0.5,1.0,0.6,0.3,0.3,6.23986e-08,0.0459144,0.708397,1.45375e-06,1.9141e-08,1
nmos,sky130_fd_pr__nfet_01v8,tt,27.0,0.5,1.0,0.6,0.5,0.0,2.73608e-07,0.0538061,0.639477,5.75597e-06,5.99833e-08,1
nmos,sky130_fd_pr__nfet_01v8,tt,27.0,0.5,1.0,0.6,0.5,0.1,1.69177e-07,0.050025,0.663568,3.69386e-06,3.82957e-08,1
nmos,sky130_fd_pr__nfet_01v8,tt,27.0,0.5,1.0,0.6,0.5,0.2,1.05208e-07,0.0475311,0.686187,2.37308e-06,2.44731e-08,1
nmos,sky130_fd_pr__nfet_01v8,tt,27.0,0.5,1.0,0.6,0.5,0.3,6.58055e-08,0.045986,0.707543,1.53073e-06,1.56726e-08,1
nmos,sky130_fd_pr__nfet_01v8,tt,27.0,0.5,1.0,0.6,0.8,0.0,2.90381e-07,0.0541009,0.638197,6.08397e-06,5.32289e-08,1
nmos,sky130_fd_pr__nfet_01v8,tt,27.0,0.5,1.0,0.6,0.8,0.1,1.79947e-07,0.0502435,0.662288,3.91538e-06,3.43469e-08,1
nmos,sky130_fd_pr__nfet_01v8,tt,27.0,0.5,1.0,0.6,0.8,0.2,1.12122e-07,0.047688,0.684907,2.52147e-06,2.21325e-08,1
nmos,sky130_fd_pr__nfet_01v8,tt,27.0,0.5,1.0,0.6,0.8,0.3,7.02489e-08,0.0460957,0.706263,1.62984e-06,1.42681e-08,1
nmos,sky130_fd_pr__nfet_01v8,tt,27.0,0.5,1.0,0.6,1.2,0.0,3.11087e-07,0.0545012,0.63649,6.48032e-06,5.09137e-08,1
nmos,sky130_fd_pr__nfet_01v8,tt,27.0,0.5,1.0,0.6,1.2,0.1,1.93368e-07,0.0505413,0.660582,4.18691e-06,3.31302e-08,1
nmos,sky130_fd_pr__nfet_01v8,tt,27.0,0.5,1.0,0.6,1.2,0.2,1.20802e-07,0.0479024,0.6832,2.70538e-06,2.14938e-08,1
nmos,sky130_fd_pr__nfet_01v8,tt,27.0,0.5,1.0,0.6,1.2,0.3,7.5861e-08,0.046246,0.704556,1.75371e-06,1.39344e-08,1
nmos,sky130_fd_pr__nfet_01v8,tt,27.0,0.5,1.0,0.6,1.5,0.0,3.26316e-07,0.0548071,0.635211,6.76766e-06,5.07447e-08,1
nmos,sky130_fd_pr__nfet_01v8,tt,27.0,0.5,1.0,0.6,1.5,0.1,2.03302e-07,0.0507696,0.659302,4.38563e-06,3.31756e-08,1
nmos,sky130_fd_pr__nfet_01v8,tt,27.0,0.5,1.0,0.6,1.5,0.2,1.27259e-07,0.0480673,0.68192,2.84096e-06,2.1607e-08,1
nmos,sky130_fd_pr__nfet_01v8,tt,27.0,0.5,1.0,0.6,1.5,0.3,8.00545e-08,0.0463619,0.703276,1.84557e-06,1.40539e-08,1
nmos,sky130_fd_pr__nfet_01v8,tt,27.0,0.5,1.0,0.7,0.15,0.0,1.62839e-06,0.0912948,0.64097,2.62019e-05,1.37752e-06,1
nmos,sky130_fd_pr__nfet_01v8,tt,27.0,0.5,1.0,0.7,0.15,0.1,1.12893e-06,0.0811851,0.665061,1.98535e-05,8.47381e-07,1
nmos,sky130_fd_pr__nfet_01v8,tt,27.0,0.5,1.0,0.7,0.15,0.2,7.72876e-07,0.0726523,0.68768,1.46224e-05,5.31296e-07,1
nmos,sky130_fd_pr__nfet_01v8,tt,27.0,0.5,1.0,0.7,0.15,0.3,5.24843e-07,0.0656759,0.709037,1.05292e-05,3.39053e-07,1
nmos,sky130_fd_pr__nfet_01v8,tt,27.0,0.5,1.0,0.7,0.3,0.0,1.7411e-06,0.0916306,0.64033,2.83914e-05,4.93687e-07,1
nmos,sky130_fd_pr__nfet_01v8,tt,27.0,0.5,1.0,0.7,0.3,0.1,1.20301e-06,0.0814865,0.664421,2.13324e-05,3.4184e-07,1
nmos,sky130_fd_pr__nfet_01v8,tt,27.0,0.5,1.0,0.7,0.3,0.2,8.21906e-07,0.072915,0.68704,1.56287e-05,2.35562e-07,1
nmos,sky130_fd_pr__nfet_01v8,tt,27.0,0.5,1.0,0.7,0.3,0.3,5.5749e-07,0.0658981,0.708397,1.12174e-05,1.61781e-07,1
nmos,sky130_fd_pr__nfet_01v8,tt,27.0,0.5,1.0,0.7,0.5,0.0,1.82141e-06,0.0920798,0.639477,2.96454e-05,3.43967e-07,1
nmos,sky130_fd_pr__nfet_01v8,tt,27.0,0.5,1.0,0.7,0.5,0.1,1.25981e-06,0.0818902,0.663568,2.22863e-05,2.47364e-07,1
nmos,sky130_fd_pr__nfet_01v8,tt,27.0,0.5,1.0,0.7,0.5,0.2,8.61726e-07,0.0732673,0.686187,1.63432e-05,1.75829e-07,1
nmos,sky130_fd_pr__nfet_01v8,tt,27.0,0.5,1.0,0.7,0.5,0.3,5.85221e-07,0.0661965,0.707543,1.17445e-05,1.2381e-07,1
nmos,sky130_fd_pr__nfet_01v8,tt,27.0,0.5,1.0,0.7,0.8,0.0,1.9135e-06,0.092757,0.638197,3.09505e-05,2.82063e-07,1
nmos,sky130_fd_pr__nfet_01v8,tt,27.0,0.5,1.0,0.7,0.8,0.1,1.32689e-06,0.0824997,0.662288,2.33286e-05,2.07599e-07,1
nmos,sky130_fd_pr__nfet_01v8,tt,27.0,0.5,1.0,0.7,0.8,0.2,9.09918e-07,0.0738,0.684907,1.71561e-05,1.50471e-07,1
nmos,sky130_fd_pr__nfet_01v8,tt,27.0,0.5,1.0,0.7,0.8,0.3,6.19457e-07,0.0666486,0.706263,1.23642e-05,1.0768e-07,1
nmos,sky130_fd_pr__nfet_01v8,tt,27.0,0.5,1.0,0.7,1.2,0.0,2.02002e-06,0.0936658,0.63649,3.2365e-05,2.55315e-07,1
nmos,sky130_fd_pr__nfet_01v8,tt,27.0,0.5,1.0,0.7,1.2,0.1,1.40595e-06,0.0833196,0.660582,2.4494e-05,1.90907e-07,1
nmos,sky130_fd_pr__nfet_01v8,tt,27.0,0.5,1.0,0.7,1.2,0.2,9.67649e-07,0.0745185,0.6832,1.80893e-05,1.40277e-07,1
nmos,sky130_fd_pr__nfet_01v8,tt,27.0,0.5,1.0,0.7,1.2,0.3,6.6103e-07,0.06726,0.704556,1.30915e-05,1.0156e-07,1
nmos,sky130_fd_pr__nfet_01v8,tt,27.0,0.5,1.0,0.7,1.5,0.0,2.09527e-06,0.0943518,0.635211,3.33252e-05,2.47368e-07,1
nmos,sky130_fd_pr__nfet_01v8,tt,27.0,0.5,1.0,0.7,1.5,0.1,1.46245e-06,0.0839398,0.659302,2.52997e-05,1.86423e-07,1
nmos,sky130_fd_pr__nfet_01v8,tt,27.0,0.5,1.0,0.7,1.5,0.2,1.00932e-06,0.0750634,0.68192,1.87449e-05,1.37939e-07,1
nmos,sky130_fd_pr__nfet_01v8,tt,27.0,0.5,1.0,0.7,1.5,0.3,6.91292e-07,0.0677249,0.703276,1.36094e-05,1.00477e-07,1
nmos,sky130_fd_pr__nfet_01v8,tt,27.0,0.5,1.0,0.8,0.15,0.0,5.83484e-06,0.151712,0.64097,5.6147e-05,1.18871e-05,0
nmos,sky130_fd_pr__nfet_01v8,tt,27.0,0.5,1.0,0.8,0.15,0.1,4.68415e-06,0.138876,0.665061,5.1055e-05,7.98016e-06,0
nmos,sky130_fd_pr__nfet_01v8,tt,27.0,0.5,1.0,0.8,0.15,0.2,3.70023e-06,0.126674,0.68768,4.52879e-05,5.256e-06,0
nmos,sky130_fd_pr__nfet_01v8,tt,27.0,0.5,1.0,0.8,0.15,0.3,2.87698e-06,0.115227,0.709037,3.91491e-05,3.43883e-06,0
nmos,sky130_fd_pr__nfet_01v8,tt,27.0,0.5,1.0,0.8,0.3,0.0,6.55794e-06,0.152126,0.64033,6.86699e-05,2.18232e-06,1
nmos,sky130_fd_pr__nfet_01v8,tt,27.0,0.5,1.0,0.8,0.3,0.1,5.18532e-06,0.139287,0.664421,6.01638e-05,1.64247e-06,1
nmos,sky130_fd_pr__nfet_01v8,tt,27.0,0.5,1.0,0.8,0.3,0.2,4.04792e-06,0.127078,0.68704,5.18141e-05,1.23557e-06,1
nmos,sky130_fd_pr__nfet_01v8,tt,27.0,0.5,1.0,0.8,0.3,0.3,3.11937e-06,0.115618,0.708397,4.3803e-05,9.27916e-07,1
nmos,sky130_fd_pr__nfet_01v8,tt,27.0,0.5,1.0,0.8,0.5,0.0,6.86638e-06,0.152678,0.639477,7.22738e-05,1.18217e-06,1
nmos,sky130_fd_pr__nfet_01v8,tt,27.0,0.5,1.0,0.8,0.5,0.1,5.42549e-06,0.139836,0.663568,6.31367e-05,9.46017e-07,1
nmos,sky130_fd_pr__nfet_01v8,tt,27.0,0.5,1.0,0.8,0.5,0.2,4.23421e-06,0.127617,0.686187,5.42639e-05,7.51979e-07,1
nmos,sky130_fd_pr__nfet_01v8,tt,27.0,0.5,1.0,0.8,0.5,0.3,3.26315e-06,0.116139,0.707543,4.58152e-05,5.93122e-07,1
nmos,sky130_fd_pr__nfet_01v8,tt,27.0,0.5,1.0,0.8,0.8,0.0,7.16023e-06,0.153507,0.638197,7.50559e-05,8.47007e-07,1
nmos,sky130_fd_pr__nfet_01v8,tt,27.0,0.5,1.0,0.8,0.8,0.1,5.66479e-06,0.140661,0.662288,6.55966e-05,6.99839e-07,1
nmos,sky130_fd_pr__nfet_01v8,tt,27.0,0.5,1.0,0.8,0.8,0.2,4.42754e-06,0.128427,0.684907,5.64255e-05,5.73004e-07,1
nmos,sky130_fd_pr__nfet_01v8,tt,27.0,0.5,1.0,0.8,0.8,0.3,3.41793e-06,0.116924,0.706263,4.76982e-05,4.64365e-07,1
nmos,sky130_fd_pr__nfet_01v8,tt,27.0,0.5,1.0,0.8,1.2,0.0,7.46579e-06,0.154612,0.63649,7.75862e-05,7.04744e-07,1
nmos,sky130_fd_pr__nfet_01v8,tt,27.0,0.5,1.0,0.8,1.2,0.1,5.91997e-06,0.141761,0.660582,6.79244e-05,5.93907e-07,1
nmos,sky130_fd_pr__nfet_01v8,tt,27.0,0.5,1.0,0.8,1.2,0.2,4.63858e-06,0.129509,0.6832,5.85495e-05,4.95363e-07,1
nmos,sky130_fd_pr__nfet_01v8,tt,27.0,0.5,1.0,0.8,1.2,0.3,3.59056e-06,0.117974,0.704556,4.96151e-05,4.08415e-07,1
nmos,sky130_fd_pr__nfet_01v8,tt,27.0,0.5,1.0,0.8,1.5,0.0,7.66932e-06,0.155442,0.635211,7.9143e-05,6.56659e-07,1
nmos,sky130_fd_pr__nfet_01v8,tt,27.0,0.5,1.0,0.8,1.5,0.1,6.0923e-06,0.142587,0.659302,6.93887e-05,5.58394e-07,1
nmos,sky130_fd_pr__nfet_01v8,tt,27.0,0.5,1.0,0.8,1.5,0.2,4.78296e-06,0.130322,0.68192,5.99144e-05,4.69738e-07,1
nmos,sky130_fd_pr__nfet_01v8,tt,27.0,0.5,1.0,0.8,1.5,0.3,3.7101e-06,0.118764,0.703276,5.08716e-05,3.90417e-07,1
nmos,sky130_fd_pr__nfet_01v8,tt,27.0,0.5,1.0,0.9,0.15,0.0,1.21532e-05,0.215729,0.64097,6.73076e-05,4.41106e-05,0
nmos,sky130_fd_pr__nfet_01v8,tt,27.0,0.5,1.0,0.9,0.15,0.1,1.072e-05,0.203663,0.665061,6.61365e-05,3.62456e-05,0
nmos,sky130_fd_pr__nfet_01v8,tt,27.0,0.5,1.0,0.9,0.15,0.2,9.38922e-06,0.191778,0.68768,6.46102e-05,2.91927e-05,0
nmos,sky130_fd_pr__nfet_01v8,tt,27.0,0.5,1.0,0.9,0.15,0.3,8.15651e-06,0.180111,0.709037,6.26318e-05,2.29812e-05,0
nmos,sky130_fd_pr__nfet_01v8,tt,27.0,0.5,1.0,0.9,0.3,0.0,1.5237e-05,0.216127,0.64033,0.000102703,7.64614e-06,1
nmos,sky130_fd_pr__nfet_01v8,tt,27.0,0.5,1.0,0.9,0.3,0.1,1.31365e-05,0.20407,0.664421,9.68835e-05,6.0101e-06,1
nmos,sky130_fd_pr__nfet_01v8,tt,27.0,0.5,1.0,0.9,0.3,0.2,1.12568e-05,0.192192,0.68704,9.07646e-05,4.7383e-06,1
nmos,sky130_fd_pr__nfet_01v8,tt,27.0,0.5,1.0,0.9,0.3,0.3,9.58109e-06,0.180531,0.708397,8.43812e-05,3.74589e-06,1
nmos,sky130_fd_pr__nfet_01v8,tt,27.0,0.5,1.0,0.9,0.5,0.0,1.61297e-05,0.216658,0.639477,0.000111476,2.91314e-06,1
nmos,sky130_fd_pr__nfet_01v8,tt,27.0,0.5,1.0,0.9,0.5,0.1,1.38662e-05,0.204612,0.663568,0.000104296,2.46655e-06,1
nmos,sky130_fd_pr__nfet_01v8,tt,27.0,0.5,1.0,0.9,0.5,0.2,1.18543e-05,0.192744,0.686187,9.70487e-05,2.08684e-06,1
nmos,sky130_fd_pr__nfet_01v8,tt,27.0,0.5,1.0,0.9,0.5,0.3,1.00707e-05,0.181091,0.707543,8.9726e-05,1.76295e-06,1
nmos,sky130_fd_pr__nfet_01v8,tt,27.0,0.5,1.0,0.9,0.8,0.0,1.67922e-05,0.217453,0.638197,0.000116166,1.77469e-06,1
nmos,sky130_fd_pr__nfet_01v8,tt,27.0,0.5,1.0,0.9,0.8,0.1,1.44376e-05,0.205424,0.662288,0.000108566,1.55481e-06,1
nmos,sky130_fd_pr__nfet_01v8,tt,27.0,0.5,1.0,0.9,0.8,0.2,1.23464e-05,0.193572,0.684907,0.000100941,1.35922e-06,1
nmos,sky130_fd_pr__nfet_01v8,tt,27.0,0.5,1.0,0.9,0.8,0.3,1.04937e-05,0.181931,0.706263,9.3273e-05,1.18477e-06,1
nmos,sky130_fd_pr__nfet_01v8,tt,27.0,0.5,1.0,0.9,1.2,0.0,1.74013e-05,0.218512,0.63649,0.000119715,1.34677e-06,1
nmos,sky130_fd_pr__nfet_01v8,tt,27.0,0.5,1.0,0.9,1.2,0.1,1.49769e-05,0.206507,0.660582,0.000111918,1.20298e-06,1
nmos,sky130_fd_pr__nfet_01v8,tt,27.0,0.5,1.0,0.9,1.2,0.2,1.28226e-05,0.194674,0.6832,0.000104106,1.07163e-06,1
nmos,sky130_fd_pr__nfet_01v8,tt,27.0,0.5,1.0,0.9,1.2,0.3,1.09129e-05,0.18305,0.704556,9.62619e-05,9.51283e-07,1
nmos,sky130_fd_pr__nfet_01v8,tt,27.0,0.5,1.0,0.9,1.5,0.0,1.77821e-05,0.219305,0.635211,0.000121698,1.20542e-06,1
nmos,sky130_fd_pr__nfet_01v8,tt,27.0,0.5,1.0,0.9,1.5,0.1,1.53186e-05,0.207317,0.659302,0.000113826,1.08594e-06,1
nmos,sky130_fd_pr__nfet_01v8,tt,27.0,0.5,1.0,0.9,1.5,0.2,1.31284e-05,0.1955,0.68192,0.000105943,9.75431e-07,1
nmos,sky130_fd_pr__nfet_01v8,tt,27.0,0.5,1.0,0.9,1.5,0.3,1.11854e-05,0.183888,0.703276,9.80292e-05,8.72915e-07,1
nmos,sky130_fd_pr__nfet_01v8,tt,27.0,0.5,1.0,1.0,0.15,0.0,1.89876e-05,0.275295,0.64097,6.86979e-05,8.57709e-05,0
nmos,sky130_fd_pr__nfet_01v8,tt,27.0,0.5,1.0,1.0,0.15,0.1,1.75001e-05,0.26471,0.665061,6.85249e-05,7.69214e-05,0
nmos,sky130_fd_pr__nfet_01v8,tt,27.0,0.5,1.0,1.0,0.15,0.2,1.60991e-05,0.254222,0.68768,6.83087e-05,6.8621e-05,0
nmos,sky130_fd_pr__nfet_01v8,tt,27.0,0.5,1.0,1.0,0.15,0.3,1.47745e-05,0.243837,0.709037,6.80222e-05,6.08238e-05,0
nmos,sky130_fd_pr__nfet_01v8,tt,27.0,0.5,1.0,1.0,0.3,0.0,2.66069e-05,0.275658,0.64033,0.000122189,2.28709e-05,0
nmos,sky130_fd_pr__nfet_01v8,tt,27.0,0.5,1.0,1.0,0.3,0.1,2.40782e-05,0.265082,0.664421,0.000119375,1.87893e-05,0
nmos,sky130_fd_pr__nfet_01v8,tt,27.0,0.5,1.0,1.0,0.3,0.2,2.17372e-05,0.254602,0.68704,0.000116238,1.54043e-05,0
nmos,sky130_fd_pr__nfet_01v8,tt,27.0,0.5,1.0,1.0,0.3,0.3,1.95688e-05,0.244226,0.708397,0.000112774,1.26194e-05,1
nmos,sky130_fd_pr__nfet_01v8,tt,27.0,0.5,1.0,1.0,0.5,0.0,2.88682e-05,0.276141,0.639477,0.000142009,6.08596e-06,1
nmos,sky130_fd_pr__nfet_01v8,tt,27.0,0.5,1.0,1.0,0.5,0.1,2.59789e-05,0.265577,0.663568,0.000136562,5.30483e-06,1
nmos,sky130_fd_pr__nfet_01v8,tt,27.0,0.5,1.0,1.0,0.5,0.2,2.33381e-05,0.255109,0.686187,0.000131125,4.63167e-06,1
nmos,sky130_fd_pr__nfet_01v8,tt,27.0,0.5,1.0,1.0,0.5,0.3,2.09202e-05,0.244745,0.707543,0.000125669,4.04888e-06,1
nmos,sky130_fd_pr__nfet_01v8,tt,27.0,0.5,1.0,1.0,0.8,0.0,3.01268e-05,0.276864,0.638197,0.000149409,3.11629e-06,1
nmos,sky130_fd_pr__nfet_01v8,tt,27.0,0.5,1.0,1.0,0.8,0.1,2.70966e-05,0.266318,0.662288,0.000143373,2.81181e-06,1
nmos,sky130_fd_pr__nfet_01v8,tt,27.0,0.5,1.0,1.0,0.8,0.2,2.43318e-05,0.255868,0.684907,0.000137407,2.53805e-06,1
nmos,sky130_fd_pr__nfet_01v8,tt,27.0,0.5,1.0,1.0,0.8,0.3,2.18041e-05,0.245521,0.706263,0.000131474,2.29096e-06,1
nmos,sky130_fd_pr__nfet_01v8,tt,27.0,0.5,1.0,1.0,1.2,0.0,3.11467e-05,0.277828,0.63649,0.000154105,2.16536e-06,1
nmos,sky130_fd_pr__nfet_01v8,tt,27.0,0.5,1.0,1.0,1.2,0.1,2.80256e-05,0.267306,0.660582,0.000147844,1.98859e-06,1
nmos,sky130_fd_pr__nfet_01v8,tt,27.0,0.5,1.0,1.0,1.2,0.2,2.51781e-05,0.256879,0.6832,0.000141669,1.82626e-06,1
nmos,sky130_fd_pr__nfet_01v8,tt,27.0,0.5,1.0,1.0,1.2,0.3,2.2575e-05,0.246555,0.704556,0.000135541,1.67659e-06,1
nmos,sky130_fd_pr__nfet_01v8,tt,27.0,0.5,1.0,1.0,1.5,0.0,3.17473e-05,0.27855,0.635211,0.000156524,1.86794e-06,1
nmos,sky130_fd_pr__nfet_01v8,tt,27.0,0.5,1.0,1.0,1.5,0.1,2.85794e-05,0.268045,0.659302,0.000150183,1.72841e-06,1
nmos,sky130_fd_pr__nfet_01v8,tt,27.0,0.5,1.0,1.0,1.5,0.2,2.56887e-05,0.257636,0.68192,0.000143933,1.5991e-06,1
nmos,sky130_fd_pr__nfet_01v8,tt,27.0,0.5,1.0,1.0,1.5,0.3,2.30455e-05,0.24733,0.703276,0.000137734,1.47875e-06,1
nmos,sky130_fd_pr__nfet_01v8,tt,27.0,0.5,1.0,1.2,0.15,0.0,3.25187e-05,0.379933,0.64097,6.60354e-05,0.000172223,0
nmos,sky130_fd_pr__nfet_01v8,tt,27.0,0.5,1.0,1.2,0.15,0.1,3.10315e-05,0.371748,0.665061,6.61003e-05,0.000163066,0
nmos,sky130_fd_pr__nfet_01v8,tt,27.0,0.5,1.0,1.2,0.15,0.2,2.96326e-05,0.363663,0.68768,6.61941e-05,0.000154443,0
nmos,sky130_fd_pr__nfet_01v8,tt,27.0,0.5,1.0,1.2,0.15,0.3,2.83095e-05,0.355676,0.709037,6.63104e-05,0.00014628,0
nmos,sky130_fd_pr__nfet_01v8,tt,27.0,0.5,1.0,1.2,0.3,0.0,5.20907e-05,0.380231,0.64033,0.000128023,9.00298e-05,0
nmos,sky130_fd_pr__nfet_01v8,tt,27.0,0.5,1.0,1.2,0.3,0.1,4.93443e-05,0.372052,0.664421,0.000127803,8.24816e-05,0
nmos,sky130_fd_pr__nfet_01v8,tt,27.0,0.5,1.0,1.2,0.3,0.2,4.676e-05,0.363973,0.68704,0.000127613,7.54128e-05,0
nmos,sky130_fd_pr__nfet_01v8,tt,27.0,0.5,1.0,1.2,0.3,0.3,4.43164e-05,0.355992,0.708397,0.000127428,6.87822e-05,0
nmos,sky130_fd_pr__nfet_01v8,tt,27.0,0.5,1.0,1.2,0.5,0.0,6.17531e-05,0.380627,0.639477,0.000182348,2.14063e-05,1
nmos,sky130_fd_pr__nfet_01v8,tt,27.0,0.5,1.0,1.2,0.5,0.1,5.80179e-05,0.372456,0.663568,0.000179223,1.91819e-05,1
nmos,sky130_fd_pr__nfet_01v8,tt,27.0,0.5,1.0,1.2,0.5,0.2,5.45405e-05,0.364385,0.686187,0.000176157,1.72358e-05,1
nmos,sky130_fd_pr__nfet_01v8,tt,27.0,0.5,1.0,1.2,0.5,0.3,5.12904e-05,0.356412,0.707543,0.000173126,1.55259e-05,1
nmos,sky130_fd_pr__nfet_01v8,tt,27.0,0.5,1.0,1.2,0.8,0.0,6.53568e-05,0.381221,0.638197,0.000199724,7.45866e-06,1
nmos,sky130_fd_pr__nfet_01v8,tt,27.0,0.5,1.0,1.2,0.8,0.1,6.13059e-05,0.373062,0.662288,0.000195352,6.92387e-06,1
nmos,sky130_fd_pr__nfet_01v8,tt,27.0,0.5,1.0,1.2,0.8,0.2,5.75478e-05,0.365003,0.684907,0.000191168,6.43847e-06,1
nmos,sky130_fd_pr__nfet_01v8,tt,27.0,0.5,1.0,1.2,0.8,0.3,5.40467e-05,0.357043,0.706263,0.00018713,5.9959e-06,1
nmos,sky130_fd_pr__nfet_01v8,tt,27.0,0.5,1.0,1.2,1.2,0.0,6.75895e-05,0.382012,0.63649,0.000207297,4.39258e-06,1
nmos,sky130_fd_pr__nfet_01v8,tt,27.0,0.5,1.0,1.2,1.2,0.1,6.33955e-05,0.373868,0.660582,0.000202622,4.14038e-06,1
nmos,sky130_fd_pr__nfet_01v8,tt,27.0,0.5,1.0,1.2,1.2,0.2,5.95064e-05,0.365826,0.6832,0.000198159,3.90776e-06,1
nmos,sky130_fd_pr__nfet_01v8,tt,27.0,0.5,1.0,1.2,1.2,0.3,5.58849e-05,0.357882,0.704556,0.000193863,3.69222e-06,1
nmos,sky130_fd_pr__nfet_01v8,tt,27.0,0.5,1.0,1.2,1.5,0.0,6.87682e-05,0.382605,0.635211,0.00021067,3.5547e-06,1
nmos,sky130_fd_pr__nfet_01v8,tt,27.0,0.5,1.0,1.2,1.5,0.1,6.45099e-05,0.374473,0.659302,0.000205903,3.3706e-06,1
nmos,sky130_fd_pr__nfet_01v8,tt,27.0,0.5,1.0,1.2,1.5,0.2,6.05613e-05,0.366442,0.68192,0.000201353,3.1998e-06,1
nmos,sky130_fd_pr__nfet_01v8,tt,27.0,0.5,1.0,1.2,1.5,0.3,5.68846e-05,0.35851,0.703276,0.000196976,3.04063e-06,1
nmos,sky130_fd_pr__nfet_01v8,tt,27.0,0.5,2.0,0.5,0.15,0.0,5.6428e-08,0.0418676,0.634462,1.35285e-06,2.67187e-08,1
nmos,sky130_fd_pr__nfet_01v8,tt,27.0,0.5,2.0,0.5,0.15,0.1,3.14717e-08,0.0417965,0.658786,7.82014e-07,1.50327e-08,1
nmos,sky130_fd_pr__nfet_01v8,tt,27.0,0.5,2.0,0.5,0.15,0.2,1.77092e-08,0.0420002,0.681601,4.54482e-07,8.54373e-09,1
nmos,sky130_fd_pr__nfet_01v8,tt,27.0,0.5,2.0,0.5,0.15,0.3,1.00575e-08,0.0423424,0.703123,2.65499e-07,4.90192e-09,1
nmos,sky130_fd_pr__nfet_01v8,tt,27.0,0.5,2.0,0.5,0.3,0.0,5.92116e-08,0.0418889,0.633966,1.41917e-06,1.45335e-08,1
nmos,sky130_fd_pr__nfet_01v8,tt,27.0,0.5,2.0,0.5,0.3,0.1,3.30446e-08,0.0418093,0.65829,8.20793e-07,8.24492e-09,1
nmos,sky130_fd_pr__nfet_01v8,tt,27.0,0.5,2.0,0.5,0.3,0.2,1.86055e-08,0.0420078,0.681105,4.77303e-07,4.71176e-09,1
nmos,sky130_fd_pr__nfet_01v8,tt,27.0,0.5,2.0,0.5,0.3,0.3,1.05726e-08,0.0423468,0.702627,2.78998e-07,2.71354e-09,1
nmos,sky130_fd_pr__nfet_01v8,tt,27.0,0.5,2.0,0.5,0.5,0.0,6.17604e-08,0.0419176,0.633305,1.47901e-06,1.15839e-08,1
nmos,sky130_fd_pr__nfet_01v8,tt,27.0,0.5,2.0,0.5,0.5,0.1,3.44948e-08,0.0418265,0.657629,8.56175e-07,6.60874e-09,1
nmos,sky130_fd_pr__nfet_01v8,tt,27.0,0.5,2.0,0.5,0.5,0.2,1.94363e-08,0.042018,0.680444,4.98288e-07,3.79362e-09,1
nmos,sky130_fd_pr__nfet_01v8,tt,27.0,0.5,2.0,0.5,0.5,0.3,1.1052e-08,0.0423529,0.701965,2.91481e-07,2.19273e-09,1
nmos,sky130_fd_pr__nfet_01v8,tt,27.0,0.5,2.0,0.5,0.8,0.0,6.50083e-08,0.0419614,0.632313,1.55464e-06,1.03289e-08,1
nmos,sky130_fd_pr__nfet_01v8,tt,27.0,0.5,2.0,0.5,0.8,0.1,3.63527e-08,0.0418527,0.656637,9.01206e-07,5.92201e-09,1
nmos,sky130_fd_pr__nfet_01v8,tt,27.0,0.5,2.0,0.5,0.8,0.2,2.0505e-08,0.0420336,0.679451,5.25147e-07,3.4134e-09,1
nmos,sky130_fd_pr__nfet_01v8,tt,27.0,0.5,2.0,0.5,0.8,0.3,1.16709e-08,0.0423621,0.700973,3.07533e-07,1.9798e-09,1
nmos,sky130_fd_pr__nfet_01v8,tt,27.0,0.5,2.0,0.5,1.2,0.0,6.90321e-08,0.0420213,0.63099,1.64772e-06,9.90404e-09,1
nmos,sky130_fd_pr__nfet_01v8,tt,27.0,0.5,2.0,0.5,1.2,0.1,3.86649e-08,0.0418887,0.655314,9.56957e-07,5.70286e-09,1
nmos,sky130_fd_pr__nfet_01v8,tt,27.0,0.5,2.0,0.5,1.2,0.2,2.18404e-08,0.042055,0.678128,5.58561e-07,3.29907e-09,1
nmos,sky130_fd_pr__nfet_01v8,tt,27.0,0.5,2.0,0.5,1.2,0.3,1.24466e-08,0.0423748,0.69965,3.27582e-07,1.91948e-09,1
nmos,sky130_fd_pr__nfet_01v8,tt,27.0,0.5,2.0,0.5,1.5,0.0,7.19958e-08,0.0420672,0.629998,1.71596e-06,9.87864e-09,1
nmos,sky130_fd_pr__nfet_01v8,tt,27.0,0.5,2.0,0.5,1.5,0.1,4.03737e-08,0.0419164,0.654322,9.98001e-07,5.70245e-09,1
nmos,sky130_fd_pr__nfet_01v8,tt,27.0,0.5,2.0,0.5,1.5,0.2,2.28299e-08,0.0420714,0.677136,5.83246e-07,3.30591e-09,1
nmos,sky130_fd_pr__nfet_01v8,tt,27.0,0.5,2.0,0.5,1.5,0.3,1.30229e-08,0.0423846,0.698658,3.42439e-07,1.92703e-09,1
nmos,sky130_fd_pr__nfet_01v8,tt,27.0,0.5,2.0,0.6,0.15,0.0,5.54483e-07,0.0540212,0.634462,1.19562e-05,2.84939e-07,1
nmos,sky130_fd_pr__nfet_01v8,tt,27.0,0.5,2.0,0.6,0.15,0.1,3.36127e-07,0.0500282,0.658786,7.54582e-06,1.68099e-07,1
nmos,sky130_fd_pr__nfet_01v8,tt,27.0,0.5,2.0,0.6,0.15,0.2,2.04971e-07,0.0474352,0.681601,4.76165e-06,1.01121e-07,1
nmos,sky130_fd_pr__nfet_01v8,tt,27.0,0.5,2.0,0.6,0.15,0.3,1.25774e-07,0.0458635,0.703123,3.01632e-06,6.176e-08,1
nmos,sky130_fd_pr__nfet_01v8,tt,27.0,0.5,2.0,0.6,0.3,0.0,5.8217e-07,0.0541399,0.633966,1.2571e-05,1.37347e-07,1
nmos,sky130_fd_pr__nfet_01v8,tt,27.0,0.5,2.0,0.6,0.3,0.1,3.52864e-07,0.0501153,0.65829,7.92673e-06,8.45508e-08,1
nmos,sky130_fd_pr__nfet_01v8,tt,27.0,0.5,2.0,0.6,0.3,0.2,2.15206e-07,0.047497,0.681105,5.00028e-06,5.23622e-08,1
nmos,sky130_fd_pr__nfet_01v8,tt,27.0,0.5,2.0,0.6,0.3,0.3,1.32096e-07,0.045906,0.702627,3.16748e-06,3.26232e-08,1
nmos,sky130_fd_pr__nfet_01v8,tt,27.0,0.5,2.0,0.6,0.5,0.0,6.05654e-07,0.0542994,0.633305,1.30585e-05,1.04582e-07,1
nmos,sky130_fd_pr__nfet_01v8,tt,27.0,0.5,2.0,0.6,0.5,0.1,3.67452e-07,0.0502326,0.657629,8.2432e-06,6.54487e-08,1
nmos,sky130_fd_pr__nfet_01v8,tt,27.0,0.5,2.0,0.6,0.5,0.2,2.24301e-07,0.0475802,0.680444,5.20512e-06,4.10235e-08,1
nmos,sky130_fd_pr__nfet_01v8,tt,27.0,0.5,2.0,0.6,0.5,0.3,1.3779e-07,0.0459634,0.701965,3.30024e-06,2.57908e-08,1
nmos,sky130_fd_pr__nfet_01v8,tt,27.0,0.5,2.0,0.6,0.8,0.0,6.34487e-07,0.054541,0.632313,1.36384e-05,9.04231e-08,1
nmos,sky130_fd_pr__nfet_01v8,tt,27.0,0.5,2.0,0.6,0.8,0.1,3.85608e-07,0.0504107,0.656637,8.62805e-06,5.72276e-08,1
nmos,sky130_fd_pr__nfet_01v8,tt,27.0,0.5,2.0,0.6,0.8,0.2,2.35734e-07,0.0477068,0.679451,5.45821e-06,3.61799e-08,1
nmos,sky130_fd_pr__nfet_01v8,tt,27.0,0.5,2.0,0.6,0.8,0.3,1.45004e-07,0.0460508,0.700973,3.4662e-06,2.29002e-08,1
nmos,sky130_fd_pr__nfet_01v8,tt,27.0,0.5,2.0,0.6,1.2,0.0,6.69281e-07,0.054868,0.63099,1.43232e-05,8.47256e-08,1
nmos,sky130_fd_pr__nfet_01v8,tt,27.0,0.5,2.0,0.6,1.2,0.1,4.07727e-07,0.0506522,0.655314,9.08936e-06,5.40726e-08,1
nmos,sky130_fd_pr__nfet_01v8,tt,27.0,0.5,2.0,0.6,1.2,0.2,2.49768e-07,0.047879,0.678128,5.765e-06,3.44122e-08,1
nmos,sky130_fd_pr__nfet_01v8,tt,27.0,0.5,2.0,0.6,1.2,0.3,1.53912e-07,0.04617,0.69965,3.66909e-06,2.1899e-08,1
nmos,sky130_fd_pr__nfet_01v8,tt,27.0,0.5,2.0,0.6,1.5,0.0,6.94471e-07,0.0551168,0.629998,1.48122e-05,8.3456e-08,1
nmos,sky130_fd_pr__nfet_01v8,tt,27.0,0.5,2.0,0.6,1.5,0.1,4.23841e-07,0.0508365,0.654322,9.42188e-06,5.3501e-08,1
nmos,sky130_fd_pr__nfet_01v8,tt,27.0,0.5,2.0,0.6,1.5,0.2,2.60042e-07,0.0480106,0.677136,5.98773e-06,3.41718e-08,1
nmos,sky130_fd_pr__nfet_01v8,tt,27.0,0.5,2.0,0.6,1.5,0.3,1.60461e-07,0.0462614,0.698658,3.81721e-06,2.18114e-08,1
nmos,sky130_fd_pr__nfet_01v8,tt,27.0,0.5,2.0,0.7,0.15,0.0,3.7559e-06,0.0938412,0.634462,6.01731e-05,3.06918e-06,1
nmos,sky130_fd_pr__nfet_01v8,tt,27.0,0.5,2.0,0.7,0.15,0.1,2.58945e-06,0.0831698,0.658786,4.57051e-05,1.83016e-06,1
nmos,sky130_fd_pr__nfet_01v8,tt,27.0,0.5,2.0,0.7,0.15,0.2,1.75907e-06,0.0741277,0.681601,3.36311e-05,1.11428e-06,1
nmos,sky130_fd_pr__nfet_01v8,tt,27.0,0.5,2.0,0.7,0.15,0.3,1.18311e-06,0.0667183,0.703123,2.41161e-05,6.92239e-07,1
nmos,sky130_fd_pr__nfet_01v8,tt,27.0,0.5,2.0,0.7,0.3,0.0,3.98819e-06,0.094111,0.633966,6.48971e-05,9.45264e-07,1
nmos,sky130_fd_pr__nfet_01v8,tt,27.0,0.5,2.0,0.7,0.3,0.1,2.73826e-06,0.0834136,0.65829,4.88096e-05,6.44109e-07,1
nmos,sky130_fd_pr__nfet_01v8,tt,27.0,0.5,2.0,0.7,0.3,0.2,1.85525e-06,0.0743412,0.681105,3.56902e-05,4.36834e-07,1
nmos,sky130_fd_pr__nfet_01v8,tt,27.0,0.5,2.0,0.7,0.3,0.3,1.24577e-06,0.0668994,0.702627,2.54915e-05,2.95268e-07,1
nmos,sky130_fd_pr__nfet_01v8,tt,27.0,0.5,2.0,0.7,0.5,0.0,4.13716e-06,0.0944716,0.633305,6.72689e-05,6.22232e-07,1
nmos,sky130_fd_pr__nfet_01v8,tt,27.0,0.5,2.0,0.7,0.5,0.1,2.84227e-06,0.0837397,0.657629,5.05952e-05,4.42917e-07,1
nmos,sky130_fd_pr__nfet_01v8,tt,27.0,0.5,2.0,0.7,0.5,0.2,1.9272e-06,0.074627,0.680444,3.70133e-05,3.11284e-07,1
nmos,sky130_fd_pr__nfet_01v8,tt,27.0,0.5,2.0,0.7,0.5,0.3,1.29519e-06,0.0671421,0.701965,2.64564e-05,2.1649e-07,1
nmos,sky130_fd_pr__nfet_01v8,tt,27.0,0.5,2.0,0.7,0.8,0.0,4.30075e-06,0.0950143,0.632313,6.96073e-05,4.93563e-07,1
nmos,sky130_fd_pr__nfet_01v8,tt,27.0,0.5,2.0,0.7,0.8,0.1,2.96037e-06,0.0842312,0.656637,5.24555e-05,3.60447e-07,1
nmos,sky130_fd_pr__nfet_01v8,tt,27.0,0.5,2.0,0.7,0.8,0.2,2.01119e-06,0.0750585,0.679451,3.84566e-05,2.58813e-07,1
nmos,sky130_fd_pr__nfet_01v8,tt,27.0,0.5,2.0,0.7,0.8,0.3,1.35416e-06,0.0675091,0.700973,2.75488e-05,1.8319e-07,1
nmos,sky130_fd_pr__nfet_01v8,tt,27.0,0.5,2.0,0.7,1.2,0.0,4.48487e-06,0.0957414,0.63099,7.20617e-05,4.36702e-07,1
nmos,sky130_fd_pr__nfet_01v8,tt,27.0,0.5,2.0,0.7,1.2,0.1,3.09606e-06,0.0848907,0.655314,5.44764e-05,3.24317e-07,1
nmos,sky130_fd_pr__nfet_01v8,tt,27.0,0.5,2.0,0.7,1.2,0.2,2.10937e-06,0.0756386,0.678128,4.00704e-05,2.36232e-07,1
nmos,sky130_fd_pr__nfet_01v8,tt,27.0,0.5,2.0,0.7,1.2,0.3,1.42411e-06,0.0680036,0.69965,2.87997e-05,1.6923e-07,1
nmos,sky130_fd_pr__nfet_01v8,tt,27.0,0.5,2.0,0.7,1.5,0.0,4.61282e-06,0.0962892,0.629998,7.36981e-05,4.18211e-07,1
nmos,sky130_fd_pr__nfet_01v8,tt,27.0,0.5,2.0,0.7,1.5,0.1,3.19148e-06,0.0853886,0.654322,5.58505e-05,3.13088e-07,1
nmos,sky130_fd_pr__nfet_01v8,tt,27.0,0.5,2.0,0.7,1.5,0.2,2.17913e-06,0.0760774,0.677136,4.11864e-05,2.29658e-07,1
nmos,sky130_fd_pr__nfet_01v8,tt,27.0,0.5,2.0,0.7,1.5,0.3,1.47424e-06,0.0683784,0.698658,2.9677e-05,1.65514e-07,1
nmos,sky130_fd_pr__nfet_01v8,tt,27.0,0.5,2.0,0.8,0.15,0.0,1.3159e-05,0.155392,0.634462,0.000122779,2.77675e-05,0
nmos,sky130_fd_pr__nfet_01v8,tt,27.0,0.5,2.0,0.8,0.15,0.1,1.05887e-05,0.142337,0.658786,0.000112552,1.85951e-05,0
nmos,sky130_fd_pr__nfet_01v8,tt,27.0,0.5,2.0,0.8,0.15,0.2,8.37847e-06,0.129875,0.681601,0.000100628,1.21375e-05,0
nmos,sky130_fd_pr__nfet_01v8,tt,27.0,0.5,2.0,0.8,0.15,0.3,6.519e-06,0.118129,0.703123,8.76024e-05,7.82136e-06,0
nmos,sky130_fd_pr__nfet_01v8,tt,27.0,0.5,2.0,0.8,0.3,0.0,1.47683e-05,0.155714,0.633966,0.000151279,4.37083e-06,1
nmos,sky130_fd_pr__nfet_01v8,tt,27.0,0.5,2.0,0.8,0.3,0.1,1.16868e-05,0.142659,0.65829,0.0001332,3.24387e-06,1
nmos,sky130_fd_pr__nfet_01v8,tt,27.0,0.5,2.0,0.8,0.3,0.2,9.12609e-06,0.130193,0.681105,0.000115272,2.40791e-06,1
nmos,sky130_fd_pr__nfet_01v8,tt,27.0,0.5,2.0,0.8,0.3,0.3,7.0296e-06,0.118438,0.702627,9.78815e-05,1.78539e-06,1
nmos,sky130_fd_pr__nfet_01v8,tt,27.0,0.5,2.0,0.8,0.5,0.0,1.5357e-05,0.156143,0.633305,0.000158335,2.16719e-06,1
nmos,sky130_fd_pr__nfet_01v8,tt,27.0,0.5,2.0,0.8,0.5,0.1,1.21405e-05,0.143088,0.657629,0.000138955,1.72319e-06,1
nmos,sky130_fd_pr__nfet_01v8,tt,27.0,0.5,2.0,0.8,0.5,0.2,9.47465e-06,0.130617,0.680444,0.000119965,1.36122e-06,1
nmos,sky130_fd_pr__nfet_01v8,tt,27.0,0.5,2.0,0.8,0.5,0.3,7.29612e-06,0.11885,0.701965,0.000101698,1.06698e-06,1
nmos,sky130_fd_pr__nfet_01v8,tt,27.0,0.5,2.0,0.8,0.8,0.0,1.58824e-05,0.156787,0.632313,0.000163343,1.48374e-06,1
nmos,sky130_fd_pr__nfet_01v8,tt,27.0,0.5,2.0,0.8,0.8,0.1,1.25664e-05,0.143732,0.656637,0.000143363,1.22174e-06,1
nmos,sky130_fd_pr__nfet_01v8,tt,27.0,0.5,2.0,0.8,0.8,0.2,9.81708e-06,0.131253,0.679451,0.000123822,9.96912e-07,1
nmos,sky130_fd_pr__nfet_01v8,tt,27.0,0.5,2.0,0.8,0.8,0.3,7.56895e-06,0.119471,0.700973,0.000105047,8.05003e-07,1
nmos,sky130_fd_pr__nfet_01v8,tt,27.0,0.5,2.0,0.8,1.2,0.0,1.64098e-05,0.157646,0.63099,0.0001677,1.20094e-06,1
nmos,sky130_fd_pr__nfet_01v8,tt,27.0,0.5,2.0,0.8,1.2,0.1,1.30056e-05,0.144592,0.655314,0.000147363,1.00992e-06,1
nmos,sky130_fd_pr__nfet_01v8,tt,27.0,0.5,2.0,0.8,1.2,0.2,1.01793e-05,0.132103,0.678128,0.000127467,8.40516e-07,1
nmos,sky130_fd_pr__nfet_01v8,tt,27.0,0.5,2.0,0.8,1.2,0.3,7.86438e-06,0.1203,0.69965,0.000108335,6.91268e-07,1
nmos,sky130_fd_pr__nfet_01v8,tt,27.0,0.5,2.0,0.8,1.5,0.0,1.67543e-05,0.15829,0.629998,0.000170317,1.10478e-06,1
nmos,sky130_fd_pr__nfet_01v8,tt,27.0,0.5,2.0,0.8,1.5,0.1,1.32968e-05,0.145236,0.654322,0.000149823,9.37866e-07,1
nmos,sky130_fd_pr__nfet_01v8,tt,27.0,0.5,2.0,0.8,1.5,0.2,1.04228e-05,0.132741,0.677136,0.000129762,7.87531e-07,1
nmos,sky130_fd_pr__nfet_01v8,tt,27.0,0.5,2.0,0.8,1.5,0.3,8.06548e-06,0.120923,0.698658,0.000110449,6.53119e-07,1
nmos,sky130_fd_pr__nfet_01v8,tt,27.0,0.5,2.0,0.9,0.15,0.0,2.67401e-05,0.219183,0.634462,0.000143047,9.87059e-05,0
nmos,sky130_fd_pr__nfet_01v8,tt,27.0,0.5,2.0,0.9,0.15,0.1,2.36271e-05,0.207145,0.658786,0.000140916,8.14757e-05,0
nmos,sky130_fd_pr__nfet_01v8,tt,27.0,0.5,2.0,0.9,0.15,0.2,2.07351e-05,0.195278,0.681601,0.000138099,6.59597e-05,0
nmos,sky130_fd_pr__nfet_01v8,tt,27.0,0.5,2.0,0.9,0.15,0.3,1.80523e-05,0.18361,0.703123,0.000134389,5.22051e-05,0
nmos,sky130_fd_pr__nfet_01v8,tt,27.0,0.5,2.0,0.9,0.3,0.0,3.36183e-05,0.219488,0.633966,0.000220848,1.6034e-05,1
nmos,sky130_fd_pr__nfet_01v8,tt,27.0,0.5,2.0,0.9,0.3,0.1,2.90156e-05,0.207458,0.65829,0.000208832,1.2457e-05,1
nmos,sky130_fd_pr__nfet_01v8,tt,27.0,0.5,2.0,0.9,0.3,0.2,2.48944e-05,0.195597,0.681105,0.000196169,9.70662e-06,1
nmos,sky130_fd_pr__nfet_01v8,tt,27.0,0.5,2.0,0.9,0.3,0.3,2.12164e-05,0.183935,0.702627,0.000182919,7.58501e-06,1
nmos,sky130_fd_pr__nfet_01v8,tt,27.0,0.5,2.0,0.9,0.5,0.0,3.53801e-05,0.219895,0.633305,0.000238792,5.42146e-06,1
nmos,sky130_fd_pr__nfet_01v8,tt,27.0,0.5,2.0,0.9,0.5,0.1,3.04415e-05,0.207875,0.657629,0.000223835,4.56289e-06,1
nmos,sky130_fd_pr__nfet_01v8,tt,27.0,0.5,2.0,0.9,0.5,0.2,2.60509e-05,0.196023,0.680444,0.000208758,3.83861e-06,1
nmos,sky130_fd_pr__nfet_01v8,tt,27.0,0.5,2.0,0.9,0.5,0.3,2.21556e-05,0.184368,0.701965,0.000193518,3.22534e-06,1
nmos,sky130_fd_pr__nfet_01v8,tt,27.0,0.5,2.0,0.9,0.8,0.0,3.65753e-05,0.220505,0.632313,0.000247387,3.11894e-06,1
nmos,sky130_fd_pr__nfet_01v8,tt,27.0,0.5,2.0,0.9,0.8,0.1,3.14676e-05,0.208499,0.656637,0.000231619,2.72317e-06,1
nmos,sky130_fd_pr__nfet_01v8,tt,27.0,0.5,2.0,0.9,0.8,0.2,2.69308e-05,0.196661,0.679451,0.000215815,2.37304e-06,1
nmos,sky130_fd_pr__nfet_01v8,tt,27.0,0.5,2.0,0.9,0.8,0.3,2.29087e-05,0.185017,0.700973,0.000199917,2.06235e-06,1
nmos,sky130_fd_pr__nfet_01v8,tt,27.0,0.5,2.0,0.9,1.2,0.0,3.76277e-05,0.221318,0.63099,0.000253558,2.29271e-06,1
nmos,sky130_fd_pr__nfet_01v8,tt,27.0,0.5,2.0,0.9,1.2,0.1,3.23965e-05,0.209331,0.655314,0.000237425,2.04292e-06,1
nmos,sky130_fd_pr__nfet_01v8,tt,27.0,0.5,2.0,0.9,1.2,0.2,2.7749e-05,0.197511,0.678128,0.000221279,1.81586e-06,1
nmos,sky130_fd_pr__nfet_01v8,tt,27.0,0.5,2.0,0.9,1.2,0.3,2.36271e-05,0.185882,0.69965,0.00020506,1.60874e-06,1
nmos,sky130_fd_pr__nfet_01v8,tt,27.0,0.5,2.0,0.9,1.5,0.0,3.82713e-05,0.221926,0.629998,0.000256918,2.02345e-06,1
nmos,sky130_fd_pr__nfet_01v8,tt,27.0,0.5,2.0,0.9,1.5,0.1,3.29727e-05,0.209955,0.654322,0.000240647,1.81903e-06,1
nmos,sky130_fd_pr__nfet_01v8,tt,27.0,0.5,2.0,0.9,1.5,0.2,2.82634e-05,0.198148,0.677136,0.000224372,1.63089e-06,1
nmos,sky130_fd_pr__nfet_01v8,tt,27.0,0.5,2.0,0.9,1.5,0.3,2.40849e-05,0.18653,0.698658,0.000208028,1.45707e-06,1
nmos,sky130_fd_pr__nfet_01v8,tt,27.0,0.5,2.0,1.0,0.15,0.0,4.11798e-05,0.278206,0.634462,0.000144476,0.000187366,0
nmos,sky130_fd_pr__nfet_01v8,tt,27.0,0.5,2.0,1.0,0.15,0.1,3.79689e-05,0.267716,0.658786,0.000144154,0.00016826,0
nmos,sky130_fd_pr__nfet_01v8,tt,27.0,0.5,2.0,1.0,0.15,0.2,3.49498e-05,0.257332,0.681601,0.000143768,0.000150366,0
nmos,sky130_fd_pr__nfet_01v8,tt,27.0,0.5,2.0,1.0,0.15,0.3,3.20992e-05,0.247056,0.703123,0.000143264,0.000133572,0
nmos,sky130_fd_pr__nfet_01v8,tt,27.0,0.5,2.0,1.0,0.3,0.0,5.7889e-05,0.278483,0.633966,0.00025926,4.93724e-05,0
nmos,sky130_fd_pr__nfet_01v8,tt,27.0,0.5,2.0,1.0,0.3,0.1,5.24065e-05,0.268,0.65829,0.000253514,4.03404e-05,0
nmos,sky130_fd_pr__nfet_01v8,tt,27.0,0.5,2.0,1.0,0.3,0.2,4.73367e-05,0.257623,0.681105,0.000247112,3.28667e-05,0
nmos,sky130_fd_pr__nfet_01v8,tt,27.0,0.5,2.0,1.0,0.3,0.3,4.26442e-05,0.247354,0.702627,0.00024004,2.67368e-05,1
nmos,sky130_fd_pr__nfet_01v8,tt,27.0,0.5,2.0,1.0,0.5,0.0,6.2507e-05,0.278852,0.633305,0.000301128,1.15393e-05,1
nmos,sky130_fd_pr__nfet_01v8,tt,27.0,0.5,2.0,1.0,0.5,0.1,5.62569e-05,0.268378,0.657629,0.000289607,9.99934e-06,1
nmos,sky130_fd_pr__nfet_01v8,tt,27.0,0.5,2.0,1.0,0.5,0.2,5.05537e-05,0.258011,0.680444,0.000278176,8.68234e-06,1
nmos,sky130_fd_pr__nfet_01v8,tt,27.0,0.5,2.0,1.0,0.5,0.3,4.53378e-05,0.247751,0.701965,0.000266763,7.55018e-06,1
nmos,sky130_fd_pr__nfet_01v8,tt,27.0,0.5,2.0,1.0,0.8,0.0,6.48065e-05,0.279406,0.632313,0.000314967,5.51378e-06,1
nmos,sky130_fd_pr__nfet_01v8,tt,27.0,0.5,2.0,1.0,0.8,0.1,5.82896e-05,0.268946,0.656637,0.000302276,4.95818e-06,1
nmos,sky130_fd_pr__nfet_01v8,tt,27.0,0.5,2.0,1.0,0.8,0.2,5.23529e-05,0.258593,0.679451,0.000289802,4.46121e-06,1
nmos,sky130_fd_pr__nfet_01v8,tt,27.0,0.5,2.0,1.0,0.8,0.3,4.69317e-05,0.248347,0.700973,0.000277453,4.0148e-06,1
nmos,sky130_fd_pr__nfet_01v8,tt,27.0,0.5,2.0,1.0,1.2,0.0,6.65774e-05,0.280142,0.63099,0.000323224,3.6986e-06,1
nmos,sky130_fd_pr__nfet_01v8,tt,27.0,0.5,2.0,1.0,1.2,0.1,5.98978e-05,0.269701,0.655314,0.00031011,3.38768e-06,1
nmos,sky130_fd_pr__nfet_01v8,tt,27.0,0.5,2.0,1.0,1.2,0.2,5.38139e-05,0.259368,0.678128,0.000297244,3.10352e-06,1
nmos,sky130_fd_pr__nfet_01v8,tt,27.0,0.5,2.0,1.0,1.2,0.3,4.82589e-05,0.24914,0.69965,0.000284532,2.84268e-06,1
nmos,sky130_fd_pr__nfet_01v8,tt,27.0,0.5,2.0,1.0,1.5,0.0,6.75955e-05,0.280694,0.629998,0.000327363,3.14316e-06,1
nmos,sky130_fd_pr__nfet_01v8,tt,27.0,0.5,2.0,1.0,1.5,0.1,6.0834e-05,0.270268,0.654322,0.000314099,2.90135e-06,1
nmos,sky130_fd_pr__nfet_01v8,tt,27.0,0.5,2.0,1.0,1.5,0.2,5.4675e-05,0.259948,0.677136,0.000301093,2.67833e-06,1
nmos,sky130_fd_pr__nfet_01v8,tt,27.0,0.5,2.0,1.0,1.5,0.3,4.90508e-05,0.249735,0.698658,0.000288251,2.47168e-06,1
nmos,sky130_fd_pr__nfet_01v8,tt,27.0,0.5,2.0,1.2,0.15,0.0,6.94296e-05,0.382315,0.634462,0.000136804,0.000368679,0
nmos,sky130_fd_pr__nfet_01v8,tt,27.0,0.5,2.0,1.2,0.15,0.1,6.62105e-05,0.374225,0.658786,0.000136855,0.000348897,0
nmos,sky130_fd_pr__nfet_01v8,tt,27.0,0.5,2.0,1.2,0.15,0.2,6.31899e-05,0.366259,0.681601,0.000136977,0.000330321,0
nmos,sky130_fd_pr__nfet_01v8,tt,27.0,0.5,2.0,1.2,0.15,0.3,6.03396e-05,0.358408,0.703123,0.000137152,0.000312786,0
nmos,sky130_fd_pr__nfet_01v8,tt,27.0,0.5,2.0,1.2,0.3,0.0,0.000111441,0.382542,0.633966,0.000266689,0.000193644,0
nmos,sky130_fd_pr__nfet_01v8,tt,27.0,0.5,2.0,1.2,0.3,0.1,0.000105503,0.374456,0.65829,0.0002661,0.000177309,0
nmos,sky130_fd_pr__nfet_01v8,tt,27.0,0.5,2.0,1.2,0.3,0.2,9.99303e-05,0.366495,0.681105,0.000265603,0.000162057,0
nmos,sky130_fd_pr__nfet_01v8,tt,27.0,0.5,2.0,1.2,0.3,0.3,9.46747e-05,0.358649,0.702627,0.000265144,0.000147784,0
nmos,sky130_fd_pr__nfet_01v8,tt,27.0,0.5,2.0,1.2,0.5,0.0,0.000131828,0.382844,0.633305,0.000382487,4.244e-05,1
nmos,sky130_fd_pr__nfet_01v8,tt,27.0,0.5,2.0,1.2,0.5,0.1,0.000123753,0.374764,0.657629,0.000375581,3.78148e-05,1
nmos,sky130_fd_pr__nfet_01v8,tt,27.0,0.5,2.0,1.2,0.5,0.2,0.000116259,0.36681,0.680444,0.000368867,3.37986e-05,1
nmos,sky130_fd_pr__nfet_01v8,tt,27.0,0.5,2.0,1.2,0.5,0.3,0.000109274,0.35897,0.701965,0.000362284,3.02939e-05,1
nmos,sky130_fd_pr__nfet_01v8,tt,27.0,0.5,2.0,1.2,0.8,0.0,0.000138627,0.383297,0.632313,0.000416509,1.34133e-05,1
nmos,sky130_fd_pr__nfet_01v8,tt,27.0,0.5,2.0,1.2,0.8,0.1,0.000129927,0.375227,0.656637,0.000406985,1.2411e-05,1
nmos,sky130_fd_pr__nfet_01v8,tt,27.0,0.5,2.0,1.2,0.8,0.2,0.000121881,0.367282,0.679451,0.000397943,1.15062e-05,1
nmos,sky130_fd_pr__nfet_01v8,tt,27.0,0.5,2.0,1.2,0.8,0.3,0.000114405,0.359451,0.700973,0.000389278,1.06852e-05,1
nmos,sky130_fd_pr__nfet_01v8,tt,27.0,0.5,2.0,1.2,1.2,0.0,0.000142552,0.3839,0.63099,0.000430072,7.56857e-06,1
nmos,sky130_fd_pr__nfet_01v8,tt,27.0,0.5,2.0,1.2,1.2,0.1,0.00013359,0.375842,0.655314,0.000419965,7.11605e-06,1
nmos,sky130_fd_pr__nfet_01v8,tt,27.0,0.5,2.0,1.2,1.2,0.2,0.000125305,0.36791,0.678128,0.000410389,6.70058e-06,1
nmos,sky130_fd_pr__nfet_01v8,tt,27.0,0.5,2.0,1.2,1.2,0.3,0.00011761,0.360093,0.69965,0.00040123,6.3172e-06,1
nmos,sky130_fd_pr__nfet_01v8,tt,27.0,0.5,2.0,1.2,1.5,0.0,0.000144565,0.384352,0.629998,0.000435912,6.02396e-06,1
nmos,sky130_fd_pr__nfet_01v8,tt,27.0,0.5,2.0,1.2,1.5,0.1,0.000135489,0.376303,0.654322,0.000425628,5.69852e-06,1
nmos,sky130_fd_pr__nfet_01v8,tt,27.0,0.5,2.0,1.2,1.5,0.2,0.000127099,0.368381,0.677136,0.00041589,5.39799e-06,1
nmos,sky130_fd_pr__nfet_01v8,tt,27.0,0.5,2.0,1.2,1.5,0.3,0.000119307,0.360573,0.698658,0.000406581,5.11902e-06,1
nmos,sky130_fd_pr__nfet_01v8,tt,27.0,0.5,4.0,0.5,0.15,0.0,1.28536e-07,0.0422917,0.631141,3.08172e-06,6.53799e-08,1
nmos,sky130_fd_pr__nfet_01v8,tt,27.0,0.5,4.0,0.5,0.15,0.1,7.31924e-08,0.0420904,0.654558,1.81795e-06,3.75127e-08,1
nmos,sky130_fd_pr__nfet_01v8,tt,27.0,0.5,4.0,0.5,0.15,0.2,4.19399e-08,0.0421755,0.676631,1.07579e-06,2.16744e-08,1
nmos,sky130_fd_pr__nfet_01v8,tt,27.0,0.5,4.0,0.5,0.15,0.3,2.41904e-08,0.0424132,0.69755,6.38384e-07,1.26068e-08,1
nmos,sky130_fd_pr__nfet_01v8,tt,27.0,0.5,4.0,0.5,0.3,0.0,1.35503e-07,0.0423095,0.630757,3.2472e-06,3.70916e-08,1
nmos,sky130_fd_pr__nfet_01v8,tt,27.0,0.5,4.0,0.5,0.3,0.1,7.72076e-08,0.0421013,0.654175,1.91683e-06,2.14638e-08,1
nmos,sky130_fd_pr__nfet_01v8,tt,27.0,0.5,4.0,0.5,0.3,0.2,4.42661e-08,0.0421821,0.676247,1.135e-06,1.24679e-08,1
nmos,sky130_fd_pr__nfet_01v8,tt,27.0,0.5,4.0,0.5,0.3,0.3,2.55457e-08,0.0424172,0.697167,6.73912e-07,7.27676e-09,1
nmos,sky130_fd_pr__nfet_01v8,tt,27.0,0.5,4.0,0.5,0.5,0.0,1.42091e-07,0.0423334,0.630246,3.40129e-06,3.02556e-08,1
nmos,sky130_fd_pr__nfet_01v8,tt,27.0,0.5,4.0,0.5,0.5,0.1,8.10305e-08,0.0421159,0.653664,2.00998e-06,1.75993e-08,1
nmos,sky130_fd_pr__nfet_01v8,tt,27.0,0.5,4.0,0.5,0.5,0.2,4.64913e-08,0.042191,0.675736,1.19122e-06,1.02626e-08,1
nmos,sky130_fd_pr__nfet_01v8,tt,27.0,0.5,4.0,0.5,0.5,0.3,2.68464e-08,0.0424225,0.696655,7.07822e-07,6.00751e-09,1
nmos,sky130_fd_pr__nfet_01v8,tt,27.0,0.5,4.0,0.5,0.8,0.0,1.50647e-07,0.0423698,0.629479,3.59968e-06,2.73956e-08,1
nmos,sky130_fd_pr__nfet_01v8,tt,27.0,0.5,4.0,0.5,0.8,0.1,8.60196e-08,0.0421382,0.652896,2.13078e-06,1.60065e-08,1
nmos,sky130_fd_pr__nfet_01v8,tt,27.0,0.5,4.0,0.5,0.8,0.2,4.9406e-08,0.0422045,0.674969,1.26452e-06,9.36621e-09,1
nmos,sky130_fd_pr__nfet_01v8,tt,27.0,0.5,4.0,0.5,0.8,0.3,2.85551e-08,0.0424306,0.695888,7.5221e-07,5.4983e-09,1
nmos,sky130_fd_pr__nfet_01v8,tt,27.0,0.5,4.0,0.5,1.2,0.0,1.61371e-07,0.0424191,0.628456,3.84666e-06,2.64883e-08,1
nmos,sky130_fd_pr__nfet_01v8,tt,27.0,0.5,4.0,0.5,1.2,0.1,9.2298e-08,0.0421685,0.651874,2.28204e-06,1.55361e-08,1
nmos,sky130_fd_pr__nfet_01v8,tt,27.0,0.5,4.0,0.5,1.2,0.2,5.30858e-08,0.0422228,0.673946,1.3567e-06,9.11937e-09,1
nmos,sky130_fd_pr__nfet_01v8,tt,27.0,0.5,4.0,0.5,1.2,0.3,3.07183e-08,0.0424417,0.694865,8.08231e-07,5.36734e-09,1
nmos,sky130_fd_pr__nfet_01v8,tt,27.0,0.5,4.0,0.5,1.5,0.0,1.69309e-07,0.0424569,0.627689,4.0286e-06,2.64861e-08,1
nmos,sky130_fd_pr__nfet_01v8,tt,27.0,0.5,4.0,0.5,1.5,0.1,9.69591e-08,0.0421917,0.651106,2.39393e-06,1.557e-08,1
nmos,sky130_fd_pr__nfet_01v8,tt,27.0,0.5,4.0,0.5,1.5,0.2,5.58244e-08,0.0422369,0.673178,1.42511e-06,9.15646e-09,1
nmos,sky130_fd_pr__nfet_01v8,tt,27.0,0.5,4.0,0.5,1.5,0.3,3.23314e-08,0.0424502,0.694098,8.49913e-07,5.39774e-09,1
nmos,sky130_fd_pr__nfet_01v8,tt,27.0,0.5,4.0,0.6,0.15,0.0,1.25683e-06,0.0552391,0.631141,2.69408e-05,6.85836e-07,1
nmos,sky130_fd_pr__nfet_01v8,tt,27.0,0.5,4.0,0.6,0.15,0.1,7.77358e-07,0.0510423,0.654558,1.73601e-05,4.14092e-07,1
nmos,sky130_fd_pr__nfet_01v8,tt,27.0,0.5,4.0,0.6,0.15,0.2,4.82379e-07,0.0482057,0.676631,1.11515e-05,2.5397e-07,1
nmos,sky130_fd_pr__nfet_01v8,tt,27.0,0.5,4.0,0.6,0.15,0.3,3.00509e-07,0.0463931,0.69755,7.1715e-06,1.57599e-07,1
nmos,sky130_fd_pr__nfet_01v8,tt,27.0,0.5,4.0,0.6,0.3,0.0,1.32434e-06,0.0553356,0.630757,2.84101e-05,3.39135e-07,1
nmos,sky130_fd_pr__nfet_01v8,tt,27.0,0.5,4.0,0.6,0.3,0.1,8.19244e-07,0.0511146,0.654175,1.82968e-05,2.14765e-07,1
nmos,sky130_fd_pr__nfet_01v8,tt,27.0,0.5,4.0,0.6,0.3,0.2,5.08563e-07,0.0482579,0.676247,1.17532e-05,1.36189e-07,1
nmos,sky130_fd_pr__nfet_01v8,tt,27.0,0.5,4.0,0.6,0.3,0.3,3.16971e-07,0.0464297,0.697167,7.56077e-06,8.64814e-08,1
nmos,sky130_fd_pr__nfet_01v8,tt,27.0,0.5,4.0,0.6,0.5,0.0,1.38282e-06,0.0554649,0.630246,2.9586e-05,2.62324e-07,1
nmos,sky130_fd_pr__nfet_01v8,tt,27.0,0.5,4.0,0.6,0.5,0.1,8.56664e-07,0.0512115,0.653664,1.9087e-05,1.69262e-07,1
nmos,sky130_fd_pr__nfet_01v8,tt,27.0,0.5,4.0,0.6,0.5,0.2,5.32473e-07,0.0483281,0.675736,1.22807e-05,1.08822e-07,1
nmos,sky130_fd_pr__nfet_01v8,tt,27.0,0.5,4.0,0.6,0.5,0.3,3.32239e-07,0.046479,0.696655,7.9114e-06,6.98053e-08,1
nmos,sky130_fd_pr__nfet_01v8,tt,27.0,0.5,4.0,0.6,0.8,0.0,1.45557e-06,0.0556605,0.629479,3.09938e-05,2.29232e-07,1
nmos,sky130_fd_pr__nfet_01v8,tt,27.0,0.5,4.0,0.6,0.8,0.1,9.03934e-07,0.0513583,0.652896,2.00574e-05,1.49782e-07,1
nmos,sky130_fd_pr__nfet_01v8,tt,27.0,0.5,4.0,0.6,0.8,0.2,5.63023e-07,0.0484345,0.674969,1.29407e-05,9.72247e-08,1
nmos,sky130_fd_pr__nfet_01v8,tt,27.0,0.5,4.0,0.6,0.8,0.3,3.51914e-07,0.0465539,0.695888,8.35631e-06,6.28241e-08,1
nmos,sky130_fd_pr__nfet_01v8,tt,27.0,0.5,4.0,0.6,1.2,0.0,1.54406e-06,0.0559241,0.628456,3.26618e-05,2.15929e-07,1
nmos,sky130_fd_pr__nfet_01v8,tt,27.0,0.5,4.0,0.6,1.2,0.1,9.62033e-07,0.0515565,0.651874,2.12267e-05,1.42378e-07,1
nmos,sky130_fd_pr__nfet_01v8,tt,27.0,0.5,4.0,0.6,1.2,0.2,6.00881e-07,0.0485784,0.673946,1.37465e-05,9.30827e-08,1
nmos,sky130_fd_pr__nfet_01v8,tt,27.0,0.5,4.0,0.6,1.2,0.3,3.76451e-07,0.0466554,0.694865,8.90491e-06,6.04907e-08,1
nmos,sky130_fd_pr__nfet_01v8,tt,27.0,0.5,4.0,0.6,1.5,0.0,1.6083e-06,0.0561239,0.627689,3.38532e-05,2.12932e-07,1
nmos,sky130_fd_pr__nfet_01v8,tt,27.0,0.5,4.0,0.6,1.5,0.1,1.0045e-06,0.0517071,0.651106,2.20707e-05,1.41065e-07,1
nmos,sky130_fd_pr__nfet_01v8,tt,27.0,0.5,4.0,0.6,1.5,0.2,6.28698e-07,0.048688,0.673178,1.43329e-05,9.25782e-08,1
nmos,sky130_fd_pr__nfet_01v8,tt,27.0,0.5,4.0,0.6,1.5,0.3,3.94557e-07,0.0467327,0.694098,9.30665e-06,6.03516e-08,1
nmos,sky130_fd_pr__nfet_01v8,tt,27.0,0.5,4.0,0.7,0.15,0.0,8.31126e-06,0.0962733,0.631141,0.0001305,7.2071e-06,1
nmos,sky130_fd_pr__nfet_01v8,tt,27.0,0.5,4.0,0.7,0.15,0.1,5.84372e-06,0.0856646,0.654558,0.000101024,4.38887e-06,1
nmos,sky130_fd_pr__nfet_01v8,tt,27.0,0.5,4.0,0.7,0.15,0.2,4.04478e-06,0.0765215,0.676631,7.58126e-05,2.72218e-06,1
nmos,sky130_fd_pr__nfet_01v8,tt,27.0,0.5,4.0,0.7,0.15,0.3,2.76698e-06,0.068878,0.69755,5.54085e-05,1.71923e-06,1
nmos,sky130_fd_pr__nfet_01v8,tt,27.0,0.5,4.0,0.7,0.3,0.0,8.85483e-06,0.0964848,0.630757,0.000141389,2.20669e-06,1
nmos,sky130_fd_pr__nfet_01v8,tt,27.0,0.5,4.0,0.7,0.3,0.1,6.19956e-06,0.0858576,0.654175,0.000108307,1.53875e-06,1
nmos,sky130_fd_pr__nfet_01v8,tt,27.0,0.5,4.0,0.7,0.3,0.2,4.27962e-06,0.0766925,0.676247,8.07287e-05,1.06837e-06,1
nmos,sky130_fd_pr__nfet_01v8,tt,27.0,0.5,4.0,0.7,0.3,0.3,2.92306e-06,0.0690252,0.697167,5.87514e-05,7.38979e-07,1
nmos,sky130_fd_pr__nfet_01v8,tt,27.0,0.5,4.0,0.7,0.5,0.0,9.20271e-06,0.0967673,0.630246,0.000146753,1.45392e-06,1
nmos,sky130_fd_pr__nfet_01v8,tt,27.0,0.5,4.0,0.7,0.5,0.1,6.44833e-06,0.0861155,0.653664,0.000112418,1.06086e-06,1
nmos,sky130_fd_pr__nfet_01v8,tt,27.0,0.5,4.0,0.7,0.5,0.2,4.45605e-06,0.0769212,0.675736,8.38397e-05,7.65153e-07,1
nmos,sky130_fd_pr__nfet_01v8,tt,27.0,0.5,4.0,0.7,0.5,0.3,3.04725e-06,0.0692221,0.696655,6.10742e-05,5.46125e-07,1
nmos,sky130_fd_pr__nfet_01v8,tt,27.0,0.5,4.0,0.7,0.8,0.0,9.5853e-06,0.0971921,0.629479,0.000151995,1.1552e-06,1
nmos,sky130_fd_pr__nfet_01v8,tt,27.0,0.5,4.0,0.7,0.8,0.1,6.73159e-06,0.0865037,0.652896,0.000116666,8.65553e-07,1
nmos,sky130_fd_pr__nfet_01v8,tt,27.0,0.5,4.0,0.7,0.8,0.2,4.66294e-06,0.0772659,0.674969,8.72117e-05,6.38668e-07,1
nmos,sky130_fd_pr__nfet_01v8,tt,27.0,0.5,4.0,0.7,0.8,0.3,3.19649e-06,0.0695192,0.695888,6.36951e-05,4.64689e-07,1
nmos,sky130_fd_pr__nfet_01v8,tt,27.0,0.5,4.0,0.7,1.2,0.0,1.00164e-05,0.0977604,0.628456,0.000157465,1.02276e-06,1
nmos,sky130_fd_pr__nfet_01v8,tt,27.0,0.5,4.0,0.7,1.2,0.1,7.05762e-06,0.0870236,0.651874,0.000121255,7.79459e-07,1
nmos,sky130_fd_pr__nfet_01v8,tt,27.0,0.5,4.0,0.7,1.2,0.2,4.90545e-06,0.0777283,0.673946,9.09655e-05,5.83752e-07,1
nmos,sky130_fd_pr__nfet_01v8,tt,27.0,0.5,4.0,0.7,1.2,0.3,3.37417e-06,0.0699184,0.694865,6.66881e-05,4.30194e-07,1
nmos,sky130_fd_pr__nfet_01v8,tt,27.0,0.5,4.0,0.7,1.5,0.0,1.0316e-05,0.0981881,0.627689,0.0001611,9.79132e-07,1
nmos,sky130_fd_pr__nfet_01v8,tt,27.0,0.5,4.0,0.7,1.5,0.1,7.28691e-06,0.0874154,0.651106,0.000124365,7.52154e-07,1
nmos,sky130_fd_pr__nfet_01v8,tt,27.0,0.5,4.0,0.7,1.5,0.2,5.07781e-06,0.0780772,0.673178,9.35526e-05,5.67288e-07,1
nmos,sky130_fd_pr__nfet_01v8,tt,27.0,0.5,4.0,0.7,1.5,0.3,3.5016e-06,0.0702201,0.694098,6.87813e-05,4.20655e-07,1
nmos,sky130_fd_pr__nfet_01v8,tt,27.0,0.5,4.0,0.8,0.15,0.0,2.82469e-05,0.157986,0.631141,0.000256347,6.23107e-05,0
nmos,sky130_fd_pr__nfet_01v8,tt,27.0,0.5,4.0,0.8,0.15,0.1,2.30224e-05,0.145289,0.654558,0.000237059,4.27575e-05,0
nmos,sky130_fd_pr__nfet_01v8,tt,27.0,0.5,4.0,0.8,0.15,0.2,1.84663e-05,0.13309,0.676631,0.000214295,2.85601e-05,0
nmos,sky130_fd_pr__nfet_01v8,tt,27.0,0.5,4.0,0.8,0.15,0.3,1.45712e-05,0.121497,0.69755,0.000188974,1.8773e-05,0
nmos,sky130_fd_pr__nfet_01v8,tt,27.0,0.5,4.0,0.8,0.3,0.0,3.18959e-05,0.158233,0.630757,0.00031947,9.90426e-06,1
nmos,sky130_fd_pr__nfet_01v8,tt,27.0,0.5,4.0,0.8,0.3,0.1,2.55594e-05,0.145537,0.654175,0.000283714,7.4496e-06,1
nmos,sky130_fd_pr__nfet_01v8,tt,27.0,0.5,4.0,0.8,0.3,0.2,2.02229e-05,0.133335,0.676247,0.000248006,5.60422e-06,1
nmos,sky130_fd_pr__nfet_01v8,tt,27.0,0.5,4.0,0.8,0.3,0.3,1.57889e-05,0.121736,0.697167,0.000213019,4.21192e-06,1
nmos,sky130_fd_pr__nfet_01v8,tt,27.0,0.5,4.0,0.8,0.5,0.0,3.32256e-05,0.158562,0.630246,0.000335119,4.88272e-06,1
nmos,sky130_fd_pr__nfet_01v8,tt,27.0,0.5,4.0,0.8,0.5,0.1,2.65973e-05,0.145867,0.653664,0.000296581,3.93034e-06,1
nmos,sky130_fd_pr__nfet_01v8,tt,27.0,0.5,4.0,0.8,0.5,0.2,2.10309e-05,0.133662,0.675736,0.000258584,3.14564e-06,1
nmos,sky130_fd_pr__nfet_01v8,tt,27.0,0.5,4.0,0.8,0.5,0.3,1.64153e-05,0.122056,0.696655,0.000221696,2.50054e-06,1
nmos,sky130_fd_pr__nfet_01v8,tt,27.0,0.5,4.0,0.8,0.8,0.0,3.44082e-05,0.159057,0.629479,0.000346118,3.33707e-06,1
nmos,sky130_fd_pr__nfet_01v8,tt,27.0,0.5,4.0,0.8,0.8,0.1,2.75673e-05,0.146362,0.652896,0.000306314,2.7799e-06,1
nmos,sky130_fd_pr__nfet_01v8,tt,27.0,0.5,4.0,0.8,0.8,0.2,2.1821e-05,0.134152,0.674969,0.000267154,2.29759e-06,1
nmos,sky130_fd_pr__nfet_01v8,tt,27.0,0.5,4.0,0.8,0.8,0.3,1.70537e-05,0.122536,0.695888,0.000229192,1.88181e-06,1
nmos,sky130_fd_pr__nfet_01v8,tt,27.0,0.5,4.0,0.8,1.2,0.0,3.55939e-05,0.159716,0.628456,0.000355641,2.6998e-06,1
nmos,sky130_fd_pr__nfet_01v8,tt,27.0,0.5,4.0,0.8,1.2,0.1,2.85661e-05,0.147022,0.651874,0.000315088,2.29548e-06,1
nmos,sky130_fd_pr__nfet_01v8,tt,27.0,0.5,4.0,0.8,1.2,0.2,2.26552e-05,0.134807,0.673946,0.000275188,1.93431e-06,1
nmos,sky130_fd_pr__nfet_01v8,tt,27.0,0.5,4.0,0.8,1.2,0.3,1.77438e-05,0.123178,0.694865,0.000236484,1.61332e-06,1
nmos,sky130_fd_pr__nfet_01v8,tt,27.0,0.5,4.0,0.8,1.5,0.0,3.63684e-05,0.16021,0.627689,0.000361353,2.48312e-06,1
nmos,sky130_fd_pr__nfet_01v8,tt,27.0,0.5,4.0,0.8,1.5,0.1,2.92277e-05,0.147517,0.651106,0.000320468,2.13043e-06,1
nmos,sky130_fd_pr__nfet_01v8,tt,27.0,0.5,4.0,0.8,1.5,0.2,2.32152e-05,0.135299,0.673178,0.000280221,1.81075e-06,1
nmos,sky130_fd_pr__nfet_01v8,tt,27.0,0.5,4.0,0.8,1.5,0.3,1.82129e-05,0.123659,0.694098,0.000241149,1.52261e-06,1
nmos,sky130_fd_pr__nfet_01v8,tt,27.0,0.5,4.0,0.9,0.15,0.0,5.63544e-05,0.221074,0.631141,0.000294535,0.000211187,0
nmos,sky130_fd_pr__nfet_01v8,tt,27.0,0.5,4.0,0.9,0.15,0.1,5.01224e-05,0.209398,0.654558,0.000290646,0.00017629,0
nmos,sky130_fd_pr__nfet_01v8,tt,27.0,0.5,4.0,0.9,0.15,0.2,4.42958e-05,0.197858,0.676631,0.000285526,0.000144553,0
nmos,sky130_fd_pr__nfet_01v8,tt,27.0,0.5,4.0,0.9,0.15,0.3,3.88527e-05,0.186474,0.69755,0.000278782,0.000116072,0
nmos,sky130_fd_pr__nfet_01v8,tt,27.0,0.5,4.0,0.9,0.3,0.0,7.13247e-05,0.221306,0.630757,0.000458791,3.55798e-05,1
nmos,sky130_fd_pr__nfet_01v8,tt,27.0,0.5,4.0,0.9,0.3,0.1,6.20014e-05,0.209636,0.654175,0.000435358,2.79235e-05,1
nmos,sky130_fd_pr__nfet_01v8,tt,27.0,0.5,4.0,0.9,0.3,0.2,5.35892e-05,0.1981,0.676247,0.000410604,2.19644e-05,1
nmos,sky130_fd_pr__nfet_01v8,tt,27.0,0.5,4.0,0.9,0.3,0.3,4.60204e-05,0.186721,0.697167,0.000384619,1.73152e-05,1
nmos,sky130_fd_pr__nfet_01v8,tt,27.0,0.5,4.0,0.9,0.5,0.0,7.52313e-05,0.221616,0.630246,0.000497895,1.20029e-05,1
nmos,sky130_fd_pr__nfet_01v8,tt,27.0,0.5,4.0,0.9,0.5,0.1,6.519e-05,0.209953,0.653664,0.000468275,1.01763e-05,1
nmos,sky130_fd_pr__nfet_01v8,tt,27.0,0.5,4.0,0.9,0.5,0.2,5.61965e-05,0.198423,0.675736,0.000438396,8.6231e-06,1
nmos,sky130_fd_pr__nfet_01v8,tt,27.0,0.5,4.0,0.9,0.5,0.3,4.81545e-05,0.18705,0.696655,0.000408152,7.29775e-06,1
nmos,sky130_fd_pr__nfet_01v8,tt,27.0,0.5,4.0,0.9,0.8,0.0,7.78759e-05,0.22208,0.629479,0.000516554,6.9e-06,1
nmos,sky130_fd_pr__nfet_01v8,tt,27.0,0.5,4.0,0.9,0.8,0.1,6.7476e-05,0.210428,0.652896,0.000485238,6.06226e-06,1
nmos,sky130_fd_pr__nfet_01v8,tt,27.0,0.5,4.0,0.9,0.8,0.2,5.817e-05,0.198908,0.674969,0.000453829,5.31628e-06,1
nmos,sky130_fd_pr__nfet_01v8,tt,27.0,0.5,4.0,0.9,0.8,0.3,4.9855e-05,0.187543,0.695888,0.000422196,4.65015e-06,1
nmos,sky130_fd_pr__nfet_01v8,tt,27.0,0.5,4.0,0.9,1.2,0.0,8.02048e-05,0.222698,0.628456,0.000529934,5.07604e-06,1
nmos,sky130_fd_pr__nfet_01v8,tt,27.0,0.5,4.0,0.9,1.2,0.1,6.95437e-05,0.21106,0.651874,0.000497855,4.54792e-06,1
nmos,sky130_fd_pr__nfet_01v8,tt,27.0,0.5,4.0,0.9,1.2,0.2,6.0002e-05,0.199554,0.673946,0.000465731,4.06523e-06,1
nmos,sky130_fd_pr__nfet_01v8,tt,27.0,0.5,4.0,0.9,1.2,0.3,5.14737e-05,0.1882,0.694865,0.00043342,3.6227e-06,1
nmos,sky130_fd_pr__nfet_01v8,tt,27.0,0.5,4.0,0.9,1.5,0.0,8.16303e-05,0.223161,0.627689,0.000537222,4.48272e-06,1
nmos,sky130_fd_pr__nfet_01v8,tt,27.0,0.5,4.0,0.9,1.5,0.1,7.08265e-05,0.211534,0.651106,0.000504857,4.05044e-06,1
nmos,sky130_fd_pr__nfet_01v8,tt,27.0,0.5,4.0,0.9,1.5,0.2,6.11536e-05,0.200038,0.673178,0.000472459,3.65061e-06,1
nmos,sky130_fd_pr__nfet_01v8,tt,27.0,0.5,4.0,0.9,1.5,0.3,5.25043e-05,0.188693,0.694098,0.000439884,3.2796e-06,1
nmos,sky130_fd_pr__nfet_01v8,tt,27.0,0.5,4.0,1.0,0.15,0.0,8.60219e-05,0.279089,0.631141,0.000296363,0.000393685,0
nmos,sky130_fd_pr__nfet_01v8,tt,27.0,0.5,4.0,1.0,0.15,0.1,7.9615e-05,0.268873,0.654558,0.000295843,0.000355298,0
nmos,sky130_fd_pr__nfet_01v8,tt,27.0,0.5,4.0,1.0,0.15,0.2,7.35617e-05,0.258743,0.676631,0.000295213,0.000319157,0
nmos,sky130_fd_pr__nfet_01v8,tt,27.0,0.5,4.0,1.0,0.15,0.3,6.78185e-05,0.248697,0.69755,0.000294375,0.000285053,0
nmos,sky130_fd_pr__nfet_01v8,tt,27.0,0.5,4.0,1.0,0.3,0.0,0.000121483,0.279298,0.630757,0.000533584,0.000106754,0
nmos,sky130_fd_pr__nfet_01v8,tt,27.0,0.5,4.0,1.0,0.3,0.1,0.000110455,0.269088,0.654175,0.000522561,8.79512e-05,0
nmos,sky130_fd_pr__nfet_01v8,tt,27.0,0.5,4.0,1.0,0.3,0.2,0.0001002,0.258963,0.676247,0.000510236,7.2227e-05,0
nmos,sky130_fd_pr__nfet_01v8,tt,27.0,0.5,4.0,1.0,0.3,0.3,9.06534e-05,0.248922,0.697167,0.000496565,5.91932e-05,1
nmos,sky130_fd_pr__nfet_01v8,tt,27.0,0.5,4.0,1.0,0.5,0.0,0.000131529,0.279577,0.630246,0.000622597,2.51949e-05,1
nmos,sky130_fd_pr__nfet_01v8,tt,27.0,0.5,4.0,1.0,0.5,0.1,0.000118889,0.269374,0.653664,0.000599755,2.19475e-05,1
nmos,sky130_fd_pr__nfet_01v8,tt,27.0,0.5,4.0,1.0,0.5,0.2,0.000107291,0.259256,0.675736,0.000577052,1.91513e-05,1
nmos,sky130_fd_pr__nfet_01v8,tt,27.0,0.5,4.0,1.0,0.5,0.3,9.66261e-05,0.249221,0.696655,0.000554347,1.67318e-05,1
nmos,sky130_fd_pr__nfet_01v8,tt,27.0,0.5,4.0,1.0,0.8,0.0,0.000136554,0.279995,0.629479,0.000652234,1.20597e-05,1
nmos,sky130_fd_pr__nfet_01v8,tt,27.0,0.5,4.0,1.0,0.8,0.1,0.000123351,0.269802,0.652896,0.00062697,1.0891e-05,1
nmos,sky130_fd_pr__nfet_01v8,tt,27.0,0.5,4.0,1.0,0.8,0.2,0.000111259,0.259695,0.674969,0.000602098,9.83937e-06,1
nmos,sky130_fd_pr__nfet_01v8,tt,27.0,0.5,4.0,1.0,0.8,0.3,0.000100156,0.249671,0.695888,0.000577439,8.88936e-06,1
nmos,sky130_fd_pr__nfet_01v8,tt,27.0,0.5,4.0,1.0,1.2,0.0,0.000140431,0.280552,0.628456,0.000669928,8.10727e-06,1
nmos,sky130_fd_pr__nfet_01v8,tt,27.0,0.5,4.0,1.0,1.2,0.1,0.000126887,0.270373,0.651874,0.000643795,7.45336e-06,1
nmos,sky130_fd_pr__nfet_01v8,tt,27.0,0.5,4.0,1.0,1.2,0.2,0.000114483,0.260279,0.673946,0.000618116,6.8524e-06,1
nmos,sky130_fd_pr__nfet_01v8,tt,27.0,0.5,4.0,1.0,1.2,0.3,0.000103096,0.250269,0.694865,0.000592704,6.2978e-06,1
nmos,sky130_fd_pr__nfet_01v8,tt,27.0,0.5,4.0,1.0,1.5,0.0,0.000142664,0.280969,0.627689,0.000678806,6.89923e-06,1
nmos,sky130_fd_pr__nfet_01v8,tt,27.0,0.5,4.0,1.0,1.5,0.1,0.000128948,0.270801,0.651106,0.000652368,6.39035e-06,1
nmos,sky130_fd_pr__nfet_01v8,tt,27.0,0.5,4.0,1.0,1.5,0.2,0.000116385,0.260718,0.673178,0.000626404,5.91842e-06,1
nmos,sky130_fd_pr__nfet_01v8,tt,27.0,0.5,4.0,1.0,1.5,0.3,0.00010485,0.250717,0.694098,0.000600723,5.47889e-06,1
nmos,sky130_fd_pr__nfet_01v8,tt,27.0,0.5,4.0,1.2,0.15,0.0,0.000143844,0.380895,0.631141,0.000279433,0.000764793,0
nmos,sky130_fd_pr__nfet_01v8,tt,27.0,0.5,4.0,1.2,0.15,0.1,0.000137442,0.37292,0.654558,0.000279649,0.000725221,0
nmos,sky130_fd_pr__nfet_01v8,tt,27.0,0.5,4.0,1.2,0.15,0.2,0.000131407,0.365051,0.676631,0.000279995,0.000687886,0
nmos,sky130_fd_pr__nfet_01v8,tt,27.0,0.5,4.0,1.2,0.15,0.3,0.000125686,0.357279,0.69755,0.000280443,0.000652476,0
nmos,sky130_fd_pr__nfet_01v8,tt,27.0,0.5,4.0,1.2,0.3,0.0,0.000231204,0.381064,0.630757,0.000544794,0.000404295,0
nmos,sky130_fd_pr__nfet_01v8,tt,27.0,0.5,4.0,1.2,0.3,0.1,0.000219325,0.373092,0.654175,0.000543855,0.000371107,0
nmos,sky130_fd_pr__nfet_01v8,tt,27.0,0.5,4.0,1.2,0.3,0.2,0.000208125,0.365228,0.676247,0.000543077,0.000339965,0
nmos,sky130_fd_pr__nfet_01v8,tt,27.0,0.5,4.0,1.2,0.3,0.3,0.000197512,0.357458,0.697167,0.000542358,0.000310678,0
nmos,sky130_fd_pr__nfet_01v8,tt,27.0,0.5,4.0,1.2,0.5,0.0,0.000273983,0.38129,0.630246,0.000782303,8.99397e-05,1
nmos,sky130_fd_pr__nfet_01v8,tt,27.0,0.5,4.0,1.2,0.5,0.1,0.000257733,0.373323,0.653664,0.00076869,8.04035e-05,1
nmos,sky130_fd_pr__nfet_01v8,tt,27.0,0.5,4.0,1.2,0.5,0.2,0.000242581,0.365463,0.675736,0.000755396,7.20774e-05,1
nmos,sky130_fd_pr__nfet_01v8,tt,27.0,0.5,4.0,1.2,0.5,0.3,0.000228393,0.357698,0.696655,0.000742301,6.47734e-05,1
nmos,sky130_fd_pr__nfet_01v8,tt,27.0,0.5,4.0,1.2,0.8,0.0,0.000288479,0.381629,0.629479,0.00085296,2.87581e-05,1
nmos,sky130_fd_pr__nfet_01v8,tt,27.0,0.5,4.0,1.2,0.8,0.1,0.000270934,0.373668,0.652896,0.00083405,2.66757e-05,1
nmos,sky130_fd_pr__nfet_01v8,tt,27.0,0.5,4.0,1.2,0.8,0.2,0.000254633,0.365815,0.674969,0.000816025,2.47865e-05,1
nmos,sky130_fd_pr__nfet_01v8,tt,27.0,0.5,4.0,1.2,0.8,0.3,0.000239419,0.358057,0.695888,0.000798681,2.30641e-05,1
nmos,sky130_fd_pr__nfet_01v8,tt,27.0,0.5,4.0,1.2,1.2,0.0,0.000296916,0.382079,0.628456,0.000881387,1.63084e-05,1
nmos,sky130_fd_pr__nfet_01v8,tt,27.0,0.5,4.0,1.2,1.2,0.1,0.000278826,0.374128,0.651874,0.000861293,1.53675e-05,1
nmos,sky130_fd_pr__nfet_01v8,tt,27.0,0.5,4.0,1.2,1.2,0.2,0.000262026,0.366284,0.673946,0.00084218,1.44993e-05,1
nmos,sky130_fd_pr__nfet_01v8,tt,27.0,0.5,4.0,1.2,1.2,0.3,0.000246354,0.358536,0.694865,0.000823827,1.36943e-05,1
nmos,sky130_fd_pr__nfet_01v8,tt,27.0,0.5,4.0,1.2,1.5,0.0,0.000301259,0.382417,0.627689,0.000893652,1.30096e-05,1
nmos,sky130_fd_pr__nfet_01v8,tt,27.0,0.5,4.0,1.2,1.5,0.1,0.000282932,0.374472,0.651106,0.000873204,1.23329e-05,1
nmos,sky130_fd_pr__nfet_01v8,tt,27.0,0.5,4.0,1.2,1.5,0.2,0.000265912,0.366635,0.673178,0.000853762,1.17048e-05,1
nmos,sky130_fd_pr__nfet_01v8,tt,27.0,0.5,4.0,1.2,1.5,0.3,0.000250034,0.358894,0.694098,0.000835104,1.11188e-05,1
nmos,sky130_fd_pr__nfet_01v8,tt,27.0,0.5,8.0,0.5,0.15,0.0,2.88118e-07,0.0425332,0.619411,6.92575e-06,1.73295e-07,1
nmos,sky130_fd_pr__nfet_01v8,tt,27.0,0.5,8.0,0.5,0.15,0.1,1.64901e-07,0.0422381,0.642598,4.10143e-06,9.98304e-08,1
nmos,sky130_fd_pr__nfet_01v8,tt,27.0,0.5,8.0,0.5,0.15,0.2,9.48935e-08,0.0422485,0.664494,2.43492e-06,5.78277e-08,1
nmos,sky130_fd_pr__nfet_01v8,tt,27.0,0.5,8.0,0.5,0.15,0.3,5.49244e-08,0.0424254,0.685283,1.44881e-06,3.36861e-08,1
nmos,sky130_fd_pr__nfet_01v8,tt,27.0,0.5,8.0,0.5,0.3,0.0,3.07122e-07,0.0425435,0.619203,7.37763e-06,1.02897e-07,1
nmos,sky130_fd_pr__nfet_01v8,tt,27.0,0.5,8.0,0.5,0.3,0.1,1.75895e-07,0.0422444,0.642391,4.37268e-06,5.97384e-08,1
nmos,sky130_fd_pr__nfet_01v8,tt,27.0,0.5,8.0,0.5,0.3,0.2,1.01277e-07,0.0422523,0.664286,2.59772e-06,3.4755e-08,1
nmos,sky130_fd_pr__nfet_01v8,tt,27.0,0.5,8.0,0.5,0.3,0.3,5.86469e-08,0.0424277,0.685075,1.54654e-06,2.02939e-08,1
nmos,sky130_fd_pr__nfet_01v8,tt,27.0,0.5,8.0,0.5,0.5,0.0,3.25469e-07,0.0425572,0.618926,7.80728e-06,8.43746e-08,1
nmos,sky130_fd_pr__nfet_01v8,tt,27.0,0.5,8.0,0.5,0.5,0.1,1.86573e-07,0.0422528,0.642114,4.63359e-06,4.92087e-08,1
nmos,sky130_fd_pr__nfet_01v8,tt,27.0,0.5,8.0,0.5,0.5,0.2,1.07499e-07,0.0422574,0.66401,2.75543e-06,2.87157e-08,1
nmos,sky130_fd_pr__nfet_01v8,tt,27.0,0.5,8.0,0.5,0.5,0.3,6.22842e-08,0.0424308,0.684798,1.64164e-06,1.6803e-08,1
nmos,sky130_fd_pr__nfet_01v8,tt,27.0,0.5,8.0,0.5,0.8,0.0,3.49288e-07,0.0425779,0.618511,8.36033e-06,7.6052e-08,1
nmos,sky130_fd_pr__nfet_01v8,tt,27.0,0.5,8.0,0.5,0.8,0.1,2.00493e-07,0.0422656,0.641699,4.97181e-06,4.45211e-08,1
nmos,sky130_fd_pr__nfet_01v8,tt,27.0,0.5,8.0,0.5,0.8,0.2,1.15633e-07,0.0422652,0.663594,2.96082e-06,2.60501e-08,1
nmos,sky130_fd_pr__nfet_01v8,tt,27.0,0.5,8.0,0.5,0.8,0.3,6.70492e-08,0.0424355,0.684383,1.76588e-06,1.52742e-08,1
nmos,sky130_fd_pr__nfet_01v8,tt,27.0,0.5,8.0,0.5,1.2,0.0,3.78916e-07,0.0426058,0.617957,9.04398e-06,7.28043e-08,1
nmos,sky130_fd_pr__nfet_01v8,tt,27.0,0.5,8.0,0.5,1.2,0.1,2.17866e-07,0.0422829,0.641145,5.39215e-06,4.27517e-08,1
nmos,sky130_fd_pr__nfet_01v8,tt,27.0,0.5,8.0,0.5,1.2,0.2,1.25811e-07,0.0422757,0.66304,3.21703e-06,2.50734e-08,1
nmos,sky130_fd_pr__nfet_01v8,tt,27.0,0.5,8.0,0.5,1.2,0.3,7.30227e-08,0.0424419,0.683829,1.92129e-06,1.47291e-08,1
nmos,sky130_fd_pr__nfet_01v8,tt,27.0,0.5,8.0,0.5,1.5,0.0,4.00644e-07,0.042627,0.617542,9.54328e-06,7.21956e-08,1
nmos,sky130_fd_pr__nfet_01v8,tt,27.0,0.5,8.0,0.5,1.5,0.1,2.30636e-07,0.0422959,0.64073,5.70022e-06,4.24683e-08,1
nmos,sky130_fd_pr__nfet_01v8,tt,27.0,0.5,8.0,0.5,1.5,0.2,1.33306e-07,0.0422837,0.662625,3.4053e-06,2.49414e-08,1
nmos,sky130_fd_pr__nfet_01v8,tt,27.0,0.5,8.0,0.5,1.5,0.3,7.74279e-08,0.0424467,0.683414,2.03572e-06,1.46681e-08,1
nmos,sky130_fd_pr__nfet_01v8,tt,27.0,0.5,8.0,0.6,0.15,0.0,2.85743e-06,0.0563396,0.619411,6.17474e-05,1.8156e-06,1
nmos,sky130_fd_pr__nfet_01v8,tt,27.0,0.5,8.0,0.6,0.15,0.1,1.77336e-06,0.0518474,0.642598,3.99494e-05,1.10449e-06,1
nmos,sky130_fd_pr__nfet_01v8,tt,27.0,0.5,8.0,0.6,0.15,0.2,1.10235e-06,0.0487551,0.664494,2.56961e-05,6.8068e-07,1
nmos,sky130_fd_pr__nfet_01v8,tt,27.0,0.5,8.0,0.6,0.15,0.3,6.87222e-07,0.0467362,0.685283,1.65184e-05,4.23472e-07,1
nmos,sky130_fd_pr__nfet_01v8,tt,27.0,0.5,8.0,0.6,0.3,0.0,3.04076e-06,0.056395,0.619203,6.57176e-05,9.33933e-07,1
nmos,sky130_fd_pr__nfet_01v8,tt,27.0,0.5,8.0,0.6,0.3,0.1,1.88811e-06,0.0518892,0.642391,4.25074e-05,5.97215e-07,1
nmos,sky130_fd_pr__nfet_01v8,tt,27.0,0.5,8.0,0.6,0.3,0.2,1.1745e-06,0.0487855,0.664286,2.73533e-05,3.8125e-07,1
nmos,sky130_fd_pr__nfet_01v8,tt,27.0,0.5,8.0,0.6,0.3,0.3,7.32731e-07,0.0467576,0.685075,1.75964e-05,2.42994e-07,1
nmos,sky130_fd_pr__nfet_01v8,tt,27.0,0.5,8.0,0.6,0.5,0.0,3.20193e-06,0.0564691,0.618926,6.89205e-05,7.22004e-07,1
nmos,sky130_fd_pr__nfet_01v8,tt,27.0,0.5,8.0,0.6,0.5,0.1,1.99236e-06,0.0519451,0.642114,4.46909e-05,4.71418e-07,1
nmos,sky130_fd_pr__nfet_01v8,tt,27.0,0.5,8.0,0.6,0.5,0.2,1.24162e-06,0.0488262,0.66401,2.88282e-05,3.05561e-07,1
nmos,sky130_fd_pr__nfet_01v8,tt,27.0,0.5,8.0,0.6,0.5,0.3,7.75765e-07,0.0467864,0.684798,1.85848e-05,1.96882e-07,1
nmos,sky130_fd_pr__nfet_01v8,tt,27.0,0.5,8.0,0.6,0.8,0.0,3.40137e-06,0.0565806,0.618511,7.27098e-05,6.25602e-07,1
nmos,sky130_fd_pr__nfet_01v8,tt,27.0,0.5,8.0,0.6,0.8,0.1,2.1236e-06,0.0520294,0.641699,4.73506e-05,4.1428e-07,1
nmos,sky130_fd_pr__nfet_01v8,tt,27.0,0.5,8.0,0.6,0.8,0.2,1.32717e-06,0.0488876,0.663594,3.06646e-05,2.71362e-07,1
nmos,sky130_fd_pr__nfet_01v8,tt,27.0,0.5,8.0,0.6,0.8,0.3,8.31123e-07,0.0468297,0.684383,1.98355e-05,1.76198e-07,1
nmos,sky130_fd_pr__nfet_01v8,tt,27.0,0.5,8.0,0.6,1.2,0.0,3.6415e-06,0.0567302,0.617957,7.71346e-05,5.82717e-07,1
nmos,sky130_fd_pr__nfet_01v8,tt,27.0,0.5,8.0,0.6,1.2,0.1,2.28345e-06,0.0521426,0.641145,5.05183e-05,3.89651e-07,1
nmos,sky130_fd_pr__nfet_01v8,tt,27.0,0.5,8.0,0.6,1.2,0.2,1.4323e-06,0.0489701,0.66304,3.28847e-05,2.57129e-07,1
nmos,sky130_fd_pr__nfet_01v8,tt,27.0,0.5,8.0,0.6,1.2,0.3,8.99593e-07,0.0468881,0.683829,2.13644e-05,1.67894e-07,1
nmos,sky130_fd_pr__nfet_01v8,tt,27.0,0.5,8.0,0.6,1.5,0.0,3.81418e-06,0.0568431,0.617542,8.02592e-05,5.70079e-07,1
nmos,sky130_fd_pr__nfet_01v8,tt,27.0,0.5,8.0,0.6,1.5,0.1,2.39921e-06,0.052228,0.64073,5.27812e-05,3.83003e-07,1
nmos,sky130_fd_pr__nfet_01v8,tt,27.0,0.5,8.0,0.6,1.5,0.2,1.50884e-06,0.0490325,0.662625,3.44848e-05,2.53677e-07,1
nmos,sky130_fd_pr__nfet_01v8,tt,27.0,0.5,8.0,0.6,1.5,0.3,9.49639e-07,0.0469323,0.683414,2.24737e-05,1.66116e-07,1
nmos,sky130_fd_pr__nfet_01v8,tt,27.0,0.5,8.0,0.7,0.15,0.0,1.89414e-05,0.0994073,0.619411,0.000294059,1.88669e-05,1
nmos,sky130_fd_pr__nfet_01v8,tt,27.0,0.5,8.0,0.7,0.15,0.1,1.34462e-05,0.0885384,0.642598,0.000230913,1.16446e-05,1
nmos,sky130_fd_pr__nfet_01v8,tt,27.0,0.5,8.0,0.7,0.15,0.2,9.37412e-06,0.0790278,0.664494,0.000175399,7.28949e-06,1
nmos,sky130_fd_pr__nfet_01v8,tt,27.0,0.5,8.0,0.7,0.15,0.3,6.44202e-06,0.0709575,0.685283,0.000129374,4.63224e-06,1
nmos,sky130_fd_pr__nfet_01v8,tt,27.0,0.5,8.0,0.7,0.3,0.0,2.03997e-05,0.099525,0.619203,0.000322969,5.99754e-06,1
nmos,sky130_fd_pr__nfet_01v8,tt,27.0,0.5,8.0,0.7,0.3,0.1,1.44113e-05,0.0886468,0.642391,0.000250527,4.21815e-06,1
nmos,sky130_fd_pr__nfet_01v8,tt,27.0,0.5,8.0,0.7,0.3,0.2,1.00165e-05,0.0791249,0.664286,0.000188775,2.9522e-06,1
nmos,sky130_fd_pr__nfet_01v8,tt,27.0,0.5,8.0,0.7,0.3,0.3,6.87188e-06,0.0710418,0.685075,0.000138542,2.05704e-06,1
nmos,sky130_fd_pr__nfet_01v8,tt,27.0,0.5,8.0,0.7,0.5,0.0,2.13405e-05,0.0996821,0.618926,0.000337379,3.90164e-06,1
nmos,sky130_fd_pr__nfet_01v8,tt,27.0,0.5,8.0,0.7,0.5,0.1,1.509e-05,0.0887916,0.642114,0.000261639,2.87403e-06,1
nmos,sky130_fd_pr__nfet_01v8,tt,27.0,0.5,8.0,0.7,0.5,0.2,1.05022e-05,0.0792545,0.66401,0.000197239,2.09371e-06,1
nmos,sky130_fd_pr__nfet_01v8,tt,27.0,0.5,8.0,0.7,0.5,0.3,7.21667e-06,0.0711545,0.684798,0.00014491,1.5093e-06,1
nmos,sky130_fd_pr__nfet_01v8,tt,27.0,0.5,8.0,0.7,0.8,0.0,2.23566e-05,0.0999179,0.618511,0.000351109,3.03735e-06,1
nmos,sky130_fd_pr__nfet_01v8,tt,27.0,0.5,8.0,0.7,0.8,0.1,1.58502e-05,0.0890092,0.641699,0.000272828,2.30193e-06,1
nmos,sky130_fd_pr__nfet_01v8,tt,27.0,0.5,8.0,0.7,0.8,0.2,1.10636e-05,0.0794495,0.663594,0.000206195,1.71954e-06,1
nmos,sky130_fd_pr__nfet_01v8,tt,27.0,0.5,8.0,0.7,0.8,0.3,7.62626e-06,0.071324,0.684383,0.000151947,1.26667e-06,1
nmos,sky130_fd_pr__nfet_01v8,tt,27.0,0.5,8.0,0.7,1.2,0.0,2.34791e-05,0.100233,0.617957,0.000365037,2.6392e-06,1
nmos,sky130_fd_pr__nfet_01v8,tt,27.0,0.5,8.0,0.7,1.2,0.1,1.67095e-05,0.0892999,0.641145,0.000284594,2.03744e-06,1
nmos,sky130_fd_pr__nfet_01v8,tt,27.0,0.5,8.0,0.7,1.2,0.2,1.17113e-05,0.0797103,0.66304,0.000215922,1.54709e-06,1
nmos,sky130_fd_pr__nfet_01v8,tt,27.0,0.5,8.0,0.7,1.2,0.3,8.10704e-06,0.0715509,0.683829,0.000159811,1.15594e-06,1
nmos,sky130_fd_pr__nfet_01v8,tt,27.0,0.5,8.0,0.7,1.5,0.0,2.42481e-05,0.10047,0.617542,0.000374111,2.50068e-06,1
nmos,sky130_fd_pr__nfet_01v8,tt,27.0,0.5,8.0,0.7,1.5,0.1,1.73059e-05,0.0895185,0.64073,0.000292419,1.94686e-06,1
nmos,sky130_fd_pr__nfet_01v8,tt,27.0,0.5,8.0,0.7,1.5,0.2,1.21659e-05,0.0799065,0.662625,0.000222513,1.48948e-06,1
nmos,sky130_fd_pr__nfet_01v8,tt,27.0,0.5,8.0,0.7,1.5,0.3,8.44789e-06,0.0717218,0.683414,0.000165227,1.12025e-06,1
nmos,sky130_fd_pr__nfet_01v8,tt,27.0,0.5,8.0,0.8,0.15,0.0,6.24228e-05,0.161573,0.619411,0.000544321,0.000149774,0
nmos,sky130_fd_pr__nfet_01v8,tt,27.0,0.5,8.0,0.8,0.15,0.1,5.14323e-05,0.149181,0.642598,0.000509419,0.000105826,0
nmos,sky130_fd_pr__nfet_01v8,tt,27.0,0.5,8.0,0.8,0.15,0.2,4.17057e-05,0.137144,0.664494,0.000466881,7.26473e-05,0
nmos,sky130_fd_pr__nfet_01v8,tt,27.0,0.5,8.0,0.8,0.15,0.3,3.32557e-05,0.125571,0.685283,0.000417847,4.8866e-05,0
nmos,sky130_fd_pr__nfet_01v8,tt,27.0,0.5,8.0,0.8,0.3,0.0,7.16631e-05,0.161705,0.619203,0.000695264,2.63689e-05,1
nmos,sky130_fd_pr__nfet_01v8,tt,27.0,0.5,8.0,0.8,0.3,0.1,5.80086e-05,0.149314,0.642391,0.000624593,2.00602e-05,1
nmos,sky130_fd_pr__nfet_01v8,tt,27.0,0.5,8.0,0.8,0.3,0.2,4.63507e-05,0.137276,0.664286,0.00055261,1.52335e-05,1
nmos,sky130_fd_pr__nfet_01v8,tt,27.0,0.5,8.0,0.8,0.3,0.3,3.65271e-05,0.125701,0.685075,0.000480567,1.15383e-05,1
nmos,sky130_fd_pr__nfet_01v8,tt,27.0,0.5,8.0,0.8,0.5,0.0,7.52111e-05,0.161879,0.618926,0.000736173,1.2971e-05,1
nmos,sky130_fd_pr__nfet_01v8,tt,27.0,0.5,8.0,0.8,0.5,0.1,6.08005e-05,0.14949,0.642114,0.000658626,1.05008e-05,1
nmos,sky130_fd_pr__nfet_01v8,tt,27.0,0.5,8.0,0.8,0.5,0.2,4.8539e-05,0.137452,0.66401,0.000580852,8.44966e-06,1
nmos,sky130_fd_pr__nfet_01v8,tt,27.0,0.5,8.0,0.8,0.5,0.3,3.82339e-05,0.125875,0.684798,0.00050391,6.75244e-06,1
nmos,sky130_fd_pr__nfet_01v8,tt,27.0,0.5,8.0,0.8,0.8,0.0,7.83193e-05,0.162142,0.618511,0.000764815,8.66741e-06,1
nmos,sky130_fd_pr__nfet_01v8,tt,27.0,0.5,8.0,0.8,0.8,0.1,6.3362e-05,0.149754,0.641699,0.000684066,7.25154e-06,1
nmos,sky130_fd_pr__nfet_01v8,tt,27.0,0.5,8.0,0.8,0.8,0.2,5.06357e-05,0.137716,0.663594,0.00060332,6.02206e-06,1
nmos,sky130_fd_pr__nfet_01v8,tt,27.0,0.5,8.0,0.8,0.8,0.3,3.9937e-05,0.126136,0.684383,0.00052361,4.95903e-06,1
nmos,sky130_fd_pr__nfet_01v8,tt,27.0,0.5,8.0,0.8,1.2,0.0,8.1363e-05,0.162491,0.617957,0.000789068,6.85298e-06,1
nmos,sky130_fd_pr__nfet_01v8,tt,27.0,0.5,8.0,0.8,1.2,0.1,6.59365e-05,0.150107,0.641145,0.000706414,5.85144e-06,1
nmos,sky130_fd_pr__nfet_01v8,tt,27.0,0.5,8.0,0.8,1.2,0.2,5.27965e-05,0.138068,0.66304,0.000623785,4.95585e-06,1
nmos,sky130_fd_pr__nfet_01v8,tt,27.0,0.5,8.0,0.8,1.2,0.3,4.17345e-05,0.126484,0.683829,0.000542201,4.15864e-06,1
nmos,sky130_fd_pr__nfet_01v8,tt,27.0,0.5,8.0,0.8,1.5,0.0,8.33163e-05,0.162754,0.617542,0.000803335,6.22488e-06,1
nmos,sky130_fd_pr__nfet_01v8,tt,27.0,0.5,8.0,0.8,1.5,0.1,6.76123e-05,0.150372,0.64073,0.000719837,5.36409e-06,1
nmos,sky130_fd_pr__nfet_01v8,tt,27.0,0.5,8.0,0.8,1.5,0.2,5.42224e-05,0.138333,0.662625,0.000636333,4.58348e-06,1
nmos,sky130_fd_pr__nfet_01v8,tt,27.0,0.5,8.0,0.8,1.5,0.3,4.29364e-05,0.126744,0.683414,0.000553833,3.87892e-06,1
nmos,sky130_fd_pr__nfet_01v8,tt,27.0,0.5,8.0,0.9,0.15,0.0,0.00012094,0.22244,0.619411,0.00060498,0.000465206,0
nmos,sky130_fd_pr__nfet_01v8,tt,27.0,0.5,8.0,0.9,0.15,0.1,0.000108235,0.211423,0.642598,0.000599078,0.000393579,0
nmos,sky130_fd_pr__nfet_01v8,tt,27.0,0.5,8.0,0.9,0.15,0.2,9.62933e-05,0.200461,0.664494,0.000591114,0.000327777,0
nmos,sky130_fd_pr__nfet_01v8,tt,27.0,0.5,8.0,0.9,0.15,0.3,8.50668e-05,0.189572,0.685283,0.000580329,0.000267944,0
nmos,sky130_fd_pr__nfet_01v8,tt,27.0,0.5,8.0,0.9,0.3,0.0,0.000155389,0.222558,0.619203,0.000955298,8.88521e-05,1
nmos,sky130_fd_pr__nfet_01v8,tt,27.0,0.5,8.0,0.9,0.3,0.1,0.000136082,0.211545,0.642391,0.000912892,7.10014e-05,1
nmos,sky130_fd_pr__nfet_01v8,tt,27.0,0.5,8.0,0.9,0.3,0.2,0.000118511,0.200586,0.664286,0.000867563,5.67549e-05,1
nmos,sky130_fd_pr__nfet_01v8,tt,27.0,0.5,8.0,0.9,0.3,0.3,0.000102557,0.1897,0.685075,0.000819337,4.53785e-05,1
nmos,sky130_fd_pr__nfet_01v8,tt,27.0,0.5,8.0,0.9,0.5,0.0,0.000165395,0.222716,0.618926,0.00104963,3.12006e-05,1
nmos,sky130_fd_pr__nfet_01v8,tt,27.0,0.5,8.0,0.9,0.5,0.1,0.000144351,0.211707,0.642114,0.000993825,2.66419e-05,1
nmos,sky130_fd_pr__nfet_01v8,tt,27.0,0.5,8.0,0.9,0.5,0.2,0.000125346,0.200752,0.66401,0.000937085,2.27192e-05,1
nmos,sky130_fd_pr__nfet_01v8,tt,27.0,0.5,8.0,0.9,0.5,0.3,0.000108205,0.189871,0.684798,0.000879117,1.93358e-05,1
nmos,sky130_fd_pr__nfet_01v8,tt,27.0,0.5,8.0,0.9,0.8,0.0,0.000172249,0.222954,0.618511,0.00109659,1.77589e-05,1
nmos,sky130_fd_pr__nfet_01v8,tt,27.0,0.5,8.0,0.9,0.8,0.1,0.000150305,0.211951,0.641699,0.00103686,1.56564e-05,1
nmos,sky130_fd_pr__nfet_01v8,tt,27.0,0.5,8.0,0.9,0.8,0.2,0.00013051,0.201002,0.663594,0.000976515,1.3773e-05,1
nmos,sky130_fd_pr__nfet_01v8,tt,27.0,0.5,8.0,0.9,0.8,0.3,0.000112672,0.190126,0.684383,0.000915219,1.20825e-05,1
nmos,sky130_fd_pr__nfet_01v8,tt,27.0,0.5,8.0,0.9,1.2,0.0,0.000178186,0.22327,0.617957,0.00113017,1.28116e-05,1
nmos,sky130_fd_pr__nfet_01v8,tt,27.0,0.5,8.0,0.9,1.2,0.1,0.00015559,0.212276,0.641145,0.00106863,1.15029e-05,1
nmos,sky130_fd_pr__nfet_01v8,tt,27.0,0.5,8.0,0.9,1.2,0.2,0.000135204,0.201335,0.66304,0.00100657,1.03031e-05,1
nmos,sky130_fd_pr__nfet_01v8,tt,27.0,0.5,8.0,0.9,1.2,0.3,0.000116829,0.190467,0.683829,0.000943616,9.20067e-06,1
nmos,sky130_fd_pr__nfet_01v8,tt,27.0,0.5,8.0,0.9,1.5,0.0,0.000181762,0.223507,0.617542,0.00114824,1.11791e-05,1
nmos,sky130_fd_pr__nfet_01v8,tt,27.0,0.5,8.0,0.9,1.5,0.1,0.000158814,0.21252,0.64073,0.00108602,1.01189e-05,1
nmos,sky130_fd_pr__nfet_01v8,tt,27.0,0.5,8.0,0.9,1.5,0.2,0.000138104,0.201585,0.662625,0.00102329,9.13641e-06,1
nmos,sky130_fd_pr__nfet_01v8,tt,27.0,0.5,8.0,0.9,1.5,0.3,0.00011943,0.190722,0.683414,0.000959691,8.22365e-06,1
nmos,sky130_fd_pr__nfet_01v8,tt,27.0,0.5,8.0,1.0,0.15,0.0,0.000181449,0.276719,0.619411,0.000601332,0.000836802,0
nmos,sky130_fd_pr__nfet_01v8,tt,27.0,0.5,8.0,1.0,0.15,0.1,0.000168509,0.267282,0.642598,0.000600932,0.000759375,0
nmos,sky130_fd_pr__nfet_01v8,tt,27.0,0.5,8.0,1.0,0.15,0.2,0.000156251,0.257876,0.664494,0.000600425,0.000686234,0
nmos,sky130_fd_pr__nfet_01v8,tt,27.0,0.5,8.0,1.0,0.15,0.3,0.00014459,0.248503,0.685283,0.000599641,0.000616962,0
nmos,sky130_fd_pr__nfet_01v8,tt,27.0,0.5,8.0,1.0,0.3,0.0,0.000258271,0.276823,0.619203,0.00108238,0.000242916,0
nmos,sky130_fd_pr__nfet_01v8,tt,27.0,0.5,8.0,1.0,0.3,0.1,0.000235949,0.267389,0.642391,0.00106323,0.000203702,0
nmos,sky130_fd_pr__nfet_01v8,tt,27.0,0.5,8.0,1.0,0.3,0.2,0.000215097,0.257986,0.664286,0.00104183,0.000170288,0
nmos,sky130_fd_pr__nfet_01v8,tt,27.0,0.5,8.0,1.0,0.3,0.3,0.00019559,0.248616,0.685075,0.001018,0.000142022,1
nmos,sky130_fd_pr__nfet_01v8,tt,27.0,0.5,8.0,1.0,0.5,0.0,0.000282236,0.276962,0.618926,0.00127572,6.29913e-05,1
nmos,sky130_fd_pr__nfet_01v8,tt,27.0,0.5,8.0,1.0,0.5,0.1,0.000256379,0.267531,0.642114,0.00123406,5.53677e-05,1
nmos,sky130_fd_pr__nfet_01v8,tt,27.0,0.5,8.0,1.0,0.5,0.2,0.000232525,0.258133,0.66401,0.00119249,4.87104e-05,1
nmos,sky130_fd_pr__nfet_01v8,tt,27.0,0.5,8.0,1.0,0.5,0.3,0.000210466,0.248766,0.684798,0.00115072,4.28738e-05,1
nmos,sky130_fd_pr__nfet_01v8,tt,27.0,0.5,8.0,1.0,0.8,0.0,0.000294921,0.27717,0.618511,0.00134654,3.05322e-05,1
nmos,sky130_fd_pr__nfet_01v8,tt,27.0,0.5,8.0,1.0,0.8,0.1,0.000267715,0.267745,0.641699,0.00129976,2.76817e-05,1
nmos,sky130_fd_pr__nfet_01v8,tt,27.0,0.5,8.0,1.0,0.8,0.2,0.000242661,0.258353,0.663594,0.00125351,2.50978e-05,1
nmos,sky130_fd_pr__nfet_01v8,tt,27.0,0.5,8.0,1.0,0.8,0.3,0.000219529,0.248992,0.684383,0.00120747,2.27473e-05,1
nmos,sky130_fd_pr__nfet_01v8,tt,27.0,0.5,8.0,1.0,1.2,0.0,0.000304689,0.277448,0.617957,0.00138971,2.02852e-05,1
nmos,sky130_fd_pr__nfet_01v8,tt,27.0,0.5,8.0,1.0,1.2,0.1,0.000276647,0.26803,0.641145,0.00134101,1.86881e-05,1
nmos,sky130_fd_pr__nfet_01v8,tt,27.0,0.5,8.0,1.0,1.2,0.2,0.000250827,0.258646,0.66304,0.00129297,1.72135e-05,1
nmos,sky130_fd_pr__nfet_01v8,tt,27.0,0.5,8.0,1.0,1.2,0.3,0.000226992,0.249292,0.683829,0.00124522,1.58469e-05,1
nmos,sky130_fd_pr__nfet_01v8,tt,27.0,0.5,8.0,1.0,1.5,0.0,0.000310249,0.277655,0.617542,0.00141131,1.70924e-05,1
nmos,sky130_fd_pr__nfet_01v8,tt,27.0,0.5,8.0,1.0,1.5,0.1,0.000281788,0.268244,0.64073,0.00136193,1.58563e-05,1
nmos,sky130_fd_pr__nfet_01v8,tt,27.0,0.5,8.0,1.0,1.5,0.2,0.000255579,0.258865,0.662625,0.00131325,1.47057e-05,1
nmos,sky130_fd_pr__nfet_01v8,tt,27.0,0.5,8.0,1.0,1.5,0.3,0.000231383,0.249518,0.683414,0.00126489,1.36307e-05,1
nmos,sky130_fd_pr__nfet_01v8,tt,27.0,0.5,8.0,1.2,0.15,0.0,0.000298237,0.369448,0.619411,0.000562839,0.00158294,0
nmos,sky130_fd_pr__nfet_01v8,tt,27.0,0.5,8.0,1.2,0.15,0.1,0.00028537,0.362288,0.642598,0.000563447,0.0015037,0
nmos,sky130_fd_pr__nfet_01v8,tt,27.0,0.5,8.0,1.2,0.15,0.2,0.000273218,0.355186,0.664494,0.000564306,0.00142876,0
nmos,sky130_fd_pr__nfet_01v8,tt,27.0,0.5,8.0,1.2,0.15,0.3,0.000261677,0.348138,0.685283,0.000565363,0.00135755,0
nmos,sky130_fd_pr__nfet_01v8,tt,27.0,0.5,8.0,1.2,0.3,0.0,0.000479028,0.369529,0.619203,0.00109224,0.000836746,0
nmos,sky130_fd_pr__nfet_01v8,tt,27.0,0.5,8.0,1.2,0.3,0.1,0.000455232,0.362371,0.642391,0.00109076,0.000770867,0
nmos,sky130_fd_pr__nfet_01v8,tt,27.0,0.5,8.0,1.2,0.3,0.2,0.000432747,0.355271,0.664286,0.00108958,0.000708905,0
nmos,sky130_fd_pr__nfet_01v8,tt,27.0,0.5,8.0,1.2,0.3,0.3,0.000411399,0.348224,0.685075,0.00108849,0.000650509,0
nmos,sky130_fd_pr__nfet_01v8,tt,27.0,0.5,8.0,1.2,0.5,0.0,0.000568752,0.369637,0.618926,0.00155338,0.000200081,1
nmos,sky130_fd_pr__nfet_01v8,tt,27.0,0.5,8.0,1.2,0.5,0.1,0.000536414,0.362481,0.642114,0.00152912,0.000180981,1
nmos,sky130_fd_pr__nfet_01v8,tt,27.0,0.5,8.0,1.2,0.5,0.2,0.000506159,0.355384,0.66401,0.00150542,0.000164038,1
nmos,sky130_fd_pr__nfet_01v8,tt,27.0,0.5,8.0,1.2,0.5,0.3,0.000477734,0.34834,0.684798,0.00148204,0.000148946,1
nmos,sky130_fd_pr__nfet_01v8,tt,27.0,0.5,8.0,1.2,0.8,0.0,0.000602501,0.369799,0.618511,0.00170139,6.94035e-05,1
nmos,sky130_fd_pr__nfet_01v8,tt,27.0,0.5,8.0,1.2,0.8,0.1,0.000567413,0.362646,0.641699,0.0016678,6.46928e-05,1
nmos,sky130_fd_pr__nfet_01v8,tt,27.0,0.5,8.0,1.2,0.8,0.2,0.000534682,0.355553,0.663594,0.0016356,6.03805e-05,1
nmos,sky130_fd_pr__nfet_01v8,tt,27.0,0.5,8.0,1.2,0.8,0.3,0.000504019,0.348513,0.684383,0.00160446,5.64157e-05,1
nmos,sky130_fd_pr__nfet_01v8,tt,27.0,0.5,8.0,1.2,1.2,0.0,0.000623021,0.370014,0.617957,0.00176642,3.97812e-05,1
nmos,sky130_fd_pr__nfet_01v8,tt,27.0,0.5,8.0,1.2,1.2,0.1,0.000586675,0.362867,0.641145,0.0017305,3.75791e-05,1
nmos,sky130_fd_pr__nfet_01v8,tt,27.0,0.5,8.0,1.2,1.2,0.2,0.000552786,0.355778,0.66304,0.00169613,3.5535e-05,1
nmos,sky130_fd_pr__nfet_01v8,tt,27.0,0.5,8.0,1.2,1.2,0.3,0.000521049,0.348743,0.683829,0.00166296,3.36295e-05,1
nmos,sky130_fd_pr__nfet_01v8,tt,27.0,0.5,8.0,1.2,1.5,0.0,0.0006336,0.370176,0.617542,0.00179501,3.1619e-05,1
nmos,sky130_fd_pr__nfet_01v8,tt,27.0,0.5,8.0,1.2,1.5,0.1,0.000596697,0.363032,0.64073,0.00175837,3.00283e-05,1
nmos,sky130_fd_pr__nfet_01v8,tt,27.0,0.5,8.0,1.2,1.5,0.2,0.000562287,0.355947,0.662625,0.00172333,2.85443e-05,1
nmos,sky130_fd_pr__nfet_01v8,tt,27.0,0.5,8.0,1.2,1.5,0.3,0.000530065,0.348916,0.683414,0.00168952,2.71536e-05,1
nmos,sky130_fd_pr__nfet_01v8,tt,27.0,0.5,16.0,0.5,0.15,0.0,6.53751e-07,0.0430465,0.601375,1.5857e-05,4.2108e-07,1
nmos,sky130_fd_pr__nfet_01v8,tt,27.0,0.5,16.0,0.5,0.15,0.1,3.69034e-07,0.0426039,0.624867,9.25266e-06,2.39075e-07,1
nmos,sky130_fd_pr__nfet_01v8,tt,27.0,0.5,16.0,0.5,0.15,0.2,2.09849e-07,0.0425095,0.646987,5.42326e-06,1.3676e-07,1
nmos,sky130_fd_pr__nfet_01v8,tt,27.0,0.5,16.0,0.5,0.15,0.3,1.20245e-07,0.0426044,0.667933,3.19204e-06,7.882e-08,1
nmos,sky130_fd_pr__nfet_01v8,tt,27.0,0.5,16.0,0.5,0.3,0.0,7.00201e-07,0.0430601,0.601123,1.69704e-05,2.52958e-07,1
nmos,sky130_fd_pr__nfet_01v8,tt,27.0,0.5,16.0,0.5,0.3,0.1,3.95544e-07,0.0426121,0.624614,9.91155e-06,1.44981e-07,1
nmos,sky130_fd_pr__nfet_01v8,tt,27.0,0.5,16.0,0.5,0.3,0.2,2.25059e-07,0.0425145,0.646735,5.81379e-06,8.33945e-08,1
nmos,sky130_fd_pr__nfet_01v8,tt,27.0,0.5,16.0,0.5,0.3,0.3,1.29025e-07,0.0426074,0.66768,3.42398e-06,4.82209e-08,1
nmos,sky130_fd_pr__nfet_01v8,tt,27.0,0.5,16.0,0.5,0.5,0.0,7.4556e-07,0.0430782,0.600786,1.80399e-05,2.09732e-07,1
nmos,sky130_fd_pr__nfet_01v8,tt,27.0,0.5,16.0,0.5,0.5,0.1,4.21614e-07,0.0426232,0.624278,1.05528e-05,1.2083e-07,1
nmos,sky130_fd_pr__nfet_01v8,tt,27.0,0.5,16.0,0.5,0.5,0.2,2.40082e-07,0.0425211,0.646398,6.19699e-06,6.97428e-08,1
nmos,sky130_fd_pr__nfet_01v8,tt,27.0,0.5,16.0,0.5,0.5,0.3,1.37724e-07,0.0426113,0.667344,3.65273e-06,4.04255e-08,1
nmos,sky130_fd_pr__nfet_01v8,tt,27.0,0.5,16.0,0.5,0.8,0.0,8.05129e-07,0.0431057,0.600281,1.94318e-05,1.91245e-07,1
nmos,sky130_fd_pr__nfet_01v8,tt,27.0,0.5,16.0,0.5,0.8,0.1,4.56009e-07,0.04264,0.623773,1.13939e-05,1.10633e-07,1
nmos,sky130_fd_pr__nfet_01v8,tt,27.0,0.5,16.0,0.5,0.8,0.2,2.59966e-07,0.0425312,0.645893,6.70216e-06,6.40459e-08,1
nmos,sky130_fd_pr__nfet_01v8,tt,27.0,0.5,16.0,0.5,0.8,0.3,1.49263e-07,0.0426174,0.666839,3.95535e-06,3.7206e-08,1
nmos,sky130_fd_pr__nfet_01v8,tt,27.0,0.5,16.0,0.5,1.2,0.0,8.80052e-07,0.0431428,0.599608,2.1171e-05,1.85037e-07,1
nmos,sky130_fd_pr__nfet_01v8,tt,27.0,0.5,16.0,0.5,1.2,0.1,4.99429e-07,0.0426627,0.6231,1.2451e-05,1.07406e-07,1
nmos,sky130_fd_pr__nfet_01v8,tt,27.0,0.5,16.0,0.5,1.2,0.2,2.85136e-07,0.0425449,0.64522,7.33961e-06,6.23374e-08,1
nmos,sky130_fd_pr__nfet_01v8,tt,27.0,0.5,16.0,0.5,1.2,0.3,1.639e-07,0.0426256,0.666165,4.33834e-06,3.62873e-08,1
nmos,sky130_fd_pr__nfet_01v8,tt,27.0,0.5,16.0,0.5,1.5,0.0,9.35451e-07,0.043171,0.599104,2.24514e-05,1.84639e-07,1
nmos,sky130_fd_pr__nfet_01v8,tt,27.0,0.5,16.0,0.5,1.5,0.1,5.31618e-07,0.0426799,0.622595,1.32322e-05,1.07384e-07,1
nmos,sky130_fd_pr__nfet_01v8,tt,27.0,0.5,16.0,0.5,1.5,0.2,3.03833e-07,0.0425553,0.644715,7.81205e-06,6.24194e-08,1
nmos,sky130_fd_pr__nfet_01v8,tt,27.0,0.5,16.0,0.5,1.5,0.3,1.74791e-07,0.0426318,0.66566,4.6228e-06,3.63802e-08,1
nmos,sky130_fd_pr__nfet_01v8,tt,27.0,0.5,16.0,0.6,0.15,0.0,6.68211e-06,0.0581696,0.601375,0.000146546,4.57809e-06,1
nmos,sky130_fd_pr__nfet_01v8,tt,27.0,0.5,16.0,0.6,0.15,0.1,4.08958e-06,0.0531007,0.624867,9.36819e-05,2.73353e-06,1
nmos,sky130_fd_pr__nfet_01v8,tt,27.0,0.5,16.0,0.6,0.15,0.2,2.50789e-06,0.0495861,0.646987,5.94448e-05,1.65754e-06,1
nmos,sky130_fd_pr__nfet_01v8,tt,27.0,0.5,16.0,0.6,0.15,0.3,1.54425e-06,0.0472685,0.667933,3.77007e-05,1.01701e-06,1
nmos,sky130_fd_pr__nfet_01v8,tt,27.0,0.5,16.0,0.6,0.3,0.0,7.14329e-06,0.0582431,0.601123,0.000156709,2.3483e-06,1
nmos,sky130_fd_pr__nfet_01v8,tt,27.0,0.5,16.0,0.6,0.3,0.1,4.37395e-06,0.0531562,0.624614,0.000100128,1.48368e-06,1
nmos,sky130_fd_pr__nfet_01v8,tt,27.0,0.5,16.0,0.6,0.3,0.2,2.6843e-06,0.0496264,0.646735,6.35603e-05,9.36256e-07,1
nmos,sky130_fd_pr__nfet_01v8,tt,27.0,0.5,16.0,0.6,0.3,0.3,1.65419e-06,0.0472969,0.66768,4.03421e-05,5.90396e-07,1
nmos,sky130_fd_pr__nfet_01v8,tt,27.0,0.5,16.0,0.6,0.5,0.0,7.54962e-06,0.0583415,0.600786,0.00016486,1.82633e-06,1
nmos,sky130_fd_pr__nfet_01v8,tt,27.0,0.5,16.0,0.6,0.5,0.1,4.634e-06,0.0532306,0.624278,0.000105638,1.18095e-06,1
nmos,sky130_fd_pr__nfet_01v8,tt,27.0,0.5,16.0,0.6,0.5,0.2,2.84994e-06,0.0496804,0.646398,6.7245e-05,7.57886e-07,1
nmos,sky130_fd_pr__nfet_01v8,tt,27.0,0.5,16.0,0.6,0.5,0.3,1.75933e-06,0.0473349,0.667344,4.27867e-05,4.83682e-07,1
nmos,sky130_fd_pr__nfet_01v8,tt,27.0,0.5,16.0,0.6,0.8,0.0,8.05643e-06,0.0584898,0.600281,0.00017455,1.59679e-06,1
nmos,sky130_fd_pr__nfet_01v8,tt,27.0,0.5,16.0,0.6,0.8,0.1,4.96449e-06,0.0533428,0.623773,0.000112399,1.04841e-06,1
nmos,sky130_fd_pr__nfet_01v8,tt,27.0,0.5,16.0,0.6,0.8,0.2,3.06336e-06,0.0497621,0.645893,7.1876e-05,6.80505e-07,1
nmos,sky130_fd_pr__nfet_01v8,tt,27.0,0.5,16.0,0.6,0.8,0.3,1.89616e-06,0.0473923,0.666839,4.59129e-05,4.37915e-07,1
nmos,sky130_fd_pr__nfet_01v8,tt,27.0,0.5,16.0,0.6,1.2,0.0,8.67219e-06,0.0586889,0.599608,0.000185948,1.50063e-06,1
nmos,sky130_fd_pr__nfet_01v8,tt,27.0,0.5,16.0,0.6,1.2,0.1,5.37108e-06,0.0534937,0.6231,0.000120521,9.95602e-07,1
nmos,sky130_fd_pr__nfet_01v8,tt,27.0,0.5,16.0,0.6,1.2,0.2,3.32841e-06,0.049872,0.64522,7.75296e-05,6.514e-07,1
nmos,sky130_fd_pr__nfet_01v8,tt,27.0,0.5,16.0,0.6,1.2,0.3,2.06728e-06,0.0474698,0.666165,4.97748e-05,4.21719e-07,1
nmos,sky130_fd_pr__nfet_01v8,tt,27.0,0.5,16.0,0.6,1.5,0.0,9.11806e-06,0.0588392,0.599104,0.000194044,1.47573e-06,1
nmos,sky130_fd_pr__nfet_01v8,tt,27.0,0.5,16.0,0.6,1.5,0.1,5.66769e-06,0.0536078,0.622595,0.000126363,9.84102e-07,1
nmos,sky130_fd_pr__nfet_01v8,tt,27.0,0.5,16.0,0.6,1.5,0.2,3.52288e-06,0.0499552,0.644715,8.16343e-05,6.46466e-07,1
nmos,sky130_fd_pr__nfet_01v8,tt,27.0,0.5,16.0,0.6,1.5,0.3,2.19339e-06,0.0475285,0.66566,5.25988e-05,4.19839e-07,1
nmos,sky130_fd_pr__nfet_01v8,tt,27.0,0.5,16.0,0.7,0.15,0.0,4.46497e-05,0.104265,0.601375,0.000682725,5.02666e-05,0
nmos,sky130_fd_pr__nfet_01v8,tt,27.0,0.5,16.0,0.7,0.15,0.1,3.16844e-05,0.0927049,0.624867,0.000541543,3.05937e-05,1
nmos,sky130_fd_pr__nfet_01v8,tt,27.0,0.5,16.0,0.7,0.15,0.2,2.20216e-05,0.082462,0.646987,0.000413807,1.88432e-05,1
nmos,sky130_fd_pr__nfet_01v8,tt,27.0,0.5,16.0,0.7,0.15,0.3,1.50509e-05,0.0736755,0.667933,0.000305774,1.17786e-05,1
nmos,sky130_fd_pr__nfet_01v8,tt,27.0,0.5,16.0,0.7,0.3,0.0,4.84558e-05,0.104414,0.601123,0.000759153,1.53035e-05,1
nmos,sky130_fd_pr__nfet_01v8,tt,27.0,0.5,16.0,0.7,0.3,0.1,3.41749e-05,0.0928442,0.624614,0.000593037,1.07078e-05,1
nmos,sky130_fd_pr__nfet_01v8,tt,27.0,0.5,16.0,0.7,0.3,0.2,2.36602e-05,0.0825883,0.646735,0.0004486,7.44962e-06,1
nmos,sky130_fd_pr__nfet_01v8,tt,27.0,0.5,16.0,0.7,0.3,0.3,1.61347e-05,0.0737861,0.66768,0.000329378,5.15614e-06,1
nmos,sky130_fd_pr__nfet_01v8,tt,27.0,0.5,16.0,0.7,0.5,0.0,5.08389e-05,0.104613,0.600786,0.000795352,9.84275e-06,1
nmos,sky130_fd_pr__nfet_01v8,tt,27.0,0.5,16.0,0.7,0.5,0.1,3.58902e-05,0.0930303,0.624278,0.000621044,7.25002e-06,1
nmos,sky130_fd_pr__nfet_01v8,tt,27.0,0.5,16.0,0.7,0.5,0.2,2.48833e-05,0.0827569,0.646398,0.000469977,5.27355e-06,1
nmos,sky130_fd_pr__nfet_01v8,tt,27.0,0.5,16.0,0.7,0.5,0.3,1.69991e-05,0.0739341,0.667344,0.000345467,3.79028e-06,1
nmos,sky130_fd_pr__nfet_01v8,tt,27.0,0.5,16.0,0.7,0.8,0.0,5.34023e-05,0.104912,0.600281,0.000829246,7.67104e-06,1
nmos,sky130_fd_pr__nfet_01v8,tt,27.0,0.5,16.0,0.7,0.8,0.1,3.78105e-05,0.0933098,0.623773,0.000648934,5.82666e-06,1
nmos,sky130_fd_pr__nfet_01v8,tt,27.0,0.5,16.0,0.7,0.8,0.2,2.6301e-05,0.0830104,0.645893,0.000492468,4.35458e-06,1
nmos,sky130_fd_pr__nfet_01v8,tt,27.0,0.5,16.0,0.7,0.8,0.3,1.80313e-05,0.0741567,0.666839,0.000363224,3.2036e-06,1
nmos,sky130_fd_pr__nfet_01v8,tt,27.0,0.5,16.0,0.7,1.2,0.0,5.6244e-05,0.105311,0.599608,0.000863486,6.69843e-06,1
nmos,sky130_fd_pr__nfet_01v8,tt,27.0,0.5,16.0,0.7,1.2,0.1,3.99921e-05,0.0936834,0.6231,0.000678234,5.18813e-06,1
nmos,sky130_fd_pr__nfet_01v8,tt,27.0,0.5,16.0,0.7,1.2,0.2,2.79469e-05,0.0833497,0.64522,0.000516943,3.94515e-06,1
nmos,sky130_fd_pr__nfet_01v8,tt,27.0,0.5,16.0,0.7,1.2,0.3,1.92521e-05,0.0744548,0.666165,0.000383154,2.94646e-06,1
nmos,sky130_fd_pr__nfet_01v8,tt,27.0,0.5,16.0,0.7,1.5,0.0,5.81993e-05,0.10561,0.599104,0.000885794,6.36843e-06,1
nmos,sky130_fd_pr__nfet_01v8,tt,27.0,0.5,16.0,0.7,1.5,0.1,4.15136e-05,0.0939642,0.622595,0.000697755,4.97639e-06,1
nmos,sky130_fd_pr__nfet_01v8,tt,27.0,0.5,16.0,0.7,1.5,0.2,2.91087e-05,0.083605,0.644715,0.00053358,3.81429e-06,1
nmos,sky130_fd_pr__nfet_01v8,tt,27.0,0.5,16.0,0.7,1.5,0.3,2.0123e-05,0.0746795,0.66566,0.00039694,2.86869e-06,1
nmos,sky130_fd_pr__nfet_01v8,tt,27.0,0.5,16.0,0.8,0.15,0.0,0.000140909,0.166819,0.601375,0.00115766,0.000371757,0
nmos,sky130_fd_pr__nfet_01v8,tt,27.0,0.5,16.0,0.8,0.15,0.1,0.000116937,0.154594,0.624867,0.00109849,0.000268383,0
nmos,sky130_fd_pr__nfet_01v8,tt,27.0,0.5,16.0,0.8,0.15,0.2,9.5504e-05,0.142571,0.646987,0.00102219,0.000187541,0
nmos,sky130_fd_pr__nfet_01v8,tt,27.0,0.5,16.0,0.8,0.15,0.3,7.66662e-05,0.130867,0.667933,0.000929342,0.000127617,0
nmos,sky130_fd_pr__nfet_01v8,tt,27.0,0.5,16.0,0.8,0.3,0.0,0.000164402,0.166973,0.601123,0.00152127,6.61503e-05,1
nmos,sky130_fd_pr__nfet_01v8,tt,27.0,0.5,16.0,0.8,0.3,0.1,0.000133824,0.154752,0.624614,0.00138327,5.0417e-05,1
nmos,sky130_fd_pr__nfet_01v8,tt,27.0,0.5,16.0,0.8,0.3,0.2,0.000107501,0.14273,0.646735,0.00123882,3.83273e-05,1
nmos,sky130_fd_pr__nfet_01v8,tt,27.0,0.5,16.0,0.8,0.3,0.3,8.51288e-05,0.131027,0.66768,0.00109031,2.90444e-05,1
nmos,sky130_fd_pr__nfet_01v8,tt,27.0,0.5,16.0,0.8,0.5,0.0,0.00017315,0.167179,0.600786,0.00161874,3.15474e-05,1
nmos,sky130_fd_pr__nfet_01v8,tt,27.0,0.5,16.0,0.8,0.5,0.1,0.000140731,0.154962,0.624278,0.00146503,2.56713e-05,1
nmos,sky130_fd_pr__nfet_01v8,tt,27.0,0.5,16.0,0.8,0.5,0.2,0.00011293,0.142943,0.646398,0.0013072,2.07589e-05,1
nmos,sky130_fd_pr__nfet_01v8,tt,27.0,0.5,16.0,0.8,0.5,0.3,8.93751e-05,0.13124,0.667344,0.00114724,1.66662e-05,1
nmos,sky130_fd_pr__nfet_01v8,tt,27.0,0.5,16.0,0.8,0.8,0.0,0.00018067,0.167487,0.600281,0.00168435,2.09095e-05,1
nmos,sky130_fd_pr__nfet_01v8,tt,27.0,0.5,16.0,0.8,0.8,0.1,0.000146966,0.155277,0.623773,0.00152398,1.76148e-05,1
nmos,sky130_fd_pr__nfet_01v8,tt,27.0,0.5,16.0,0.8,0.8,0.2,0.000118065,0.143262,0.645893,0.00135987,1.47275e-05,1
nmos,sky130_fd_pr__nfet_01v8,tt,27.0,0.5,16.0,0.8,0.8,0.3,9.35695e-05,0.131559,0.666839,0.00119397,1.22069e-05,1
nmos,sky130_fd_pr__nfet_01v8,tt,27.0,0.5,16.0,0.8,1.2,0.0,0.000188013,0.167897,0.599608,0.00173894,1.65468e-05,1
nmos,sky130_fd_pr__nfet_01v8,tt,27.0,0.5,16.0,0.8,1.2,0.1,0.000153223,0.155697,0.6231,0.00157497,1.42364e-05,1
nmos,sky130_fd_pr__nfet_01v8,tt,27.0,0.5,16.0,0.8,1.2,0.2,0.000123354,0.143688,0.64522,0.00140722,1.21484e-05,1
nmos,sky130_fd_pr__nfet_01v8,tt,27.0,0.5,16.0,0.8,1.2,0.3,9.80003e-05,0.131985,0.666165,0.00123761,1.02685e-05,1
nmos,sky130_fd_pr__nfet_01v8,tt,27.0,0.5,16.0,0.8,1.5,0.0,0.000192734,0.168205,0.599104,0.00177083,1.50598e-05,1
nmos,sky130_fd_pr__nfet_01v8,tt,27.0,0.5,16.0,0.8,1.5,0.1,0.000157305,0.156012,0.622595,0.00160541,1.30792e-05,1
nmos,sky130_fd_pr__nfet_01v8,tt,27.0,0.5,16.0,0.8,1.5,0.2,0.000126854,0.144007,0.644715,0.00143612,1.12627e-05,1
nmos,sky130_fd_pr__nfet_01v8,tt,27.0,0.5,16.0,0.8,1.5,0.3,0.000100972,0.132305,0.66566,0.00126482,9.6033e-06,1
nmos,sky130_fd_pr__nfet_01v8,tt,27.0,0.5,16.0,0.9,0.15,0.0,0.000261727,0.224214,0.601375,0.0012228,0.00103868,0
nmos,sky130_fd_pr__nfet_01v8,tt,27.0,0.5,16.0,0.9,0.15,0.1,0.000235192,0.213955,0.624867,0.00121639,0.000888506,0
nmos,sky130_fd_pr__nfet_01v8,tt,27.0,0.5,16.0,0.9,0.15,0.2,0.000210244,0.203655,0.646987,0.00120679,0.000749704,0
nmos,sky130_fd_pr__nfet_01v8,tt,27.0,0.5,16.0,0.9,0.15,0.3,0.000186757,0.193339,0.667933,0.0011926,0.000622317,0
nmos,sky130_fd_pr__nfet_01v8,tt,27.0,0.5,16.0,0.9,0.3,0.0,0.000341195,0.224346,0.601123,0.00196082,0.000210961,1
nmos,sky130_fd_pr__nfet_01v8,tt,27.0,0.5,16.0,0.9,0.3,0.1,0.000300293,0.214091,0.624614,0.00188846,0.000170112,1
nmos,sky130_fd_pr__nfet_01v8,tt,27.0,0.5,16.0,0.9,0.3,0.2,0.000262924,0.203797,0.646735,0.00180982,0.00013705,1
nmos,sky130_fd_pr__nfet_01v8,tt,27.0,0.5,16.0,0.9,0.3,0.3,0.000228837,0.193485,0.66768,0.00172468,0.000110326,1
nmos,sky130_fd_pr__nfet_01v8,tt,27.0,0.5,16.0,0.9,0.5,0.0,0.00036469,0.224521,0.600786,0.00216858,7.22795e-05,1
nmos,sky130_fd_pr__nfet_01v8,tt,27.0,0.5,16.0,0.9,0.5,0.1,0.000319843,0.214273,0.624278,0.00206905,6.20993e-05,1
nmos,sky130_fd_pr__nfet_01v8,tt,27.0,0.5,16.0,0.9,0.5,0.2,0.000279187,0.203985,0.646398,0.0019668,5.32785e-05,1
nmos,sky130_fd_pr__nfet_01v8,tt,27.0,0.5,16.0,0.9,0.5,0.3,0.000242354,0.193679,0.667344,0.00186112,4.56214e-05,1
nmos,sky130_fd_pr__nfet_01v8,tt,27.0,0.5,16.0,0.9,0.8,0.0,0.00038047,0.224783,0.600281,0.00226899,4.0731e-05,1
nmos,sky130_fd_pr__nfet_01v8,tt,27.0,0.5,16.0,0.9,0.8,0.1,0.000333636,0.214545,0.623773,0.00216195,3.61335e-05,1
nmos,sky130_fd_pr__nfet_01v8,tt,27.0,0.5,16.0,0.9,0.8,0.2,0.000291222,0.204267,0.645893,0.00205272,3.19912e-05,1
nmos,sky130_fd_pr__nfet_01v8,tt,27.0,0.5,16.0,0.9,0.8,0.3,0.000252833,0.193971,0.666839,0.00194054,2.82511e-05,1
nmos,sky130_fd_pr__nfet_01v8,tt,27.0,0.5,16.0,0.9,1.2,0.0,0.000394081,0.225132,0.599608,0.00233951,2.93852e-05,1
nmos,sky130_fd_pr__nfet_01v8,tt,27.0,0.5,16.0,0.9,1.2,0.1,0.00034583,0.214908,0.6231,0.00222929,2.65507e-05,1
nmos,sky130_fd_pr__nfet_01v8,tt,27.0,0.5,16.0,0.9,1.2,0.2,0.000302123,0.204643,0.64522,0.00211701,2.39377e-05,1
nmos,sky130_fd_pr__nfet_01v8,tt,27.0,0.5,16.0,0.9,1.2,0.3,0.000262553,0.194359,0.666165,0.00200188,2.15225e-05,1
nmos,sky130_fd_pr__nfet_01v8,tt,27.0,0.5,16.0,0.9,1.5,0.0,0.00040229,0.225394,0.599104,0.00237717,2.56871e-05,1
nmos,sky130_fd_pr__nfet_01v8,tt,27.0,0.5,16.0,0.9,1.5,0.1,0.000353278,0.21518,0.622595,0.00226585,2.33984e-05,1
nmos,sky130_fd_pr__nfet_01v8,tt,27.0,0.5,16.0,0.9,1.5,0.2,0.000308867,0.204924,0.644715,0.00215251,2.12656e-05,1
nmos,sky130_fd_pr__nfet_01v8,tt,27.0,0.5,16.0,0.9,1.5,0.3,0.000268641,0.19465,0.66566,0.00203634,1.92724e-05,1
nmos,sky130_fd_pr__nfet_01v8,tt,27.0,0.5,16.0,1.0,0.15,0.0,0.000382614,0.273211,0.601375,0.00119099,0.00178047,0
nmos,sky130_fd_pr__nfet_01v8,tt,27.0,0.5,16.0,1.0,0.15,0.1,0.000355928,0.264763,0.624867,0.00119185,0.00162206,0
nmos,sky130_fd_pr__nfet_01v8,tt,27.0,0.5,16.0,1.0,0.15,0.2,0.000330723,0.256275,0.646987,0.00119274,0.0014726,0
nmos,sky130_fd_pr__nfet_01v8,tt,27.0,0.5,16.0,1.0,0.15,0.3,0.000306806,0.247757,0.667933,0.00119338,0.00133117,0
nmos,sky130_fd_pr__nfet_01v8,tt,27.0,0.5,16.0,1.0,0.3,0.0,0.000548085,0.273322,0.601123,0.00214398,0.000531884,0
nmos,sky130_fd_pr__nfet_01v8,tt,27.0,0.5,16.0,1.0,0.3,0.1,0.00050219,0.264878,0.624614,0.0021129,0.000451047,0
nmos,sky130_fd_pr__nfet_01v8,tt,27.0,0.5,16.0,1.0,0.3,0.2,0.000459326,0.256393,0.646735,0.00207803,0.000381314,0
nmos,sky130_fd_pr__nfet_01v8,tt,27.0,0.5,16.0,1.0,0.3,0.3,0.000419218,0.24788,0.66768,0.00203905,0.000321552,1
nmos,sky130_fd_pr__nfet_01v8,tt,27.0,0.5,16.0,1.0,0.5,0.0,0.00060077,0.273469,0.600786,0.002532,0.000138509,1
nmos,sky130_fd_pr__nfet_01v8,tt,27.0,0.5,16.0,1.0,0.5,0.1,0.000547532,0.26503,0.624278,0.0024607,0.000122585,1
nmos,sky130_fd_pr__nfet_01v8,tt,27.0,0.5,16.0,1.0,0.5,0.2,0.000498356,0.256552,0.646398,0.00238908,0.000108555,1
nmos,sky130_fd_pr__nfet_01v8,tt,27.0,0.5,16.0,1.0,0.5,0.3,0.000452821,0.248044,0.667344,0.00231677,9.6159e-05,1
nmos,sky130_fd_pr__nfet_01v8,tt,27.0,0.5,16.0,1.0,0.8,0.0,0.000628616,0.27369,0.600281,0.00267446,6.69644e-05,1
nmos,sky130_fd_pr__nfet_01v8,tt,27.0,0.5,16.0,1.0,0.8,0.1,0.000572566,0.265259,0.623773,0.00259408,6.10358e-05,1
nmos,sky130_fd_pr__nfet_01v8,tt,27.0,0.5,16.0,1.0,0.8,0.2,0.000520869,0.256789,0.645893,0.00251406,5.56338e-05,1
nmos,sky130_fd_pr__nfet_01v8,tt,27.0,0.5,16.0,1.0,0.8,0.3,0.000473067,0.248289,0.666839,0.00243397,5.06971e-05,1
nmos,sky130_fd_pr__nfet_01v8,tt,27.0,0.5,16.0,1.0,1.2,0.0,0.00065006,0.273985,0.599608,0.0027607,4.46007e-05,1
nmos,sky130_fd_pr__nfet_01v8,tt,27.0,0.5,16.0,1.0,1.2,0.1,0.000592273,0.265565,0.6231,0.0026771,4.12909e-05,1
nmos,sky130_fd_pr__nfet_01v8,tt,27.0,0.5,16.0,1.0,1.2,0.2,0.000538979,0.257105,0.64522,0.00259401,3.82226e-05,1
nmos,sky130_fd_pr__nfet_01v8,tt,27.0,0.5,16.0,1.0,1.2,0.3,0.000489706,0.248616,0.666165,0.002511,3.53688e-05,1
nmos,sky130_fd_pr__nfet_01v8,tt,27.0,0.5,16.0,1.0,1.5,0.0,0.000662301,0.274206,0.599104,0.00280367,3.76818e-05,1
nmos,sky130_fd_pr__nfet_01v8,tt,27.0,0.5,16.0,1.0,1.5,0.1,0.000603646,0.265793,0.622595,0.002719,3.51236e-05,1
nmos,sky130_fd_pr__nfet_01v8,tt,27.0,0.5,16.0,1.0,1.5,0.2,0.000549544,0.257341,0.644715,0.00263489,3.27336e-05,1
nmos,sky130_fd_pr__nfet_01v8,tt,27.0,0.5,16.0,1.0,1.5,0.3,0.000499515,0.248861,0.66566,0.0025509,3.04929e-05,1
nmos,sky130_fd_pr__nfet_01v8,tt,27.0,0.5,16.0,1.2,0.15,0.0,0.00061231,0.354083,0.601375,0.00110337,0.00323945,0
nmos,sky130_fd_pr__nfet_01v8,tt,27.0,0.5,16.0,1.2,0.15,0.1,0.000585908,0.348064,0.624867,0.00110489,0.00307887,0
nmos,sky130_fd_pr__nfet_01v8,tt,27.0,0.5,16.0,1.2,0.15,0.2,0.000561051,0.34202,0.646987,0.00110681,0.00292734,0
nmos,sky130_fd_pr__nfet_01v8,tt,27.0,0.5,16.0,1.2,0.15,0.3,0.000537521,0.335962,0.667933,0.00110905,0.00278366,0
nmos,sky130_fd_pr__nfet_01v8,tt,27.0,0.5,16.0,1.2,0.3,0.0,0.000980473,0.354165,0.601123,0.0021294,0.00167984,0
nmos,sky130_fd_pr__nfet_01v8,tt,27.0,0.5,16.0,1.2,0.3,0.1,0.000932195,0.348148,0.624614,0.00212747,0.0015503,0
nmos,sky130_fd_pr__nfet_01v8,tt,27.0,0.5,16.0,1.2,0.3,0.2,0.000886673,0.342106,0.646735,0.00212586,0.00142843,0
nmos,sky130_fd_pr__nfet_01v8,tt,27.0,0.5,16.0,1.2,0.3,0.3,0.000843549,0.336051,0.66768,0.00212427,0.00131366,0
nmos,sky130_fd_pr__nfet_01v8,tt,27.0,0.5,16.0,1.2,0.5,0.0,0.00115646,0.354273,0.600786,0.00296865,0.000392401,1
nmos,sky130_fd_pr__nfet_01v8,tt,27.0,0.5,16.0,1.2,0.5,0.1,0.00109232,0.34826,0.624278,0.00292837,0.000358231,1
nmos,sky130_fd_pr__nfet_01v8,tt,27.0,0.5,16.0,1.2,0.5,0.2,0.00103229,0.342221,0.646398,0.00288856,0.000327474,1
nmos,sky130_fd_pr__nfet_01v8,tt,27.0,0.5,16.0,1.2,0.5,0.3,0.000975884,0.336169,0.667344,0.00284898,0.00029973,1
nmos,sky130_fd_pr__nfet_01v8,tt,27.0,0.5,16.0,1.2,0.8,0.0,0.00122392,0.354436,0.600281,0.00323218,0.000141101,1
nmos,sky130_fd_pr__nfet_01v8,tt,27.0,0.5,16.0,1.2,0.8,0.1,0.00115473,0.348427,0.623773,0.0031782,0.000132182,1
nmos,sky130_fd_pr__nfet_01v8,tt,27.0,0.5,16.0,1.2,0.8,0.2,0.00109009,0.342394,0.645893,0.00312563,0.00012395,1
nmos,sky130_fd_pr__nfet_01v8,tt,27.0,0.5,16.0,1.2,0.8,0.3,0.00102948,0.336347,0.666839,0.00307413,0.000116332,1
nmos,sky130_fd_pr__nfet_01v8,tt,27.0,0.5,16.0,1.2,1.2,0.0,0.00126595,0.354653,0.599608,0.00335241,8.20354e-05,1
nmos,sky130_fd_pr__nfet_01v8,tt,27.0,0.5,16.0,1.2,1.2,0.1,0.00119435,0.348651,0.6231,0.00329495,7.77848e-05,1
nmos,sky130_fd_pr__nfet_01v8,tt,27.0,0.5,16.0,1.2,1.2,0.2,0.00112748,0.342624,0.64522,0.00323907,7.3818e-05,1
nmos,sky130_fd_pr__nfet_01v8,tt,27.0,0.5,16.0,1.2,1.2,0.3,0.00106479,0.336584,0.666165,0.00318442,7.01038e-05,1
nmos,sky130_fd_pr__nfet_01v8,tt,27.0,0.5,16.0,1.2,1.5,0.0,0.00128784,0.354815,0.599104,0.00340579,6.56025e-05,1
nmos,sky130_fd_pr__nfet_01v8,tt,27.0,0.5,16.0,1.2,1.5,0.1,0.00121516,0.348818,0.622595,0.00334729,6.25164e-05,1
nmos,sky130_fd_pr__nfet_01v8,tt,27.0,0.5,16.0,1.2,1.5,0.2,0.00114727,0.342796,0.644715,0.00329042,5.96235e-05,1
nmos,sky130_fd_pr__nfet_01v8,tt,27.0,0.5,16.0,1.2,1.5,0.3,0.00108364,0.336761,0.66566,0.00323481,5.69023e-05,1
nmos,sky130_fd_pr__nfet_01v8,tt,27.0,0.5,32.0,0.5,0.15,0.0,1.38493e-06,0.043266,0.592501,3.36993e-05,9.00488e-07,1
nmos,sky130_fd_pr__nfet_01v8,tt,27.0,0.5,32.0,0.5,0.15,0.1,7.76859e-07,0.0427521,0.616144,1.95343e-05,5.0752e-07,1
nmos,sky130_fd_pr__nfet_01v8,tt,27.0,0.5,32.0,0.5,0.15,0.2,4.3937e-07,0.0426062,0.638377,1.13848e-05,2.88476e-07,1
nmos,sky130_fd_pr__nfet_01v8,tt,27.0,0.5,32.0,0.5,0.15,0.3,2.50617e-07,0.0426599,0.6594,6.66884e-06,1.65357e-07,1
nmos,sky130_fd_pr__nfet_01v8,tt,27.0,0.5,32.0,0.5,0.3,0.0,1.48337e-06,0.0432753,0.592333,3.60668e-05,5.31688e-07,1
nmos,sky130_fd_pr__nfet_01v8,tt,27.0,0.5,32.0,0.5,0.3,0.1,8.32647e-07,0.0427577,0.615976,2.09255e-05,3.02661e-07,1
nmos,sky130_fd_pr__nfet_01v8,tt,27.0,0.5,32.0,0.5,0.3,0.2,4.71177e-07,0.0426096,0.638209,1.22041e-05,1.73017e-07,1
nmos,sky130_fd_pr__nfet_01v8,tt,27.0,0.5,32.0,0.5,0.3,0.3,2.6888e-07,0.042662,0.659232,7.15272e-06,9.95015e-08,1
nmos,sky130_fd_pr__nfet_01v8,tt,27.0,0.5,32.0,0.5,0.5,0.0,1.57815e-06,0.0432877,0.59211,3.83073e-05,4.35991e-07,1
nmos,sky130_fd_pr__nfet_01v8,tt,27.0,0.5,32.0,0.5,0.5,0.1,8.86754e-07,0.0427653,0.615752,2.22606e-05,2.49493e-07,1
nmos,sky130_fd_pr__nfet_01v8,tt,27.0,0.5,32.0,0.5,0.5,0.2,5.02164e-07,0.0426141,0.637985,1.29971e-05,1.43107e-07,1
nmos,sky130_fd_pr__nfet_01v8,tt,27.0,0.5,32.0,0.5,0.5,0.3,2.86722e-07,0.0426647,0.659008,7.62344e-06,8.24896e-08,1
nmos,sky130_fd_pr__nfet_01v8,tt,27.0,0.5,32.0,0.5,0.8,0.0,1.70132e-06,0.0433065,0.591774,4.1192e-05,3.93515e-07,1
nmos,sky130_fd_pr__nfet_01v8,tt,27.0,0.5,32.0,0.5,0.8,0.1,9.57391e-07,0.0427767,0.615417,2.39934e-05,2.26083e-07,1
nmos,sky130_fd_pr__nfet_01v8,tt,27.0,0.5,32.0,0.5,0.8,0.2,5.4274e-07,0.042621,0.637649,1.40315e-05,1.30033e-07,1
nmos,sky130_fd_pr__nfet_01v8,tt,27.0,0.5,32.0,0.5,0.8,0.3,3.10136e-07,0.0426688,0.658672,8.23958e-06,7.51033e-08,1
nmos,sky130_fd_pr__nfet_01v8,tt,27.0,0.5,32.0,0.5,1.2,0.0,1.85466e-06,0.0433318,0.591327,4.476e-05,3.76757e-07,1
nmos,sky130_fd_pr__nfet_01v8,tt,27.0,0.5,32.0,0.5,1.2,0.1,1.04563e-06,0.0427921,0.614969,2.6149e-05,2.17122e-07,1
nmos,sky130_fd_pr__nfet_01v8,tt,27.0,0.5,32.0,0.5,1.2,0.2,5.93553e-07,0.0426302,0.637201,1.53232e-05,1.25159e-07,1
nmos,sky130_fd_pr__nfet_01v8,tt,27.0,0.5,32.0,0.5,1.2,0.3,3.39511e-07,0.0426743,0.658224,9.011e-06,7.24139e-08,1
nmos,sky130_fd_pr__nfet_01v8,tt,27.0,0.5,32.0,0.5,1.5,0.0,1.96705e-06,0.0433509,0.590991,4.73649e-05,3.73301e-07,1
nmos,sky130_fd_pr__nfet_01v8,tt,27.0,0.5,32.0,0.5,1.5,0.1,1.11046e-06,0.0428038,0.614633,2.77284e-05,2.15489e-07,1
nmos,sky130_fd_pr__nfet_01v8,tt,27.0,0.5,32.0,0.5,1.5,0.2,6.30948e-07,0.0426372,0.636865,1.6272e-05,1.24376e-07,1
nmos,sky130_fd_pr__nfet_01v8,tt,27.0,0.5,32.0,0.5,1.5,0.3,3.61158e-07,0.0426785,0.657888,9.57867e-06,7.20347e-08,1
nmos,sky130_fd_pr__nfet_01v8,tt,27.0,0.5,32.0,0.6,0.15,0.0,1.43168e-05,0.0589353,0.592501,0.000315784,9.96798e-06,1
nmos,sky130_fd_pr__nfet_01v8,tt,27.0,0.5,32.0,0.6,0.15,0.1,8.70688e-06,0.0536145,0.616144,0.000200752,5.89232e-06,1
nmos,sky130_fd_pr__nfet_01v8,tt,27.0,0.5,32.0,0.6,0.15,0.2,5.30725e-06,0.0499153,0.638377,0.000126612,3.5434e-06,1
nmos,sky130_fd_pr__nfet_01v8,tt,27.0,0.5,32.0,0.6,0.15,0.3,3.25035e-06,0.0474668,0.6594,7.98269e-05,2.15922e-06,1
nmos,sky130_fd_pr__nfet_01v8,tt,27.0,0.5,32.0,0.6,0.3,0.0,1.53067e-05,0.0589856,0.592333,0.000337807,4.97338e-06,1
nmos,sky130_fd_pr__nfet_01v8,tt,27.0,0.5,32.0,0.6,0.3,0.1,9.31243e-06,0.0536525,0.615976,0.000214588,3.12374e-06,1
nmos,sky130_fd_pr__nfet_01v8,tt,27.0,0.5,32.0,0.6,0.3,0.2,5.68034e-06,0.0499429,0.638209,0.000135376,1.96072e-06,1
nmos,sky130_fd_pr__nfet_01v8,tt,27.0,0.5,32.0,0.6,0.3,0.3,3.48151e-06,0.0474862,0.659232,8.54149e-05,1.23037e-06,1
nmos,sky130_fd_pr__nfet_01v8,tt,27.0,0.5,32.0,0.6,0.5,0.0,1.61598e-05,0.0590529,0.59211,0.000354968,3.8056e-06,1
nmos,sky130_fd_pr__nfet_01v8,tt,27.0,0.5,32.0,0.6,0.5,0.1,9.85578e-06,0.0537034,0.615752,0.000226132,2.45139e-06,1
nmos,sky130_fd_pr__nfet_01v8,tt,27.0,0.5,32.0,0.6,0.5,0.2,6.02487e-06,0.0499799,0.637985,0.000143065,1.56706e-06,1
nmos,sky130_fd_pr__nfet_01v8,tt,27.0,0.5,32.0,0.6,0.5,0.3,3.69925e-06,0.0475121,0.659008,9.04973e-05,9.96078e-07,1
nmos,sky130_fd_pr__nfet_01v8,tt,27.0,0.5,32.0,0.6,0.8,0.0,1.72086e-05,0.0591541,0.591774,0.000374992,3.28483e-06,1
nmos,sky130_fd_pr__nfet_01v8,tt,27.0,0.5,32.0,0.6,0.8,0.1,1.05376e-05,0.05378,0.615417,0.000240079,2.15094e-06,1
nmos,sky130_fd_pr__nfet_01v8,tt,27.0,0.5,32.0,0.6,0.8,0.2,6.4636e-06,0.0500356,0.637649,0.000152601,1.39164e-06,1
nmos,sky130_fd_pr__nfet_01v8,tt,27.0,0.5,32.0,0.6,0.8,0.3,3.97946e-06,0.0475513,0.658672,9.6919e-05,8.92248e-07,1
nmos,sky130_fd_pr__nfet_01v8,tt,27.0,0.5,32.0,0.6,1.2,0.0,1.8468e-05,0.0592897,0.591327,0.000398217,3.05313e-06,1
nmos,sky130_fd_pr__nfet_01v8,tt,27.0,0.5,32.0,0.6,1.2,0.1,1.13671e-05,0.0538827,0.614969,0.000256631,2.02096e-06,1
nmos,sky130_fd_pr__nfet_01v8,tt,27.0,0.5,32.0,0.6,1.2,0.2,7.0027e-06,0.0501103,0.637201,0.000164112,1.31816e-06,1
nmos,sky130_fd_pr__nfet_01v8,tt,27.0,0.5,32.0,0.6,1.2,0.3,4.32622e-06,0.0476039,0.658224,0.000104768,8.50185e-07,1
nmos,sky130_fd_pr__nfet_01v8,tt,27.0,0.5,32.0,0.6,1.5,0.0,1.93721e-05,0.0593919,0.590991,0.00041456,2.98273e-06,1
nmos,sky130_fd_pr__nfet_01v8,tt,27.0,0.5,32.0,0.6,1.5,0.1,1.19672e-05,0.0539602,0.614633,0.00026843,1.9844e-06,1
nmos,sky130_fd_pr__nfet_01v8,tt,27.0,0.5,32.0,0.6,1.5,0.2,7.39488e-06,0.0501667,0.636865,0.000172399,1.29934e-06,1
nmos,sky130_fd_pr__nfet_01v8,tt,27.0,0.5,32.0,0.6,1.5,0.3,4.57956e-06,0.0476437,0.657888,0.00011046,8.40509e-07,1
nmos,sky130_fd_pr__nfet_01v8,tt,27.0,0.5,32.0,0.7,0.15,0.0,9.59513e-05,0.106161,0.592501,0.00145752,0.000113263,0
nmos,sky130_fd_pr__nfet_01v8,tt,27.0,0.5,32.0,0.7,0.15,0.1,6.80549e-05,0.0943455,0.616144,0.00116102,6.83579e-05,1
nmos,sky130_fd_pr__nfet_01v8,tt,27.0,0.5,32.0,0.7,0.15,0.2,4.72214e-05,0.0838158,0.638377,0.000889162,4.16838e-05,1
nmos,sky130_fd_pr__nfet_01v8,tt,27.0,0.5,32.0,0.7,0.15,0.3,3.21878e-05,0.0747407,0.6594,0.000657261,2.57934e-05,1
nmos,sky130_fd_pr__nfet_01v8,tt,27.0,0.5,32.0,0.7,0.3,0.0,0.000104369,0.106261,0.592333,0.00162891,3.29974e-05,1
nmos,sky130_fd_pr__nfet_01v8,tt,27.0,0.5,32.0,0.7,0.3,0.1,7.35128e-05,0.0944393,0.615976,0.00127572,2.29314e-05,1
nmos,sky130_fd_pr__nfet_01v8,tt,27.0,0.5,32.0,0.7,0.3,0.2,5.07791e-05,0.0839012,0.638209,0.000965979,1.58508e-05,1
nmos,sky130_fd_pr__nfet_01v8,tt,27.0,0.5,32.0,0.7,0.3,0.3,3.4521e-05,0.0748158,0.659232,0.000708878,1.09071e-05,1
nmos,sky130_fd_pr__nfet_01v8,tt,27.0,0.5,32.0,0.7,0.5,0.0,0.000109429,0.106394,0.59211,0.00170652,2.06111e-05,1
nmos,sky130_fd_pr__nfet_01v8,tt,27.0,0.5,32.0,0.7,0.5,0.1,7.71353e-05,0.0945644,0.615752,0.00133543,1.51223e-05,1
nmos,sky130_fd_pr__nfet_01v8,tt,27.0,0.5,32.0,0.7,0.5,0.2,5.33493e-05,0.0840151,0.637985,0.00101129,1.09609e-05,1
nmos,sky130_fd_pr__nfet_01v8,tt,27.0,0.5,32.0,0.7,0.5,0.3,3.63294e-05,0.0749161,0.659008,0.000742792,7.85397e-06,1
nmos,sky130_fd_pr__nfet_01v8,tt,27.0,0.5,32.0,0.7,0.8,0.0,0.000114736,0.106594,0.591774,0.00177692,1.57268e-05,1
nmos,sky130_fd_pr__nfet_01v8,tt,27.0,0.5,32.0,0.7,0.8,0.1,8.10995e-05,0.0947523,0.615417,0.00139317,1.19218e-05,1
nmos,sky130_fd_pr__nfet_01v8,tt,27.0,0.5,32.0,0.7,0.8,0.2,5.62687e-05,0.0841863,0.637649,0.0010577,8.89524e-06,1
nmos,sky130_fd_pr__nfet_01v8,tt,27.0,0.5,32.0,0.7,0.8,0.3,3.84504e-05,0.0750669,0.658672,0.000779343,6.53559e-06,1
nmos,sky130_fd_pr__nfet_01v8,tt,27.0,0.5,32.0,0.7,1.2,0.0,0.000120515,0.10686,0.591327,0.0018464,1.35231e-05,1
nmos,sky130_fd_pr__nfet_01v8,tt,27.0,0.5,32.0,0.7,1.2,0.1,8.55293e-05,0.0950033,0.614969,0.00145253,1.04651e-05,1
nmos,sky130_fd_pr__nfet_01v8,tt,27.0,0.5,32.0,0.7,1.2,0.2,5.96073e-05,0.0844151,0.637201,0.00110723,7.95308e-06,1
nmos,sky130_fd_pr__nfet_01v8,tt,27.0,0.5,32.0,0.7,1.2,0.3,4.09249e-05,0.0752686,0.658224,0.000819653,5.93729e-06,1
nmos,sky130_fd_pr__nfet_01v8,tt,27.0,0.5,32.0,0.7,1.5,0.0,0.000124447,0.107061,0.590991,0.00189104,1.27572e-05,1
nmos,sky130_fd_pr__nfet_01v8,tt,27.0,0.5,32.0,0.7,1.5,0.1,8.85867e-05,0.0951918,0.614633,0.00149157,9.96404e-06,1
nmos,sky130_fd_pr__nfet_01v8,tt,27.0,0.5,32.0,0.7,1.5,0.2,6.19409e-05,0.084587,0.636865,0.0011405,7.63503e-06,1
nmos,sky130_fd_pr__nfet_01v8,tt,27.0,0.5,32.0,0.7,1.5,0.3,4.26736e-05,0.0754203,0.657888,0.000847236,5.74103e-06,1
nmos,sky130_fd_pr__nfet_01v8,tt,27.0,0.5,32.0,0.8,0.15,0.0,0.000297271,0.168353,0.592501,0.00237912,0.000812142,0
nmos,sky130_fd_pr__nfet_01v8,tt,27.0,0.5,32.0,0.8,0.15,0.1,0.000247421,0.156322,0.616144,0.00227112,0.000591566,0
nmos,sky130_fd_pr__nfet_01v8,tt,27.0,0.5,32.0,0.8,0.15,0.2,0.000202661,0.14441,0.638377,0.00212735,0.000416558,0
nmos,sky130_fd_pr__nfet_01v8,tt,27.0,0.5,32.0,0.8,0.15,0.3,0.00016313,0.13274,0.6594,0.00194737,0.000284921,0
nmos,sky130_fd_pr__nfet_01v8,tt,27.0,0.5,32.0,0.8,0.3,0.0,0.000349012,0.168452,0.592333,0.00316103,0.000143888,1
nmos,sky130_fd_pr__nfet_01v8,tt,27.0,0.5,32.0,0.8,0.3,0.1,0.000284758,0.156425,0.615976,0.00289095,0.000109504,1
nmos,sky130_fd_pr__nfet_01v8,tt,27.0,0.5,32.0,0.8,0.3,0.2,0.000229229,0.144515,0.638209,0.00260376,8.30414e-05,1
nmos,sky130_fd_pr__nfet_01v8,tt,27.0,0.5,32.0,0.8,0.3,0.3,0.000181857,0.132845,0.659232,0.00230401,6.27256e-05,1
nmos,sky130_fd_pr__nfet_01v8,tt,27.0,0.5,32.0,0.8,0.5,0.0,0.000367725,0.168585,0.59211,0.0033689,6.63335e-05,1
nmos,sky130_fd_pr__nfet_01v8,tt,27.0,0.5,32.0,0.8,0.5,0.1,0.000299505,0.156561,0.615752,0.00306578,5.3893e-05,1
nmos,sky130_fd_pr__nfet_01v8,tt,27.0,0.5,32.0,0.8,0.5,0.2,0.000240794,0.144654,0.637985,0.00275012,4.34954e-05,1
nmos,sky130_fd_pr__nfet_01v8,tt,27.0,0.5,32.0,0.8,0.5,0.3,0.000190875,0.132985,0.659008,0.00242585,3.48437e-05,1
nmos,sky130_fd_pr__nfet_01v8,tt,27.0,0.5,32.0,0.8,0.8,0.0,0.000383329,0.168783,0.591774,0.00350465,4.28576e-05,1
nmos,sky130_fd_pr__nfet_01v8,tt,27.0,0.5,32.0,0.8,0.8,0.1,0.000312424,0.156765,0.615417,0.0031879,3.60604e-05,1
nmos,sky130_fd_pr__nfet_01v8,tt,27.0,0.5,32.0,0.8,0.8,0.2,0.000251414,0.144862,0.637649,0.00285928,3.01101e-05,1
nmos,sky130_fd_pr__nfet_01v8,tt,27.0,0.5,32.0,0.8,0.8,0.3,0.000199535,0.133194,0.658672,0.00252265,2.49242e-05,1
nmos,sky130_fd_pr__nfet_01v8,tt,27.0,0.5,32.0,0.8,1.2,0.0,0.000398234,0.169048,0.591327,0.00361497,3.32926e-05,1
nmos,sky130_fd_pr__nfet_01v8,tt,27.0,0.5,32.0,0.8,1.2,0.1,0.00032511,0.157038,0.614969,0.00329101,2.86199e-05,1
nmos,sky130_fd_pr__nfet_01v8,tt,27.0,0.5,32.0,0.8,1.2,0.2,0.000262127,0.14514,0.637201,0.00295505,2.44029e-05,1
nmos,sky130_fd_pr__nfet_01v8,tt,27.0,0.5,32.0,0.8,1.2,0.3,0.000208501,0.133474,0.658224,0.00261088,2.06131e-05,1
nmos,sky130_fd_pr__nfet_01v8,tt,27.0,0.5,32.0,0.8,1.5,0.0,0.000407688,0.169246,0.590991,0.00367844,3.00263e-05,1
nmos,sky130_fd_pr__nfet_01v8,tt,27.0,0.5,32.0,0.8,1.5,0.1,0.000333278,0.157242,0.614633,0.00335163,2.60607e-05,1
nmos,sky130_fd_pr__nfet_01v8,tt,27.0,0.5,32.0,0.8,1.5,0.2,0.000269126,0.145348,0.636865,0.00301261,2.2429e-05,1
nmos,sky130_fd_pr__nfet_01v8,tt,27.0,0.5,32.0,0.8,1.5,0.3,0.00021444,0.133684,0.657888,0.00266508,1.9117e-05,1
nmos,sky130_fd_pr__nfet_01v8,tt,27.0,0.5,32.0,0.9,0.15,0.0,0.000542364,0.223502,0.592501,0.00245656,0.00217429,0
nmos,sky130_fd_pr__nfet_01v8,tt,27.0,0.5,32.0,0.9,0.15,0.1,0.00048822,0.213718,0.616144,0.00244912,0.00186799,0
nmos,sky130_fd_pr__nfet_01v8,tt,27.0,0.5,32.0,0.9,0.15,0.2,0.00043731,0.203845,0.638377,0.00243612,0.00158425,0
nmos,sky130_fd_pr__nfet_01v8,tt,27.0,0.5,32.0,0.9,0.15,0.3,0.000389351,0.193908,0.6594,0.00241479,0.00132295,0
nmos,sky130_fd_pr__nfet_01v8,tt,27.0,0.5,32.0,0.9,0.3,0.0,0.000710268,0.223584,0.592333,0.00395296,0.000448502,1
nmos,sky130_fd_pr__nfet_01v8,tt,27.0,0.5,32.0,0.9,0.3,0.1,0.000626545,0.213803,0.615976,0.00382156,0.000363262,1
nmos,sky130_fd_pr__nfet_01v8,tt,27.0,0.5,32.0,0.9,0.3,0.2,0.000549908,0.203934,0.638209,0.00367749,0.000293713,1
nmos,sky130_fd_pr__nfet_01v8,tt,27.0,0.5,32.0,0.9,0.3,0.3,0.000479844,0.194001,0.659232,0.00351993,0.000237098,1
nmos,sky130_fd_pr__nfet_01v8,tt,27.0,0.5,32.0,0.9,0.5,0.0,0.000759794,0.223693,0.59211,0.00437876,0.00015044,1
nmos,sky130_fd_pr__nfet_01v8,tt,27.0,0.5,32.0,0.9,0.5,0.1,0.000667859,0.213918,0.615752,0.00419448,0.000129408,1
nmos,sky130_fd_pr__nfet_01v8,tt,27.0,0.5,32.0,0.9,0.5,0.2,0.00058434,0.204053,0.637985,0.00400382,0.000111124,1
nmos,sky130_fd_pr__nfet_01v8,tt,27.0,0.5,32.0,0.9,0.5,0.3,0.000508502,0.194124,0.659008,0.00380524,9.52079e-05,1
nmos,sky130_fd_pr__nfet_01v8,tt,27.0,0.5,32.0,0.9,0.8,0.0,0.00079228,0.223857,0.591774,0.00458146,8.29264e-05,1
nmos,sky130_fd_pr__nfet_01v8,tt,27.0,0.5,32.0,0.9,0.8,0.1,0.000696272,0.214089,0.615417,0.00438278,7.35853e-05,1
nmos,sky130_fd_pr__nfet_01v8,tt,27.0,0.5,32.0,0.9,0.8,0.2,0.000609142,0.204231,0.637649,0.00417862,6.51574e-05,1
nmos,sky130_fd_pr__nfet_01v8,tt,27.0,0.5,32.0,0.9,0.8,0.3,0.0005301,0.194309,0.658672,0.00396733,5.75404e-05,1
nmos,sky130_fd_pr__nfet_01v8,tt,27.0,0.5,32.0,0.9,1.2,0.0,0.000819745,0.224075,0.591327,0.00472147,5.87896e-05,1
nmos,sky130_fd_pr__nfet_01v8,tt,27.0,0.5,32.0,0.9,1.2,0.1,0.000720876,0.214317,0.614969,0.00451683,5.3115e-05,1
nmos,sky130_fd_pr__nfet_01v8,tt,27.0,0.5,32.0,0.9,1.2,0.2,0.000631137,0.204468,0.637201,0.00430691,4.78821e-05,1
nmos,sky130_fd_pr__nfet_01v8,tt,27.0,0.5,32.0,0.9,1.2,0.3,0.000549709,0.194555,0.658224,0.00408999,4.30452e-05,1
nmos,sky130_fd_pr__nfet_01v8,tt,27.0,0.5,32.0,0.9,1.5,0.0,0.000836094,0.224239,0.590991,0.00479534,5.09323e-05,1
nmos,sky130_fd_pr__nfet_01v8,tt,27.0,0.5,32.0,0.9,1.5,0.1,0.000735709,0.214487,0.614633,0.0045887,4.63879e-05,1
nmos,sky130_fd_pr__nfet_01v8,tt,27.0,0.5,32.0,0.9,1.5,0.2,0.000644564,0.204646,0.636865,0.00437681,4.21535e-05,1
nmos,sky130_fd_pr__nfet_01v8,tt,27.0,0.5,32.0,0.9,1.5,0.3,0.000561829,0.19474,0.657888,0.00415794,3.81972e-05,1
nmos,sky130_fd_pr__nfet_01v8,tt,27.0,0.5,32.0,1.0,0.15,0.0,0.000783888,0.269479,0.592501,0.00236967,0.00365355,0
nmos,sky130_fd_pr__nfet_01v8,tt,27.0,0.5,32.0,1.0,0.15,0.1,0.000729772,0.261597,0.616144,0.00237318,0.00333382,0
nmos,sky130_fd_pr__nfet_01v8,tt,27.0,0.5,32.0,1.0,0.15,0.2,0.000678726,0.253641,0.638377,0.00237697,0.00303236,0
nmos,sky130_fd_pr__nfet_01v8,tt,27.0,0.5,32.0,1.0,0.15,0.3,0.000630343,0.245625,0.6594,0.00238056,0.0027472,0
nmos,sky130_fd_pr__nfet_01v8,tt,27.0,0.5,32.0,1.0,0.3,0.0,0.00112351,0.269547,0.592333,0.00425411,0.00108828,0
nmos,sky130_fd_pr__nfet_01v8,tt,27.0,0.5,32.0,1.0,0.3,0.1,0.00103082,0.261667,0.615976,0.00419834,0.000927751,0
nmos,sky130_fd_pr__nfet_01v8,tt,27.0,0.5,32.0,1.0,0.3,0.2,0.00094427,0.253714,0.638209,0.00413586,0.000788539,0
nmos,sky130_fd_pr__nfet_01v8,tt,27.0,0.5,32.0,1.0,0.3,0.3,0.000863286,0.245701,0.659232,0.00406602,0.000668523,1
nmos,sky130_fd_pr__nfet_01v8,tt,27.0,0.5,32.0,1.0,0.5,0.0,0.00123127,0.269637,0.59211,0.00501188,0.000282577,1
nmos,sky130_fd_pr__nfet_01v8,tt,27.0,0.5,32.0,1.0,0.5,0.1,0.00112399,0.261761,0.615752,0.00488267,0.00025079,1
nmos,sky130_fd_pr__nfet_01v8,tt,27.0,0.5,32.0,1.0,0.5,0.2,0.00102482,0.253811,0.637985,0.00475244,0.000222644,1
nmos,sky130_fd_pr__nfet_01v8,tt,27.0,0.5,32.0,1.0,0.5,0.3,0.000932908,0.245802,0.659008,0.00462058,0.000197666,1
nmos,sky130_fd_pr__nfet_01v8,tt,27.0,0.5,32.0,1.0,0.8,0.0,0.00128774,0.269772,0.591774,0.00529105,0.000134767,1
nmos,sky130_fd_pr__nfet_01v8,tt,27.0,0.5,32.0,1.0,0.8,0.1,0.00117484,0.261902,0.615417,0.00514533,0.000122965,1
nmos,sky130_fd_pr__nfet_01v8,tt,27.0,0.5,32.0,1.0,0.8,0.2,0.00107062,0.253958,0.637649,0.00499968,0.000112189,1
nmos,sky130_fd_pr__nfet_01v8,tt,27.0,0.5,32.0,1.0,0.8,0.3,0.000974165,0.245954,0.658672,0.0048534,0.000102323,1
nmos,sky130_fd_pr__nfet_01v8,tt,27.0,0.5,32.0,1.0,1.2,0.0,0.00133059,0.269952,0.591327,0.0054589,8.84947e-05,1
nmos,sky130_fd_pr__nfet_01v8,tt,27.0,0.5,32.0,1.0,1.2,0.1,0.00121425,0.262089,0.614969,0.00530739,8.19608e-05,1
nmos,sky130_fd_pr__nfet_01v8,tt,27.0,0.5,32.0,1.0,1.2,0.2,0.00110686,0.254152,0.637201,0.00515618,7.58982e-05,1
nmos,sky130_fd_pr__nfet_01v8,tt,27.0,0.5,32.0,1.0,1.2,0.3,0.00100748,0.246157,0.658224,0.00500456,7.02556e-05,1
nmos,sky130_fd_pr__nfet_01v8,tt,27.0,0.5,32.0,1.0,1.5,0.0,0.00135478,0.270087,0.590991,0.00554185,7.41737e-05,1
nmos,sky130_fd_pr__nfet_01v8,tt,27.0,0.5,32.0,1.0,1.5,0.1,0.00123674,0.26223,0.614633,0.00538845,6.91532e-05,1
nmos,sky130_fd_pr__nfet_01v8,tt,27.0,0.5,32.0,1.0,1.5,0.2,0.00112775,0.254299,0.636865,0.00523543,6.44605e-05,1
nmos,sky130_fd_pr__nfet_01v8,tt,27.0,0.5,32.0,1.0,1.5,0.3,0.00102688,0.246308,0.657888,0.00508206,6.00597e-05,1
nmos,sky130_fd_pr__nfet_01v8,tt,27.0,0.5,32.0,1.2,0.15,0.0,0.00123938,0.344007,0.592501,0.00218459,0.00653594,0
nmos,sky130_fd_pr__nfet_01v8,tt,27.0,0.5,32.0,1.2,0.15,0.1,0.00118599,0.338576,0.616144,0.00218801,0.00621338,0
nmos,sky130_fd_pr__nfet_01v8,tt,27.0,0.5,32.0,1.2,0.15,0.2,0.0011358,0.333086,0.638377,0.00219212,0.00590929,0
nmos,sky130_fd_pr__nfet_01v8,tt,27.0,0.5,32.0,1.2,0.15,0.3,0.00108835,0.327555,0.6594,0.00219677,0.00562123,0
nmos,sky130_fd_pr__nfet_01v8,tt,27.0,0.5,32.0,1.2,0.3,0.0,0.00197788,0.344055,0.592333,0.00420181,0.00331797,0
nmos,sky130_fd_pr__nfet_01v8,tt,27.0,0.5,32.0,1.2,0.3,0.1,0.00188087,0.338626,0.615976,0.00419872,0.00306329,0
nmos,sky130_fd_pr__nfet_01v8,tt,27.0,0.5,32.0,1.2,0.3,0.2,0.00178949,0.333138,0.638209,0.00419598,0.0028238,0
nmos,sky130_fd_pr__nfet_01v8,tt,27.0,0.5,32.0,1.2,0.3,0.3,0.00170302,0.327608,0.659232,0.00419306,0.00259846,0
nmos,sky130_fd_pr__nfet_01v8,tt,27.0,0.5,32.0,1.2,0.5,0.0,0.00231892,0.344119,0.59211,0.00576901,0.000758995,1
nmos,sky130_fd_pr__nfet_01v8,tt,27.0,0.5,32.0,1.2,0.5,0.1,0.00219202,0.338693,0.615752,0.00569682,0.000696017,1
nmos,sky130_fd_pr__nfet_01v8,tt,27.0,0.5,32.0,1.2,0.5,0.2,0.00207322,0.333206,0.637985,0.00562506,0.000638917,1
nmos,sky130_fd_pr__nfet_01v8,tt,27.0,0.5,32.0,1.2,0.5,0.3,0.0019616,0.327679,0.659008,0.00555338,0.000587074,1
nmos,sky130_fd_pr__nfet_01v8,tt,27.0,0.5,32.0,1.2,0.8,0.0,0.00245047,0.344216,0.591774,0.00625461,0.000276368,1
nmos,sky130_fd_pr__nfet_01v8,tt,27.0,0.5,32.0,1.2,0.8,0.1,0.00231409,0.338793,0.615417,0.00615995,0.000259366,1
nmos,sky130_fd_pr__nfet_01v8,tt,27.0,0.5,32.0,1.2,0.8,0.2,0.00218661,0.33331,0.637649,0.00606694,0.000243618,1
nmos,sky130_fd_pr__nfet_01v8,tt,27.0,0.5,32.0,1.2,0.8,0.3,0.00206702,0.327786,0.658672,0.0059752,0.000228998,1
nmos,sky130_fd_pr__nfet_01v8,tt,27.0,0.5,32.0,1.2,1.2,0.0,0.00253266,0.344345,0.591327,0.00648071,0.000159916,1
nmos,sky130_fd_pr__nfet_01v8,tt,27.0,0.5,32.0,1.2,1.2,0.1,0.00239167,0.338926,0.614969,0.00638022,0.000151758,1
nmos,sky130_fd_pr__nfet_01v8,tt,27.0,0.5,32.0,1.2,1.2,0.2,0.0022599,0.333447,0.637201,0.00628161,0.000144129,1
nmos,sky130_fd_pr__nfet_01v8,tt,27.0,0.5,32.0,1.2,1.2,0.3,0.00213631,0.327928,0.658224,0.00618446,0.000136974,1
nmos,sky130_fd_pr__nfet_01v8,tt,27.0,0.5,32.0,1.2,1.5,0.0,0.00257522,0.344441,0.590991,0.00658126,0.00012724,1
nmos,sky130_fd_pr__nfet_01v8,tt,27.0,0.5,32.0,1.2,1.5,0.1,0.00243216,0.339025,0.614633,0.00647903,0.000121321,1
nmos,sky130_fd_pr__nfet_01v8,tt,27.0,0.5,32.0,1.2,1.5,0.2,0.00229844,0.33355,0.636865,0.00637873,0.000115764,1
nmos,sky130_fd_pr__nfet_01v8,tt,27.0,0.5,32.0,1.2,1.5,0.3,0.00217303,0.328035,0.657888,0.00627995,0.000110532,1
nmos,sky130_fd_pr__nfet_01v8,tt,27.0,0.5,63.0,0.5,0.15,0.0,2.79813e-06,0.0433589,0.588209,6.81727e-05,1.79875e-06,1
nmos,sky130_fd_pr__nfet_01v8,tt,27.0,0.5,63.0,0.5,0.15,0.1,1.5649e-06,0.0428118,0.611927,3.93957e-05,1.00976e-06,1
nmos,sky130_fd_pr__nfet_01v8,tt,27.0,0.5,63.0,0.5,0.15,0.2,8.82801e-07,0.0426416,0.634214,2.28995e-05,5.71964e-07,1
nmos,sky130_fd_pr__nfet_01v8,tt,27.0,0.5,63.0,0.5,0.15,0.3,5.02466e-07,0.0426755,0.655277,1.33839e-05,3.26878e-07,1
nmos,sky130_fd_pr__nfet_01v8,tt,27.0,0.5,63.0,0.5,0.3,0.0,2.99234e-06,0.0433622,0.588149,7.28521e-05,1.03682e-06,1
nmos,sky130_fd_pr__nfet_01v8,tt,27.0,0.5,63.0,0.5,0.3,0.1,1.67453e-06,0.0428139,0.611867,4.21349e-05,5.87904e-07,1
nmos,sky130_fd_pr__nfet_01v8,tt,27.0,0.5,63.0,0.5,0.3,0.2,9.45083e-07,0.0426428,0.634154,2.4507e-05,3.34849e-07,1
nmos,sky130_fd_pr__nfet_01v8,tt,27.0,0.5,63.0,0.5,0.3,0.3,5.38116e-07,0.0426762,0.655216,1.43302e-05,1.91942e-07,1
nmos,sky130_fd_pr__nfet_01v8,tt,27.0,0.5,63.0,0.5,0.5,0.0,3.17552e-06,0.0433668,0.588069,7.71872e-05,8.35908e-07,1
nmos,sky130_fd_pr__nfet_01v8,tt,27.0,0.5,63.0,0.5,0.5,0.1,1.77869e-06,0.0428166,0.611786,4.47098e-05,4.76428e-07,1
nmos,sky130_fd_pr__nfet_01v8,tt,27.0,0.5,63.0,0.5,0.5,0.2,1.00451e-06,0.0426445,0.634073,2.6031e-05,2.7221e-07,1
nmos,sky130_fd_pr__nfet_01v8,tt,27.0,0.5,63.0,0.5,0.5,0.3,5.72217e-07,0.0426773,0.655135,1.52317e-05,1.56351e-07,1
nmos,sky130_fd_pr__nfet_01v8,tt,27.0,0.5,63.0,0.5,0.8,0.0,3.40968e-06,0.0433735,0.587949,8.26765e-05,7.42304e-07,1
nmos,sky130_fd_pr__nfet_01v8,tt,27.0,0.5,63.0,0.5,0.8,0.1,1.91242e-06,0.0428208,0.611665,4.79968e-05,4.2463e-07,1
nmos,sky130_fd_pr__nfet_01v8,tt,27.0,0.5,63.0,0.5,0.8,0.2,1.08102e-06,0.042647,0.633952,2.7986e-05,2.4319e-07,1
nmos,sky130_fd_pr__nfet_01v8,tt,27.0,0.5,63.0,0.5,0.8,0.3,6.16199e-07,0.0426788,0.655014,1.63918e-05,1.39912e-07,1
nmos,sky130_fd_pr__nfet_01v8,tt,27.0,0.5,63.0,0.5,1.2,0.0,3.69651e-06,0.0433826,0.587788,8.93591e-05,6.99182e-07,1
nmos,sky130_fd_pr__nfet_01v8,tt,27.0,0.5,63.0,0.5,1.2,0.1,2.07673e-06,0.0428264,0.611505,5.20201e-05,4.00989e-07,1
nmos,sky130_fd_pr__nfet_01v8,tt,27.0,0.5,63.0,0.5,1.2,0.2,1.17521e-06,0.0426504,0.633791,3.0387e-05,2.30053e-07,1
nmos,sky130_fd_pr__nfet_01v8,tt,27.0,0.5,63.0,0.5,1.2,0.3,6.70426e-07,0.0426808,0.654852,1.78198e-05,1.32527e-07,1
nmos,sky130_fd_pr__nfet_01v8,tt,27.0,0.5,63.0,0.5,1.5,0.0,3.90398e-06,0.0433894,0.587668,9.41755e-05,6.85404e-07,1
nmos,sky130_fd_pr__nfet_01v8,tt,27.0,0.5,63.0,0.5,1.5,0.1,2.19579e-06,0.0428305,0.611384,5.49289e-05,3.93581e-07,1
nmos,sky130_fd_pr__nfet_01v8,tt,27.0,0.5,63.0,0.5,1.5,0.2,1.24354e-06,0.0426529,0.63367,3.21265e-05,2.26007e-07,1
nmos,sky130_fd_pr__nfet_01v8,tt,27.0,0.5,63.0,0.5,1.5,0.3,7.09808e-07,0.0426823,0.654731,1.88558e-05,1.30288e-07,1
nmos,sky130_fd_pr__nfet_01v8,tt,27.0,0.5,63.0,0.6,0.15,0.0,2.90617e-05,0.0592517,0.588209,0.000642597,2.01167e-05,1
nmos,sky130_fd_pr__nfet_01v8,tt,27.0,0.5,63.0,0.6,0.15,0.1,1.76214e-05,0.0538219,0.611927,0.000407417,1.18223e-05,1
nmos,sky130_fd_pr__nfet_01v8,tt,27.0,0.5,63.0,0.6,0.15,0.2,1.07109e-05,0.0500431,0.634214,0.00025622,7.07662e-06,1
nmos,sky130_fd_pr__nfet_01v8,tt,27.0,0.5,63.0,0.6,0.15,0.3,6.54341e-06,0.047538,0.655277,0.000161105,4.29619e-06,1
nmos,sky130_fd_pr__nfet_01v8,tt,27.0,0.5,63.0,0.6,0.3,0.0,3.10283e-05,0.0592697,0.588149,0.000686621,9.72451e-06,1
nmos,sky130_fd_pr__nfet_01v8,tt,27.0,0.5,63.0,0.6,0.3,0.1,1.88187e-05,0.0538355,0.611867,0.000434897,6.08849e-06,1
nmos,sky130_fd_pr__nfet_01v8,tt,27.0,0.5,63.0,0.6,0.3,0.2,1.14458e-05,0.050053,0.634154,0.000273543,3.81153e-06,1
nmos,sky130_fd_pr__nfet_01v8,tt,27.0,0.5,63.0,0.6,0.3,0.3,6.99735e-06,0.047545,0.655216,0.000172111,2.38597e-06,1
nmos,sky130_fd_pr__nfet_01v8,tt,27.0,0.5,63.0,0.6,0.5,0.0,3.26772e-05,0.0592937,0.588069,0.000719814,7.28056e-06,1
nmos,sky130_fd_pr__nfet_01v8,tt,27.0,0.5,63.0,0.6,0.5,0.1,1.98666e-05,0.0538537,0.611786,0.000457162,4.68333e-06,1
nmos,sky130_fd_pr__nfet_01v8,tt,27.0,0.5,63.0,0.6,0.5,0.2,1.21089e-05,0.0500662,0.634073,0.00028835,2.98959e-06,1
nmos,sky130_fd_pr__nfet_01v8,tt,27.0,0.5,63.0,0.6,0.5,0.3,7.41559e-06,0.0475544,0.655135,0.000181885,1.89703e-06,1
nmos,sky130_fd_pr__nfet_01v8,tt,27.0,0.5,63.0,0.6,0.8,0.0,3.46638e-05,0.0593297,0.587949,0.000757603,6.16628e-06,1
nmos,sky130_fd_pr__nfet_01v8,tt,27.0,0.5,63.0,0.6,0.8,0.1,2.1157e-05,0.053881,0.611665,0.000483482,4.0367e-06,1
nmos,sky130_fd_pr__nfet_01v8,tt,27.0,0.5,63.0,0.6,0.8,0.2,1.29384e-05,0.0500861,0.633952,0.000306353,2.6097e-06,1
nmos,sky130_fd_pr__nfet_01v8,tt,27.0,0.5,63.0,0.6,0.8,0.3,7.94455e-06,0.0475684,0.655014,0.000194011,1.67079e-06,1
nmos,sky130_fd_pr__nfet_01v8,tt,27.0,0.5,63.0,0.6,1.2,0.0,3.70075e-05,0.0593779,0.587788,0.000800551,5.6365e-06,1
nmos,sky130_fd_pr__nfet_01v8,tt,27.0,0.5,63.0,0.6,1.2,0.1,2.27007e-05,0.0539174,0.611505,0.000514145,3.73129e-06,1
nmos,sky130_fd_pr__nfet_01v8,tt,27.0,0.5,63.0,0.6,1.2,0.2,1.39409e-05,0.0501127,0.633791,0.000327714,2.4319e-06,1
nmos,sky130_fd_pr__nfet_01v8,tt,27.0,0.5,63.0,0.6,1.2,0.3,8.58838e-06,0.0475872,0.654852,0.000208587,1.56594e-06,1
nmos,sky130_fd_pr__nfet_01v8,tt,27.0,0.5,63.0,0.6,1.5,0.0,3.86682e-05,0.059414,0.587668,0.000830357,5.45223e-06,1
nmos,sky130_fd_pr__nfet_01v8,tt,27.0,0.5,63.0,0.6,1.5,0.1,2.38029e-05,0.0539448,0.611384,0.000535719,3.6272e-06,1
nmos,sky130_fd_pr__nfet_01v8,tt,27.0,0.5,63.0,0.6,1.5,0.2,1.46607e-05,0.0501327,0.63367,0.000342896,2.37264e-06,1
nmos,sky130_fd_pr__nfet_01v8,tt,27.0,0.5,63.0,0.6,1.5,0.3,9.0525e-06,0.0476014,0.654731,0.000219021,1.53178e-06,1
nmos,sky130_fd_pr__nfet_01v8,tt,27.0,0.5,63.0,0.7,0.15,0.0,0.00019507,0.106905,0.588209,0.0029551,0.000234018,0
nmos,sky130_fd_pr__nfet_01v8,tt,27.0,0.5,63.0,0.7,0.15,0.1,0.000138298,0.0949925,0.611927,0.00235805,0.000140454,1
nmos,sky130_fd_pr__nfet_01v8,tt,27.0,0.5,63.0,0.7,0.15,0.2,9.58699e-05,0.0843483,0.634214,0.00180734,8.50874e-05,1
nmos,sky130_fd_pr__nfet_01v8,tt,27.0,0.5,63.0,0.7,0.15,0.3,6.52585e-05,0.0751554,0.655277,0.00133586,5.23041e-05,1
nmos,sky130_fd_pr__nfet_01v8,tt,27.0,0.5,63.0,0.7,0.3,0.0,0.0002122,0.10694,0.588149,0.0033082,6.56659e-05,1
nmos,sky130_fd_pr__nfet_01v8,tt,27.0,0.5,63.0,0.7,0.3,0.1,0.000149325,0.0950254,0.611867,0.00259302,4.53393e-05,1
nmos,sky130_fd_pr__nfet_01v8,tt,27.0,0.5,63.0,0.7,0.3,0.2,0.000103007,0.0843782,0.634154,0.00196354,3.11562e-05,1
nmos,sky130_fd_pr__nfet_01v8,tt,27.0,0.5,63.0,0.7,0.3,0.3,6.99093e-05,0.0751817,0.655216,0.00144,2.13336e-05,1
nmos,sky130_fd_pr__nfet_01v8,tt,27.0,0.5,63.0,0.7,0.5,0.0,0.000222111,0.106987,0.588069,0.00346249,3.97522e-05,1
nmos,sky130_fd_pr__nfet_01v8,tt,27.0,0.5,63.0,0.7,0.5,0.1,0.000156379,0.0950693,0.611786,0.00271079,2.90203e-05,1
nmos,sky130_fd_pr__nfet_01v8,tt,27.0,0.5,63.0,0.7,0.5,0.2,0.000107987,0.0844181,0.634073,0.00205222,2.095e-05,1
nmos,sky130_fd_pr__nfet_01v8,tt,27.0,0.5,63.0,0.7,0.5,0.3,7.3399e-05,0.0752168,0.655135,0.0015059,1.49685e-05,1
nmos,sky130_fd_pr__nfet_01v8,tt,27.0,0.5,63.0,0.7,0.8,0.0,0.000232205,0.107057,0.587949,0.00359808,2.95274e-05,1
nmos,sky130_fd_pr__nfet_01v8,tt,27.0,0.5,63.0,0.7,0.8,0.1,0.000163886,0.0951351,0.611665,0.00282111,2.2305e-05,1
nmos,sky130_fd_pr__nfet_01v8,tt,27.0,0.5,63.0,0.7,0.8,0.2,0.000113497,0.084478,0.633952,0.00214027,1.66036e-05,1
nmos,sky130_fd_pr__nfet_01v8,tt,27.0,0.5,63.0,0.7,0.8,0.3,7.73945e-05,0.0752695,0.655014,0.00157489,1.21843e-05,1
nmos,sky130_fd_pr__nfet_01v8,tt,27.0,0.5,63.0,0.7,1.2,0.0,0.000242932,0.10715,0.587788,0.00372826,2.48507e-05,1
nmos,sky130_fd_pr__nfet_01v8,tt,27.0,0.5,63.0,0.7,1.2,0.1,0.000172085,0.0952229,0.611505,0.0029315,1.91851e-05,1
nmos,sky130_fd_pr__nfet_01v8,tt,27.0,0.5,63.0,0.7,1.2,0.2,0.000119666,0.0845579,0.633791,0.00223186,1.45617e-05,1
nmos,sky130_fd_pr__nfet_01v8,tt,27.0,0.5,63.0,0.7,1.2,0.3,8.19635e-05,0.0753398,0.654852,0.00164916,1.0868e-05,1
nmos,sky130_fd_pr__nfet_01v8,tt,27.0,0.5,63.0,0.7,1.5,0.0,0.000250115,0.10722,0.587668,0.00381036,2.31811e-05,1
nmos,sky130_fd_pr__nfet_01v8,tt,27.0,0.5,63.0,0.7,1.5,0.1,0.000177659,0.0952888,0.611384,0.00300282,1.80697e-05,1
nmos,sky130_fd_pr__nfet_01v8,tt,27.0,0.5,63.0,0.7,1.5,0.2,0.000123916,0.0846179,0.63367,0.00229235,1.38334e-05,1
nmos,sky130_fd_pr__nfet_01v8,tt,27.0,0.5,63.0,0.7,1.5,0.3,8.51477e-05,0.0753926,0.654731,0.00169919,1.04014e-05,1
nmos,sky130_fd_pr__nfet_01v8,tt,27.0,0.5,63.0,0.8,0.15,0.0,0.000599564,0.168753,0.588209,0.00474281,0.00165959,0
nmos,sky130_fd_pr__nfet_01v8,tt,27.0,0.5,63.0,0.8,0.15,0.1,0.000499629,0.156851,0.611927,0.00453975,0.00121315,0
nmos,sky130_fd_pr__nfet_01v8,tt,27.0,0.5,63.0,0.8,0.15,0.2,0.000409734,0.145025,0.634214,0.00426487,0.000856799,0
nmos,sky130_fd_pr__nfet_01v8,tt,27.0,0.5,63.0,0.8,0.15,0.3,0.000330175,0.1334,0.655277,0.00391588,0.000587078,0
nmos,sky130_fd_pr__nfet_01v8,tt,27.0,0.5,63.0,0.8,0.3,0.0,0.000705418,0.168788,0.588149,0.00632807,0.000291076,1
nmos,sky130_fd_pr__nfet_01v8,tt,27.0,0.5,63.0,0.8,0.3,0.1,0.000576087,0.156886,0.611867,0.00580319,0.000220971,1
nmos,sky130_fd_pr__nfet_01v8,tt,27.0,0.5,63.0,0.8,0.3,0.2,0.000464123,0.145061,0.634154,0.00524035,0.000167015,1
nmos,sky130_fd_pr__nfet_01v8,tt,27.0,0.5,63.0,0.8,0.3,0.3,0.000368445,0.133436,0.655216,0.00464828,0.00012565,1
nmos,sky130_fd_pr__nfet_01v8,tt,27.0,0.5,63.0,0.8,0.5,0.0,0.000742756,0.168834,0.588069,0.00674636,0.0001303,1
nmos,sky130_fd_pr__nfet_01v8,tt,27.0,0.5,63.0,0.8,0.5,0.1,0.000605414,0.156934,0.611786,0.00615494,0.000105466,1
nmos,sky130_fd_pr__nfet_01v8,tt,27.0,0.5,63.0,0.8,0.5,0.2,0.00048703,0.145109,0.634073,0.0055344,8.47662e-05,1
nmos,sky130_fd_pr__nfet_01v8,tt,27.0,0.5,63.0,0.8,0.5,0.3,0.000386229,0.133484,0.655135,0.00489237,6.76079e-05,1
nmos,sky130_fd_pr__nfet_01v8,tt,27.0,0.5,63.0,0.8,0.8,0.0,0.000772979,0.168902,0.587949,0.00701368,8.18703e-05,1
nmos,sky130_fd_pr__nfet_01v8,tt,27.0,0.5,63.0,0.8,0.8,0.1,0.000630335,0.157004,0.611665,0.00639482,6.85992e-05,1
nmos,sky130_fd_pr__nfet_01v8,tt,27.0,0.5,63.0,0.8,0.8,0.2,0.000507427,0.145181,0.633952,0.00574803,5.70356e-05,1
nmos,sky130_fd_pr__nfet_01v8,tt,27.0,0.5,63.0,0.8,0.8,0.3,0.000402789,0.133556,0.655014,0.00508093,4.70146e-05,1
nmos,sky130_fd_pr__nfet_01v8,tt,27.0,0.5,63.0,0.8,1.2,0.0,0.000801112,0.168994,0.587788,0.00722649,6.21325e-05,1
nmos,sky130_fd_pr__nfet_01v8,tt,27.0,0.5,63.0,0.8,1.2,0.1,0.000654178,0.157098,0.611505,0.00659287,5.31908e-05,1
nmos,sky130_fd_pr__nfet_01v8,tt,27.0,0.5,63.0,0.8,1.2,0.2,0.000527478,0.145276,0.633791,0.00593101,4.51694e-05,1
nmos,sky130_fd_pr__nfet_01v8,tt,27.0,0.5,63.0,0.8,1.2,0.3,0.000419501,0.133652,0.654852,0.00524847,3.80094e-05,1
nmos,sky130_fd_pr__nfet_01v8,tt,27.0,0.5,63.0,0.8,1.5,0.0,0.000818646,0.169063,0.587668,0.00734709,5.53552e-05,1
nmos,sky130_fd_pr__nfet_01v8,tt,27.0,0.5,63.0,0.8,1.5,0.1,0.000669265,0.157169,0.611384,0.00670747,4.785e-05,1
nmos,sky130_fd_pr__nfet_01v8,tt,27.0,0.5,63.0,0.8,1.5,0.2,0.000540353,0.145348,0.63367,0.00603915,4.10212e-05,1
nmos,sky130_fd_pr__nfet_01v8,tt,27.0,0.5,63.0,0.8,1.5,0.3,0.000430387,0.133724,0.654731,0.00534961,3.48382e-05,1
nmos,sky130_fd_pr__nfet_01v8,tt,27.0,0.5,63.0,0.9,0.15,0.0,0.00108526,0.222656,0.588209,0.00484584,0.00436446,0
nmos,sky130_fd_pr__nfet_01v8,tt,27.0,0.5,63.0,0.9,0.15,0.1,0.000977659,0.213133,0.611927,0.00483642,0.00375626,0
nmos,sky130_fd_pr__nfet_01v8,tt,27.0,0.5,63.0,0.9,0.15,0.2,0.000876477,0.203497,0.634214,0.00481676,0.00319233,0
nmos,sky130_fd_pr__nfet_01v8,tt,27.0,0.5,63.0,0.9,0.15,0.3,0.000781137,0.193773,0.655277,0.00478149,0.00267229,0
nmos,sky130_fd_pr__nfet_01v8,tt,27.0,0.5,63.0,0.9,0.3,0.0,0.00142291,0.222684,0.588149,0.00780063,0.000900984,1
nmos,sky130_fd_pr__nfet_01v8,tt,27.0,0.5,63.0,0.9,0.3,0.1,0.00125648,0.213162,0.611867,0.00755513,0.000731024,1
nmos,sky130_fd_pr__nfet_01v8,tt,27.0,0.5,63.0,0.9,0.3,0.2,0.00110399,0.203528,0.634154,0.00728474,0.000591783,1
nmos,sky130_fd_pr__nfet_01v8,tt,27.0,0.5,63.0,0.9,0.3,0.3,0.000964436,0.193805,0.655216,0.00698743,0.000478026,1
nmos,sky130_fd_pr__nfet_01v8,tt,27.0,0.5,63.0,0.9,0.5,0.0,0.00152172,0.222721,0.588069,0.00864215,0.000296897,1
nmos,sky130_fd_pr__nfet_01v8,tt,27.0,0.5,63.0,0.9,0.5,0.1,0.00133893,0.213202,0.611786,0.00829494,0.000255193,1
nmos,sky130_fd_pr__nfet_01v8,tt,27.0,0.5,63.0,0.9,0.5,0.2,0.0011727,0.203569,0.634073,0.00793425,0.000218891,1
nmos,sky130_fd_pr__nfet_01v8,tt,27.0,0.5,63.0,0.9,0.5,0.3,0.00102159,0.193847,0.655135,0.00755687,0.000187265,1
nmos,sky130_fd_pr__nfet_01v8,tt,27.0,0.5,63.0,0.9,0.8,0.0,0.00158514,0.222778,0.587949,0.00903921,0.00015999,1
nmos,sky130_fd_pr__nfet_01v8,tt,27.0,0.5,63.0,0.9,0.8,0.1,0.00139432,0.21326,0.611665,0.0086643,0.000141693,1
nmos,sky130_fd_pr__nfet_01v8,tt,27.0,0.5,63.0,0.9,0.8,0.2,0.00122097,0.20363,0.633952,0.00827746,0.000125192,1
nmos,sky130_fd_pr__nfet_01v8,tt,27.0,0.5,63.0,0.9,0.8,0.3,0.00106353,0.193911,0.655014,0.00787527,0.000110293,1
nmos,sky130_fd_pr__nfet_01v8,tt,27.0,0.5,63.0,0.9,1.2,0.0,0.00163757,0.222852,0.587788,0.00931,0.00011107,1
nmos,sky130_fd_pr__nfet_01v8,tt,27.0,0.5,63.0,0.9,1.2,0.1,0.00144118,0.213339,0.611505,0.00892359,0.0001001,1
nmos,sky130_fd_pr__nfet_01v8,tt,27.0,0.5,63.0,0.9,1.2,0.2,0.00126276,0.203711,0.633791,0.0085255,9.00007e-05,1
nmos,sky130_fd_pr__nfet_01v8,tt,27.0,0.5,63.0,0.9,1.2,0.3,0.00110069,0.193995,0.654852,0.00811222,8.06843e-05,1
nmos,sky130_fd_pr__nfet_01v8,tt,27.0,0.5,63.0,0.9,1.5,0.0,0.00166828,0.222909,0.587668,0.0094514,9.51182e-05,1
nmos,sky130_fd_pr__nfet_01v8,tt,27.0,0.5,63.0,0.9,1.5,0.1,0.00146897,0.213397,0.611384,0.00906104,8.64038e-05,1
nmos,sky130_fd_pr__nfet_01v8,tt,27.0,0.5,63.0,0.9,1.5,0.2,0.00128785,0.203772,0.63367,0.00865903,7.83004e-05,1
nmos,sky130_fd_pr__nfet_01v8,tt,27.0,0.5,63.0,0.9,1.5,0.3,0.00112327,0.194058,0.654731,0.00824181,7.07482e-05,1
nmos,sky130_fd_pr__nfet_01v8,tt,27.0,0.5,63.0,1.0,0.15,0.0,0.00156043,0.267049,0.588209,0.00465263,0.00727083,0
nmos,sky130_fd_pr__nfet_01v8,tt,27.0,0.5,63.0,1.0,0.15,0.1,0.00145321,0.259464,0.611927,0.00466133,0.006639,0
nmos,sky130_fd_pr__nfet_01v8,tt,27.0,0.5,63.0,1.0,0.15,0.2,0.00135213,0.251789,0.634214,0.0046708,0.00604344,0
nmos,sky130_fd_pr__nfet_01v8,tt,27.0,0.5,63.0,1.0,0.15,0.3,0.00125637,0.244041,0.655277,0.00468017,0.0054802,0
nmos,sky130_fd_pr__nfet_01v8,tt,27.0,0.5,63.0,1.0,0.3,0.0,0.00223489,0.267072,0.588149,0.00833346,0.00214882,0
nmos,sky130_fd_pr__nfet_01v8,tt,27.0,0.5,63.0,1.0,0.3,0.1,0.00205176,0.259488,0.611867,0.00822946,0.00183624,0
nmos,sky130_fd_pr__nfet_01v8,tt,27.0,0.5,63.0,1.0,0.3,0.2,0.0018808,0.251814,0.634154,0.00811311,0.0015645,0
nmos,sky130_fd_pr__nfet_01v8,tt,27.0,0.5,63.0,1.0,0.3,0.3,0.00172084,0.244067,0.655216,0.00798318,0.00132958,1
nmos,sky130_fd_pr__nfet_01v8,tt,27.0,0.5,63.0,1.0,0.5,0.0,0.00244725,0.267102,0.588069,0.00979557,0.000554627,1
nmos,sky130_fd_pr__nfet_01v8,tt,27.0,0.5,63.0,1.0,0.5,0.1,0.00223574,0.25952,0.611786,0.00955482,0.000492614,1
nmos,sky130_fd_pr__nfet_01v8,tt,27.0,0.5,63.0,1.0,0.5,0.2,0.00204013,0.251848,0.634073,0.00931175,0.000437572,1
nmos,sky130_fd_pr__nfet_01v8,tt,27.0,0.5,63.0,1.0,0.5,0.3,0.00185878,0.244102,0.655135,0.00906528,0.00038862,1
nmos,sky130_fd_pr__nfet_01v8,tt,27.0,0.5,63.0,1.0,0.8,0.0,0.00255732,0.267149,0.587949,0.0103351,0.000260405,1
nmos,sky130_fd_pr__nfet_01v8,tt,27.0,0.5,63.0,1.0,0.8,0.1,0.00233487,0.259568,0.611665,0.0100636,0.000237452,1
nmos,sky130_fd_pr__nfet_01v8,tt,27.0,0.5,63.0,1.0,0.8,0.2,0.00212941,0.251898,0.633952,0.00979169,0.000216479,1
nmos,sky130_fd_pr__nfet_01v8,tt,27.0,0.5,63.0,1.0,0.8,0.3,0.00193915,0.244154,0.655014,0.00951805,0.000197269,1
nmos,sky130_fd_pr__nfet_01v8,tt,27.0,0.5,63.0,1.0,1.2,0.0,0.00263942,0.26721,0.587788,0.0106575,0.000168014,1
nmos,sky130_fd_pr__nfet_01v8,tt,27.0,0.5,63.0,1.0,1.2,0.1,0.0024103,0.259632,0.611505,0.0103752,0.00015541,1
nmos,sky130_fd_pr__nfet_01v8,tt,27.0,0.5,63.0,1.0,1.2,0.2,0.00219869,0.251964,0.633791,0.0100928,0.000143718,1
nmos,sky130_fd_pr__nfet_01v8,tt,27.0,0.5,63.0,1.0,1.2,0.3,0.00200276,0.244223,0.654852,0.00980914,0.000132841,1
nmos,sky130_fd_pr__nfet_01v8,tt,27.0,0.5,63.0,1.0,1.5,0.0,0.00268511,0.267256,0.587667,0.0108157,0.000139367,1
nmos,sky130_fd_pr__nfet_01v8,tt,27.0,0.5,63.0,1.0,1.5,0.1,0.0024527,0.25968,0.611384,0.0105298,0.00012974,1
nmos,sky130_fd_pr__nfet_01v8,tt,27.0,0.5,63.0,1.0,1.5,0.2,0.00223803,0.252014,0.63367,0.010244,0.000120746,1
nmos,sky130_fd_pr__nfet_01v8,tt,27.0,0.5,63.0,1.0,1.5,0.3,0.00203924,0.244275,0.654731,0.00995702,0.00011232,1
nmos,sky130_fd_pr__nfet_01v8,tt,27.0,0.5,63.0,1.2,0.15,0.0,0.0024533,0.338353,0.588209,0.00427905,0.0129092,0
nmos,sky130_fd_pr__nfet_01v8,tt,27.0,0.5,63.0,1.2,0.15,0.1,0.00234766,0.333216,0.611927,0.00428616,0.0122732,0
nmos,sky130_fd_pr__nfet_01v8,tt,27.0,0.5,63.0,1.2,0.15,0.2,0.00224842,0.328005,0.634214,0.00429452,0.0116739,0
nmos,sky130_fd_pr__nfet_01v8,tt,27.0,0.5,63.0,1.2,0.15,0.3,0.00215469,0.322742,0.655277,0.00430391,0.0111065,0
nmos,sky130_fd_pr__nfet_01v8,tt,27.0,0.5,63.0,1.2,0.3,0.0,0.00390576,0.338369,0.588149,0.00821449,0.00645434,0
nmos,sky130_fd_pr__nfet_01v8,tt,27.0,0.5,63.0,1.2,0.3,0.1,0.00371449,0.333233,0.611867,0.00820889,0.00595908,0
nmos,sky130_fd_pr__nfet_01v8,tt,27.0,0.5,63.0,1.2,0.3,0.2,0.00353441,0.328023,0.634154,0.00820367,0.00549356,0
nmos,sky130_fd_pr__nfet_01v8,tt,27.0,0.5,63.0,1.2,0.3,0.3,0.00336409,0.32276,0.655216,0.0081979,0.00505586,0
nmos,sky130_fd_pr__nfet_01v8,tt,27.0,0.5,63.0,1.2,0.5,0.0,0.00456143,0.338391,0.588069,0.0111746,0.0014562,1
nmos,sky130_fd_pr__nfet_01v8,tt,27.0,0.5,63.0,1.2,0.5,0.1,0.00431346,0.333256,0.611786,0.0110407,0.00133806,1
nmos,sky130_fd_pr__nfet_01v8,tt,27.0,0.5,63.0,1.2,0.5,0.2,0.0040813,0.328046,0.634073,0.0109072,0.00123056,1
nmos,sky130_fd_pr__nfet_01v8,tt,27.0,0.5,63.0,1.2,0.5,0.3,0.00386317,0.322784,0.655135,0.0107735,0.00113266,1
nmos,sky130_fd_pr__nfet_01v8,tt,27.0,0.5,63.0,1.2,0.8,0.0,0.00481431,0.338424,0.587949,0.0120858,0.00053064,1
nmos,sky130_fd_pr__nfet_01v8,tt,27.0,0.5,63.0,1.2,0.8,0.1,0.0045484,0.333289,0.611665,0.0119122,0.000498191,1
nmos,sky130_fd_pr__nfet_01v8,tt,27.0,0.5,63.0,1.2,0.8,0.2,0.00429976,0.328081,0.633952,0.0117409,0.000468093,1
nmos,sky130_fd_pr__nfet_01v8,tt,27.0,0.5,63.0,1.2,0.8,0.3,0.00406647,0.32282,0.655014,0.0115713,0.000440113,1
nmos,sky130_fd_pr__nfet_01v8,tt,27.0,0.5,63.0,1.2,1.2,0.0,0.00497139,0.338467,0.587788,0.0125139,0.000303842,1
nmos,sky130_fd_pr__nfet_01v8,tt,27.0,0.5,63.0,1.2,1.2,0.1,0.00469668,0.333334,0.611505,0.0123299,0.000288252,1
nmos,sky130_fd_pr__nfet_01v8,tt,27.0,0.5,63.0,1.2,1.2,0.2,0.00443984,0.328128,0.633791,0.0121484,0.000273666,1
nmos,sky130_fd_pr__nfet_01v8,tt,27.0,0.5,63.0,1.2,1.2,0.3,0.00419889,0.322869,0.654852,0.011969,0.000259982,1
nmos,sky130_fd_pr__nfet_01v8,tt,27.0,0.5,63.0,1.2,1.5,0.0,0.00505194,0.3385,0.587668,0.012704,0.000239847,1
nmos,sky130_fd_pr__nfet_01v8,tt,27.0,0.5,63.0,1.2,1.5,0.1,0.00477328,0.333368,0.611384,0.0125169,0.000228564,1
nmos,sky130_fd_pr__nfet_01v8,tt,27.0,0.5,63.0,1.2,1.5,0.2,0.00451272,0.328163,0.63367,0.0123323,0.000217969,1
nmos,sky130_fd_pr__nfet_01v8,tt,27.0,0.5,63.0,1.2,1.5,0.3,0.00426829,0.322905,0.654731,0.0121499,0.000207993,1
nmos,sky130_fd_pr__nfet_01v8,tt,27.0,0.5,100.0,0.5,0.15,0.0,4.48306e-06,0.0433909,0.586589,0.000109271,2.85666e-06,1
nmos,sky130_fd_pr__nfet_01v8,tt,27.0,0.5,100.0,0.5,0.15,0.1,2.50442e-06,0.0428317,0.610335,6.3073e-05,1.60101e-06,1
nmos,sky130_fd_pr__nfet_01v8,tt,27.0,0.5,100.0,0.5,0.15,0.2,1.41144e-06,0.0426525,0.632644,3.66262e-05,9.05558e-07,1
nmos,sky130_fd_pr__nfet_01v8,tt,27.0,0.5,100.0,0.5,0.15,0.3,8.02701e-07,0.042679,0.653721,2.13887e-05,5.16884e-07,1
nmos,sky130_fd_pr__nfet_01v8,tt,27.0,0.5,100.0,0.5,0.3,0.0,4.78933e-06,0.043391,0.586588,0.000116656,1.62399e-06,1
nmos,sky130_fd_pr__nfet_01v8,tt,27.0,0.5,100.0,0.5,0.3,0.1,2.67701e-06,0.0428318,0.610334,6.73891e-05,9.19296e-07,1
nmos,sky130_fd_pr__nfet_01v8,tt,27.0,0.5,100.0,0.5,0.3,0.2,1.50934e-06,0.0426525,0.632642,3.91552e-05,5.22757e-07,1
nmos,sky130_fd_pr__nfet_01v8,tt,27.0,0.5,100.0,0.5,0.3,0.3,8.58663e-07,0.042679,0.653719,2.28754e-05,2.99219e-07,1
nmos,sky130_fd_pr__nfet_01v8,tt,27.0,0.5,100.0,0.5,0.5,0.0,5.07473e-06,0.0433911,0.586586,0.000123413,1.29616e-06,1
nmos,sky130_fd_pr__nfet_01v8,tt,27.0,0.5,100.0,0.5,0.5,0.1,2.83902e-06,0.0428319,0.610331,7.13973e-05,7.37437e-07,1
nmos,sky130_fd_pr__nfet_01v8,tt,27.0,0.5,100.0,0.5,0.5,0.2,1.60162e-06,0.0426526,0.63264,4.15238e-05,4.20592e-07,1
nmos,sky130_fd_pr__nfet_01v8,tt,27.0,0.5,100.0,0.5,0.5,0.3,9.11532e-07,0.0426791,0.653716,2.42745e-05,2.41182e-07,1
nmos,sky130_fd_pr__nfet_01v8,tt,27.0,0.5,100.0,0.5,0.8,0.0,5.43598e-06,0.0433913,0.586583,0.000131885,1.1398e-06,1
nmos,sky130_fd_pr__nfet_01v8,tt,27.0,0.5,100.0,0.5,0.8,0.1,3.04494e-06,0.0428321,0.610328,7.64633e-05,6.50728e-07,1
nmos,sky130_fd_pr__nfet_01v8,tt,27.0,0.5,100.0,0.5,0.8,0.2,1.7192e-06,0.0426528,0.632636,4.45319e-05,3.71932e-07,1
nmos,sky130_fd_pr__nfet_01v8,tt,27.0,0.5,100.0,0.5,0.8,0.3,9.7901e-07,0.0426792,0.653712,2.60564e-05,2.13581e-07,1
nmos,sky130_fd_pr__nfet_01v8,tt,27.0,0.5,100.0,0.5,1.2,0.0,5.87419e-06,0.0433916,0.586579,0.000142099,1.06309e-06,1
nmos,sky130_fd_pr__nfet_01v8,tt,27.0,0.5,100.0,0.5,1.2,0.1,3.29543e-06,0.0428323,0.610324,8.2604e-05,6.08295e-07,1
nmos,sky130_fd_pr__nfet_01v8,tt,27.0,0.5,100.0,0.5,1.2,0.2,1.86249e-06,0.042653,0.632631,4.81896e-05,3.48184e-07,1
nmos,sky130_fd_pr__nfet_01v8,tt,27.0,0.5,100.0,0.5,1.2,0.3,1.06134e-06,0.0426794,0.653707,2.82274e-05,2.00151e-07,1
nmos,sky130_fd_pr__nfet_01v8,tt,27.0,0.5,100.0,0.5,1.5,0.0,6.18861e-06,0.0433917,0.586576,0.000149405,1.03547e-06,1
nmos,sky130_fd_pr__nfet_01v8,tt,27.0,0.5,100.0,0.5,1.5,0.1,3.47543e-06,0.0428325,0.61032,8.70081e-05,5.93084e-07,1
nmos,sky130_fd_pr__nfet_01v8,tt,27.0,0.5,100.0,0.5,1.5,0.2,1.96556e-06,0.0426531,0.632628,5.08175e-05,3.39706e-07,1
nmos,sky130_fd_pr__nfet_01v8,tt,27.0,0.5,100.0,0.5,1.5,0.3,1.1206e-06,0.0426795,0.653703,2.9789e-05,1.95379e-07,1
nmos,sky130_fd_pr__nfet_01v8,tt,27.0,0.5,100.0,0.6,0.15,0.0,4.66382e-05,0.059359,0.586589,0.00103216,3.20906e-05,1
nmos,sky130_fd_pr__nfet_01v8,tt,27.0,0.5,100.0,0.6,0.15,0.1,2.82469e-05,0.0538909,0.610335,0.000653734,1.88117e-05,1
nmos,sky130_fd_pr__nfet_01v8,tt,27.0,0.5,100.0,0.6,0.15,0.2,1.71514e-05,0.0500842,0.632644,0.000410684,1.12384e-05,1
nmos,sky130_fd_pr__nfet_01v8,tt,27.0,0.5,100.0,0.6,0.15,0.3,1.04683e-05,0.0475594,0.653721,0.000257969,6.81222e-06,1
nmos,sky130_fd_pr__nfet_01v8,tt,27.0,0.5,100.0,0.6,0.3,0.0,4.97485e-05,0.059359,0.586588,0.00110199,1.52438e-05,1
nmos,sky130_fd_pr__nfet_01v8,tt,27.0,0.5,100.0,0.6,0.3,0.1,3.01367e-05,0.0538909,0.610334,0.00069719,9.5315e-06,1
nmos,sky130_fd_pr__nfet_01v8,tt,27.0,0.5,100.0,0.6,0.3,0.2,1.83096e-05,0.0500843,0.632642,0.000438021,5.96076e-06,1
nmos,sky130_fd_pr__nfet_01v8,tt,27.0,0.5,100.0,0.6,0.3,0.3,1.11828e-05,0.0475595,0.653719,0.000275312,3.7278e-06,1
nmos,sky130_fd_pr__nfet_01v8,tt,27.0,0.5,100.0,0.6,0.5,0.0,5.23162e-05,0.059359,0.586586,0.00115368,1.12679e-05,1
nmos,sky130_fd_pr__nfet_01v8,tt,27.0,0.5,100.0,0.6,0.5,0.1,3.17671e-05,0.053891,0.610331,0.000731817,7.24571e-06,1
nmos,sky130_fd_pr__nfet_01v8,tt,27.0,0.5,100.0,0.6,0.5,0.2,1.93406e-05,0.0500844,0.63264,0.000461037,4.62354e-06,1
nmos,sky130_fd_pr__nfet_01v8,tt,27.0,0.5,100.0,0.6,0.5,0.3,1.18325e-05,0.0475597,0.653716,0.0002905,2.93216e-06,1
nmos,sky130_fd_pr__nfet_01v8,tt,27.0,0.5,100.0,0.6,0.8,0.0,5.53724e-05,0.059359,0.586583,0.00121167,9.43502e-06,1
nmos,sky130_fd_pr__nfet_01v8,tt,27.0,0.5,100.0,0.6,0.8,0.1,3.37522e-05,0.0538911,0.610328,0.000772222,6.17848e-06,1
nmos,sky130_fd_pr__nfet_01v8,tt,27.0,0.5,100.0,0.6,0.8,0.2,2.06165e-05,0.0500846,0.632636,0.000488694,3.99437e-06,1
nmos,sky130_fd_pr__nfet_01v8,tt,27.0,0.5,100.0,0.6,0.8,0.3,1.26458e-05,0.0475599,0.653712,0.000309136,2.5562e-06,1
nmos,sky130_fd_pr__nfet_01v8,tt,27.0,0.5,100.0,0.6,1.2,0.0,5.89396e-05,0.059359,0.586579,0.00127677,8.53739e-06,1
nmos,sky130_fd_pr__nfet_01v8,tt,27.0,0.5,100.0,0.6,1.2,0.1,3.61029e-05,0.0538911,0.610324,0.000818766,5.65475e-06,1
nmos,sky130_fd_pr__nfet_01v8,tt,27.0,0.5,100.0,0.6,1.2,0.2,2.21431e-05,0.0500848,0.632631,0.000521166,3.68566e-06,1
nmos,sky130_fd_pr__nfet_01v8,tt,27.0,0.5,100.0,0.6,1.2,0.3,1.36258e-05,0.0475603,0.653707,0.000331314,2.372e-06,1
nmos,sky130_fd_pr__nfet_01v8,tt,27.0,0.5,100.0,0.6,1.5,0.0,6.14473e-05,0.059359,0.586576,0.00132156,8.20872e-06,1
nmos,sky130_fd_pr__nfet_01v8,tt,27.0,0.5,100.0,0.6,1.5,0.1,3.77683e-05,0.0538912,0.61032,0.000851252,5.46372e-06,1
nmos,sky130_fd_pr__nfet_01v8,tt,27.0,0.5,100.0,0.6,1.5,0.2,2.32305e-05,0.0500849,0.632627,0.000544066,3.57357e-06,1
nmos,sky130_fd_pr__nfet_01v8,tt,27.0,0.5,100.0,0.6,1.5,0.3,1.43265e-05,0.0475605,0.653703,0.000347066,2.30544e-06,1
nmos,sky130_fd_pr__nfet_01v8,tt,27.0,0.5,100.0,0.7,0.15,0.0,0.000313249,0.107149,0.586589,0.00474105,0.00037744,0
nmos,sky130_fd_pr__nfet_01v8,tt,27.0,0.5,100.0,0.7,0.15,0.1,0.000222036,0.0952053,0.610335,0.00378539,0.000225957,1
nmos,sky130_fd_pr__nfet_01v8,tt,27.0,0.5,100.0,0.7,0.15,0.2,0.000153857,0.0845229,0.632644,0.00290201,0.000136476,1
nmos,sky130_fd_pr__nfet_01v8,tt,27.0,0.5,100.0,0.7,0.15,0.3,0.000104673,0.07529,0.653721,0.00214476,8.3641e-05,1
nmos,sky130_fd_pr__nfet_01v8,tt,27.0,0.5,100.0,0.7,0.3,0.0,0.000340669,0.107148,0.586588,0.00530984,0.000103917,1
nmos,sky130_fd_pr__nfet_01v8,tt,27.0,0.5,100.0,0.7,0.3,0.1,0.000239627,0.0952047,0.610334,0.00416281,7.15036e-05,1
nmos,sky130_fd_pr__nfet_01v8,tt,27.0,0.5,100.0,0.7,0.3,0.2,0.000165203,0.0845222,0.632642,0.00315198,4.89843e-05,1
nmos,sky130_fd_pr__nfet_01v8,tt,27.0,0.5,100.0,0.7,0.3,0.3,0.000112043,0.0752893,0.653719,0.00231075,3.34563e-05,1
nmos,sky130_fd_pr__nfet_01v8,tt,27.0,0.5,100.0,0.7,0.5,0.0,0.000356219,0.107148,0.586586,0.00555406,6.18275e-05,1
nmos,sky130_fd_pr__nfet_01v8,tt,27.0,0.5,100.0,0.7,0.5,0.1,0.000250657,0.0952039,0.610331,0.00434837,4.50036e-05,1
nmos,sky130_fd_pr__nfet_01v8,tt,27.0,0.5,100.0,0.7,0.5,0.2,0.000172968,0.0845212,0.63264,0.00329106,3.24144e-05,1
nmos,sky130_fd_pr__nfet_01v8,tt,27.0,0.5,100.0,0.7,0.5,0.3,0.000117473,0.0752883,0.653716,0.00241371,2.31239e-05,1
nmos,sky130_fd_pr__nfet_01v8,tt,27.0,0.5,100.0,0.7,0.8,0.0,0.000371789,0.107147,0.586583,0.00576499,4.52007e-05,1
nmos,sky130_fd_pr__nfet_01v8,tt,27.0,0.5,100.0,0.7,0.8,0.1,0.000262207,0.0952027,0.610328,0.00451909,3.40698e-05,1
nmos,sky130_fd_pr__nfet_01v8,tt,27.0,0.5,100.0,0.7,0.8,0.2,0.000181431,0.0845198,0.632636,0.00342673,2.5326e-05,1
nmos,sky130_fd_pr__nfet_01v8,tt,27.0,0.5,100.0,0.7,0.8,0.3,0.000123603,0.0752868,0.653712,0.00251963,1.85739e-05,1
nmos,sky130_fd_pr__nfet_01v8,tt,27.0,0.5,100.0,0.7,1.2,0.0,0.000388098,0.107146,0.586579,0.00596427,3.75436e-05,1
nmos,sky130_fd_pr__nfet_01v8,tt,27.0,0.5,100.0,0.7,1.2,0.1,0.000274649,0.0952011,0.610324,0.00468721,2.89392e-05,1
nmos,sky130_fd_pr__nfet_01v8,tt,27.0,0.5,100.0,0.7,1.2,0.2,0.000190782,0.0845179,0.632631,0.00356564,2.19494e-05,1
nmos,sky130_fd_pr__nfet_01v8,tt,27.0,0.5,100.0,0.7,1.2,0.3,0.000130527,0.0752849,0.653707,0.00263202,1.63818e-05,1
nmos,sky130_fd_pr__nfet_01v8,tt,27.0,0.5,100.0,0.7,1.5,0.0,0.000398911,0.107145,0.586576,0.00608857,3.47761e-05,1
nmos,sky130_fd_pr__nfet_01v8,tt,27.0,0.5,100.0,0.7,1.5,0.1,0.000283028,0.0951999,0.61032,0.00479464,2.70731e-05,1
nmos,sky130_fd_pr__nfet_01v8,tt,27.0,0.5,100.0,0.7,1.5,0.2,0.000197167,0.0845165,0.632627,0.00365643,2.07161e-05,1
nmos,sky130_fd_pr__nfet_01v8,tt,27.0,0.5,100.0,0.7,1.5,0.3,0.000135311,0.0752835,0.653703,0.00270698,1.55795e-05,1
nmos,sky130_fd_pr__nfet_01v8,tt,27.0,0.5,100.0,0.8,0.15,0.0,0.000960108,0.168835,0.586589,0.00756311,0.00266858,0
nmos,sky130_fd_pr__nfet_01v8,tt,27.0,0.5,100.0,0.8,0.15,0.1,0.000800411,0.156988,0.610335,0.00724641,0.00195299,0
nmos,sky130_fd_pr__nfet_01v8,tt,27.0,0.5,100.0,0.8,0.15,0.2,0.000656667,0.1452,0.632644,0.00681486,0.0013806,0
nmos,sky130_fd_pr__nfet_01v8,tt,27.0,0.5,100.0,0.8,0.15,0.3,0.000529356,0.133598,0.653721,0.00626398,0.000946417,0
nmos,sky130_fd_pr__nfet_01v8,tt,27.0,0.5,100.0,0.8,0.3,0.0,0.00113026,0.168835,0.586588,0.0101045,0.000465193,1
nmos,sky130_fd_pr__nfet_01v8,tt,27.0,0.5,100.0,0.8,0.3,0.1,0.000923327,0.156987,0.610334,0.00927578,0.000352635,1
nmos,sky130_fd_pr__nfet_01v8,tt,27.0,0.5,100.0,0.8,0.3,0.2,0.000744064,0.145199,0.632642,0.00838412,0.000266027,1
nmos,sky130_fd_pr__nfet_01v8,tt,27.0,0.5,100.0,0.8,0.3,0.3,0.000590786,0.133597,0.653719,0.0074433,0.00019969,1
nmos,sky130_fd_pr__nfet_01v8,tt,27.0,0.5,100.0,0.8,0.5,0.0,0.00118953,0.168834,0.586586,0.0107725,0.000205141,1
nmos,sky130_fd_pr__nfet_01v8,tt,27.0,0.5,100.0,0.8,0.5,0.1,0.000969781,0.156987,0.610331,0.00983726,0.000165652,1
nmos,sky130_fd_pr__nfet_01v8,tt,27.0,0.5,100.0,0.8,0.5,0.2,0.000780263,0.145198,0.63264,0.00885297,0.000132795,1
nmos,sky130_fd_pr__nfet_01v8,tt,27.0,0.5,100.0,0.8,0.5,0.3,0.000618816,0.133595,0.653716,0.00783176,0.000105626,1
nmos,sky130_fd_pr__nfet_01v8,tt,27.0,0.5,100.0,0.8,0.8,0.0,0.00123675,0.168834,0.586583,0.0111951,0.000126908,1
nmos,sky130_fd_pr__nfet_01v8,tt,27.0,0.5,100.0,0.8,0.8,0.1,0.00100861,0.156986,0.610328,0.0102158,0.00010604,1
nmos,sky130_fd_pr__nfet_01v8,tt,27.0,0.5,100.0,0.8,0.8,0.2,0.000811958,0.145196,0.632636,0.0091892,8.79134e-05,1
nmos,sky130_fd_pr__nfet_01v8,tt,27.0,0.5,100.0,0.8,0.8,0.3,0.000644475,0.133593,0.653712,0.00812757,7.22631e-05,1
nmos,sky130_fd_pr__nfet_01v8,tt,27.0,0.5,100.0,0.8,1.2,0.0,0.00128005,0.168834,0.586579,0.0115281,9.49964e-05,1
nmos,sky130_fd_pr__nfet_01v8,tt,27.0,0.5,100.0,0.8,1.2,0.1,0.00104521,0.156984,0.610324,0.0105246,8.10884e-05,1
nmos,sky130_fd_pr__nfet_01v8,tt,27.0,0.5,100.0,0.8,1.2,0.2,0.000842642,0.145194,0.632631,0.00947348,6.86625e-05,1
nmos,sky130_fd_pr__nfet_01v8,tt,27.0,0.5,100.0,0.8,1.2,0.3,0.000669979,0.13359,0.653707,0.00838673,5.76224e-05,1
nmos,sky130_fd_pr__nfet_01v8,tt,27.0,0.5,100.0,0.8,1.5,0.0,0.00130676,0.168833,0.586576,0.0117152,8.40063e-05,1
nmos,sky130_fd_pr__nfet_01v8,tt,27.0,0.5,100.0,0.8,1.5,0.1,0.00106812,0.156984,0.61032,0.0107018,7.24051e-05,1
nmos,sky130_fd_pr__nfet_01v8,tt,27.0,0.5,100.0,0.8,1.5,0.2,0.00086214,0.145193,0.632627,0.00963989,6.18969e-05,1
nmos,sky130_fd_pr__nfet_01v8,tt,27.0,0.5,100.0,0.8,1.5,0.3,0.000686421,0.133587,0.653703,0.0085416,5.24301e-05,1
nmos,sky130_fd_pr__nfet_01v8,tt,27.0,0.5,100.0,0.9,0.15,0.0,0.00173292,0.222235,0.586589,0.00769721,0.00697475,0
nmos,sky130_fd_pr__nfet_01v8,tt,27.0,0.5,100.0,0.9,0.15,0.1,0.00156153,0.212817,0.610335,0.00768542,0.0060064,0
nmos,sky130_fd_pr__nfet_01v8,tt,27.0,0.5,100.0,0.9,0.15,0.2,0.00140035,0.203277,0.632644,0.00765781,0.00510827,0
nmos,sky130_fd_pr__nfet_01v8,tt,27.0,0.5,100.0,0.9,0.15,0.3,0.00124847,0.193639,0.653721,0.00760584,0.00427963,0
nmos,sky130_fd_pr__nfet_01v8,tt,27.0,0.5,100.0,0.9,0.3,0.0,0.00227256,0.222235,0.586588,0.0123891,0.00143794,1
nmos,sky130_fd_pr__nfet_01v8,tt,27.0,0.5,100.0,0.9,0.3,0.1,0.00200749,0.212817,0.610334,0.0120075,0.0011673,1
nmos,sky130_fd_pr__nfet_01v8,tt,27.0,0.5,100.0,0.9,0.3,0.2,0.00176456,0.203277,0.632642,0.0115864,0.000945236,1
nmos,sky130_fd_pr__nfet_01v8,tt,27.0,0.5,100.0,0.9,0.3,0.3,0.00154213,0.193639,0.653719,0.0111224,0.00076356,1
nmos,sky130_fd_pr__nfet_01v8,tt,27.0,0.5,100.0,0.9,0.5,0.0,0.00242971,0.222236,0.586586,0.0137246,0.000469619,1
nmos,sky130_fd_pr__nfet_01v8,tt,27.0,0.5,100.0,0.9,0.5,0.1,0.00213861,0.212817,0.610331,0.0131832,0.000403371,1
nmos,sky130_fd_pr__nfet_01v8,tt,27.0,0.5,100.0,0.9,0.5,0.2,0.00187378,0.203277,0.63264,0.0126199,0.000345683,1
nmos,sky130_fd_pr__nfet_01v8,tt,27.0,0.5,100.0,0.9,0.5,0.3,0.00163293,0.193639,0.653716,0.0120294,0.000295418,1
nmos,sky130_fd_pr__nfet_01v8,tt,27.0,0.5,100.0,0.9,0.8,0.0,0.00252945,0.222236,0.586583,0.0143523,0.000249997,1
nmos,sky130_fd_pr__nfet_01v8,tt,27.0,0.5,100.0,0.9,0.8,0.1,0.00222563,0.212818,0.610328,0.0137673,0.000221099,1
nmos,sky130_fd_pr__nfet_01v8,tt,27.0,0.5,100.0,0.9,0.8,0.2,0.00194951,0.203277,0.632636,0.0131627,0.000195051,1
nmos,sky130_fd_pr__nfet_01v8,tt,27.0,0.5,100.0,0.9,0.8,0.3,0.00169864,0.193638,0.653712,0.0125329,0.000171549,1
nmos,sky130_fd_pr__nfet_01v8,tt,27.0,0.5,100.0,0.9,1.2,0.0,0.0026109,0.222237,0.586579,0.0147778,0.000171496,1
nmos,sky130_fd_pr__nfet_01v8,tt,27.0,0.5,100.0,0.9,1.2,0.1,0.00229831,0.212818,0.610324,0.0141746,0.000154286,1
nmos,sky130_fd_pr__nfet_01v8,tt,27.0,0.5,100.0,0.9,1.2,0.2,0.00201421,0.203276,0.632631,0.0135521,0.000138459,1
nmos,sky130_fd_pr__nfet_01v8,tt,27.0,0.5,100.0,0.9,1.2,0.3,0.00175606,0.193637,0.653707,0.0129045,0.000123879,1
nmos,sky130_fd_pr__nfet_01v8,tt,27.0,0.5,100.0,0.9,1.5,0.0,0.00265815,0.222237,0.586576,0.0149988,0.00014587,1
nmos,sky130_fd_pr__nfet_01v8,tt,27.0,0.5,100.0,0.9,1.5,0.1,0.00234099,0.212818,0.61032,0.0143893,0.000132255,1
nmos,sky130_fd_pr__nfet_01v8,tt,27.0,0.5,100.0,0.9,1.5,0.2,0.00205267,0.203276,0.632627,0.0137605,0.000119613,1
nmos,sky130_fd_pr__nfet_01v8,tt,27.0,0.5,100.0,0.9,1.5,0.3,0.00179061,0.193637,0.653703,0.0131065,0.000107851,1
nmos,sky130_fd_pr__nfet_01v8,tt,27.0,0.5,100.0,1.0,0.15,0.0,0.00248692,0.266006,0.586589,0.00737718,0.0115839,0
nmos,sky130_fd_pr__nfet_01v8,tt,27.0,0.5,100.0,1.0,0.15,0.1,0.00231633,0.258538,0.610335,0.0073921,0.0105797,0
nmos,sky130_fd_pr__nfet_01v8,tt,27.0,0.5,100.0,1.0,0.15,0.2,0.00215555,0.250974,0.632644,0.00740837,0.00963328,0
nmos,sky130_fd_pr__nfet_01v8,tt,27.0,0.5,100.0,1.0,0.15,0.3,0.00200326,0.243331,0.653721,0.00742465,0.00873827,0
nmos,sky130_fd_pr__nfet_01v8,tt,27.0,0.5,100.0,1.0,0.3,0.0,0.0035601,0.266006,0.586588,0.0131993,0.00340844,0
nmos,sky130_fd_pr__nfet_01v8,tt,27.0,0.5,100.0,1.0,0.3,0.1,0.00326911,0.258538,0.610334,0.0130377,0.00291513,0
nmos,sky130_fd_pr__nfet_01v8,tt,27.0,0.5,100.0,1.0,0.3,0.2,0.00299748,0.250974,0.632642,0.0128569,0.00248588,0
nmos,sky130_fd_pr__nfet_01v8,tt,27.0,0.5,100.0,1.0,0.3,0.3,0.00274333,0.243332,0.653719,0.0126552,0.00211439,1
nmos,sky130_fd_pr__nfet_01v8,tt,27.0,0.5,100.0,1.0,0.5,0.0,0.00389652,0.266006,0.586586,0.0154984,0.000876563,1
nmos,sky130_fd_pr__nfet_01v8,tt,27.0,0.5,100.0,1.0,0.5,0.1,0.00356077,0.258539,0.610331,0.0151247,0.00077864,1
nmos,sky130_fd_pr__nfet_01v8,tt,27.0,0.5,100.0,1.0,0.5,0.2,0.0032502,0.250975,0.63264,0.0147472,0.000691645,1
nmos,sky130_fd_pr__nfet_01v8,tt,27.0,0.5,100.0,1.0,0.5,0.3,0.00296222,0.243332,0.653716,0.0143641,0.000614215,1
nmos,sky130_fd_pr__nfet_01v8,tt,27.0,0.5,100.0,1.0,0.8,0.0,0.00406984,0.266007,0.586583,0.0163472,0.00040803,1
nmos,sky130_fd_pr__nfet_01v8,tt,27.0,0.5,100.0,1.0,0.8,0.1,0.00371681,0.25854,0.610328,0.0159259,0.000371847,1
nmos,sky130_fd_pr__nfet_01v8,tt,27.0,0.5,100.0,1.0,0.8,0.2,0.00339069,0.250976,0.632636,0.0155034,0.000338782,1
nmos,sky130_fd_pr__nfet_01v8,tt,27.0,0.5,100.0,1.0,0.8,0.3,0.00308864,0.243333,0.653712,0.015078,0.000308494,1
nmos,sky130_fd_pr__nfet_01v8,tt,27.0,0.5,100.0,1.0,1.2,0.0,0.00419786,0.266008,0.586579,0.016853,0.000260659,1
nmos,sky130_fd_pr__nfet_01v8,tt,27.0,0.5,100.0,1.0,1.2,0.1,0.00383434,0.258541,0.610324,0.0164147,0.000240872,1
nmos,sky130_fd_pr__nfet_01v8,tt,27.0,0.5,100.0,1.0,1.2,0.2,0.00349854,0.250977,0.632631,0.015976,0.000222525,1
nmos,sky130_fd_pr__nfet_01v8,tt,27.0,0.5,100.0,1.0,1.2,0.3,0.00318757,0.243334,0.653707,0.0155348,0.000205462,1
nmos,sky130_fd_pr__nfet_01v8,tt,27.0,0.5,100.0,1.0,1.5,0.0,0.00426854,0.266009,0.586576,0.0171001,0.000214917,1
nmos,sky130_fd_pr__nfet_01v8,tt,27.0,0.5,100.0,1.0,1.5,0.1,0.00389986,0.258542,0.61032,0.0166563,0.000199849,1
nmos,sky130_fd_pr__nfet_01v8,tt,27.0,0.5,100.0,1.0,1.5,0.2,0.00355926,0.250978,0.632627,0.0162122,0.000185783,1
nmos,sky130_fd_pr__nfet_01v8,tt,27.0,0.5,100.0,1.0,1.5,0.3,0.00324382,0.243334,0.653703,0.0157658,0.00017261,1
nmos,sky130_fd_pr__nfet_01v8,tt,27.0,0.5,100.0,1.2,0.15,0.0,0.00390178,0.336062,0.586589,0.0067787,0.020511,0
nmos,sky130_fd_pr__nfet_01v8,tt,27.0,0.5,100.0,1.2,0.15,0.1,0.0037338,0.331038,0.610335,0.00679023,0.0195011,0
nmos,sky130_fd_pr__nfet_01v8,tt,27.0,0.5,100.0,1.2,0.15,0.2,0.00357604,0.325935,0.632644,0.00680368,0.0185496,0
nmos,sky130_fd_pr__nfet_01v8,tt,27.0,0.5,100.0,1.2,0.15,0.3,0.00342707,0.320775,0.653721,0.00681871,0.0176489,0
nmos,sky130_fd_pr__nfet_01v8,tt,27.0,0.5,100.0,1.2,0.3,0.0,0.0062051,0.336062,0.586588,0.0130028,0.0101846,0
nmos,sky130_fd_pr__nfet_01v8,tt,27.0,0.5,100.0,1.2,0.3,0.1,0.00590139,0.331038,0.610334,0.0129941,0.00940288,0
nmos,sky130_fd_pr__nfet_01v8,tt,27.0,0.5,100.0,1.2,0.3,0.2,0.00561548,0.325935,0.632642,0.0129858,0.00866827,0
nmos,sky130_fd_pr__nfet_01v8,tt,27.0,0.5,100.0,1.2,0.3,0.3,0.00534514,0.320775,0.653719,0.0129765,0.00797779,0
nmos,sky130_fd_pr__nfet_01v8,tt,27.0,0.5,100.0,1.2,0.5,0.0,0.00723459,0.336063,0.586586,0.01762,0.00228387,1
nmos,sky130_fd_pr__nfet_01v8,tt,27.0,0.5,100.0,1.2,0.5,0.1,0.0068423,0.331039,0.610331,0.0174125,0.00210005,1
nmos,sky130_fd_pr__nfet_01v8,tt,27.0,0.5,100.0,1.2,0.5,0.2,0.00647499,0.325936,0.63264,0.0172052,0.00193258,1
nmos,sky130_fd_pr__nfet_01v8,tt,27.0,0.5,100.0,1.2,0.5,0.3,0.00612988,0.320776,0.653716,0.0169976,0.00177988,1
nmos,sky130_fd_pr__nfet_01v8,tt,27.0,0.5,100.0,1.2,0.8,0.0,0.00763125,0.336063,0.586583,0.0190377,0.000831124,1
nmos,sky130_fd_pr__nfet_01v8,tt,27.0,0.5,100.0,1.2,0.8,0.1,0.00721095,0.33104,0.610328,0.0187699,0.000780308,1
nmos,sky130_fd_pr__nfet_01v8,tt,27.0,0.5,100.0,1.2,0.8,0.2,0.00681789,0.325937,0.632636,0.0185052,0.000733148,1
nmos,sky130_fd_pr__nfet_01v8,tt,27.0,0.5,100.0,1.2,0.8,0.3,0.00644908,0.320777,0.653712,0.0182427,0.00068929,1
nmos,sky130_fd_pr__nfet_01v8,tt,27.0,0.5,100.0,1.2,1.2,0.0,0.00787659,0.336064,0.586579,0.0197061,0.000472866,1
nmos,sky130_fd_pr__nfet_01v8,tt,27.0,0.5,100.0,1.2,1.2,0.1,0.00744249,0.331041,0.610324,0.0194222,0.000448455,1
nmos,sky130_fd_pr__nfet_01v8,tt,27.0,0.5,100.0,1.2,1.2,0.2,0.00703658,0.325938,0.632631,0.0191419,0.000425613,1
nmos,sky130_fd_pr__nfet_01v8,tt,27.0,0.5,100.0,1.2,1.2,0.3,0.00665577,0.320778,0.653707,0.0188643,0.000404184,1
nmos,sky130_fd_pr__nfet_01v8,tt,27.0,0.5,100.0,1.2,1.5,0.0,0.00800167,0.336065,0.586576,0.0200025,0.000371536,1
nmos,sky130_fd_pr__nfet_01v8,tt,27.0,0.5,100.0,1.2,1.5,0.1,0.00756138,0.331042,0.61032,0.0197138,0.000353894,1
nmos,sky130_fd_pr__nfet_01v8,tt,27.0,0.5,100.0,1.2,1.5,0.2,0.00714966,0.325939,0.632627,0.0194287,0.000337329,1
nmos,sky130_fd_pr__nfet_01v8,tt,27.0,0.5,100.0,1.2,1.5,0.3,0.00676339,0.320779,0.653703,0.0191465,0.000321733,1
pmos,sky130_fd_pr__pfet_01v8,tt,27.0,0.5,0.42,0.5,0.15,0.0,1.55149e-10,0.0430148,0.881583,3.49228e-09,5.74576e-11,1
pmos,sky130_fd_pr__pfet_01v8,tt,27.0,0.5,0.42,0.5,0.15,0.1,8.48833e-11,0.0436087,0.905779,2.03025e-09,3.18024e-11,1
pmos,sky130_fd_pr__pfet_01v8,tt,27.0,0.5,0.42,0.5,0.15,0.2,4.66122e-11,0.0441574,0.928546,1.17571e-09,1.76476e-11,1
pmos,sky130_fd_pr__pfet_01v8,tt,27.0,0.5,0.42,0.5,0.15,0.3,2.5701e-11,0.0446654,0.950092,6.7833e-10,9.82143e-12,1
pmos,sky130_fd_pr__pfet_01v8,tt,27.0,0.5,0.42,0.5,0.3,0.0,1.61575e-10,0.0430154,0.881315,3.63462e-09,3.61097e-11,1
pmos,sky130_fd_pr__pfet_01v8,tt,27.0,0.5,0.42,0.5,0.3,0.1,8.84424e-11,0.043609,0.90551,2.11414e-09,2.00272e-11,1
pmos,sky130_fd_pr__pfet_01v8,tt,27.0,0.5,0.42,0.5,0.3,0.2,4.85884e-11,0.0441577,0.928277,1.22492e-09,1.11336e-11,1
pmos,sky130_fd_pr__pfet_01v8,tt,27.0,0.5,0.42,0.5,0.3,0.3,2.68013e-11,0.0446656,0.949824,7.07055e-10,6.2056e-12,1
pmos,sky130_fd_pr__pfet_01v8,tt,27.0,0.5,0.42,0.5,0.5,0.0,1.68172e-10,0.0430162,0.880957,3.77976e-09,3.07967e-11,1
pmos,sky130_fd_pr__pfet_01v8,tt,27.0,0.5,0.42,0.5,0.5,0.1,9.21068e-11,0.0436095,0.905153,2.2e-09,1.71304e-11,1
pmos,sky130_fd_pr__pfet_01v8,tt,27.0,0.5,0.42,0.5,0.5,0.2,5.06283e-11,0.0441579,0.92792,1.27546e-09,9.54888e-12,1
pmos,sky130_fd_pr__pfet_01v8,tt,27.0,0.5,0.42,0.5,0.5,0.3,2.79397e-11,0.0446657,0.949466,7.36648e-10,5.33521e-12,1
pmos,sky130_fd_pr__pfet_01v8,tt,27.0,0.5,0.42,0.5,0.8,0.0,1.76893e-10,0.0430175,0.880421,3.97064e-09,2.78113e-11,1
pmos,sky130_fd_pr__pfet_01v8,tt,27.0,0.5,0.42,0.5,0.8,0.1,9.6966e-11,0.0436103,0.904616,2.31332e-09,1.55189e-11,1
pmos,sky130_fd_pr__pfet_01v8,tt,27.0,0.5,0.42,0.5,0.8,0.2,5.3341e-11,0.0441584,0.927383,1.3424e-09,8.67571e-12,1
pmos,sky130_fd_pr__pfet_01v8,tt,27.0,0.5,0.42,0.5,0.8,0.3,2.94574e-11,0.044666,0.948929,7.75964e-10,4.85994e-12,1
pmos,sky130_fd_pr__pfet_01v8,tt,27.0,0.5,0.42,0.5,1.2,0.0,1.87661e-10,0.0430192,0.879705,4.20506e-09,2.62856e-11,1
pmos,sky130_fd_pr__pfet_01v8,tt,27.0,0.5,0.42,0.5,1.2,0.1,1.02984e-10,0.0436113,0.903901,2.45301e-09,1.47138e-11,1
pmos,sky130_fd_pr__pfet_01v8,tt,27.0,0.5,0.42,0.5,1.2,0.2,5.67106e-11,0.044159,0.926668,1.42519e-09,8.24932e-12,1
pmos,sky130_fd_pr__pfet_01v8,tt,27.0,0.5,0.42,0.5,1.2,0.3,3.13475e-11,0.0446664,0.948214,8.24757e-10,4.63297e-12,1
pmos,sky130_fd_pr__pfet_01v8,tt,27.0,0.5,0.42,0.5,1.5,0.0,1.9547e-10,0.0430205,0.879169,4.37435e-09,2.58374e-11,1
pmos,sky130_fd_pr__pfet_01v8,tt,27.0,0.5,0.42,0.5,1.5,0.1,1.0736e-10,0.043612,0.903365,2.55418e-09,1.4491e-11,1
pmos,sky130_fd_pr__pfet_01v8,tt,27.0,0.5,0.42,0.5,1.5,0.2,5.9166e-11,0.0441594,0.926131,1.48533e-09,8.13884e-12,1
pmos,sky130_fd_pr__pfet_01v8,tt,27.0,0.5,0.42,0.5,1.5,0.3,3.27276e-11,0.0446666,0.947678,8.60284e-10,4.57819e-12,1
pmos,sky130_fd_pr__pfet_01v8,tt,27.0,0.5,0.42,0.6,0.15,0.0,1.15053e-09,0.0436407,0.881583,2.05941e-08,4.17433e-10,1
pmos,sky130_fd_pr__pfet_01v8,tt,27.0,0.5,0.42,0.6,0.15,0.1,7.13887e-10,0.0440032,0.905779,1.34621e-08,2.61339e-10,1
pmos,sky130_fd_pr__pfet_01v8,tt,27.0,0.5,0.42,0.6,0.15,0.2,4.45417e-10,0.0444065,0.928546,8.87488e-09,1.64552e-10,1
pmos,sky130_fd_pr__pfet_01v8,tt,27.0,0.5,0.42,0.6,0.15,0.3,2.78369e-10,0.0448225,0.950092,5.86662e-09,1.03784e-10,1
pmos,sky130_fd_pr__pfet_01v8,tt,27.0,0.5,0.42,0.6,0.3,0.0,1.19663e-09,0.0436441,0.881315,2.14071e-08,2.56645e-10,1
pmos,sky130_fd_pr__pfet_01v8,tt,27.0,0.5,0.42,0.6,0.3,0.1,7.42782e-10,0.0440054,0.90551,1.39982e-08,1.61117e-10,1
pmos,sky130_fd_pr__pfet_01v8,tt,27.0,0.5,0.42,0.6,0.3,0.2,4.6363e-10,0.044408,0.928277,9.23157e-09,1.01702e-10,1
pmos,sky130_fd_pr__pfet_01v8,tt,27.0,0.5,0.42,0.6,0.3,0.3,2.89868e-10,0.0448235,0.949824,6.1047e-09,6.43027e-11,1
pmos,sky130_fd_pr__pfet_01v8,tt,27.0,0.5,0.42,0.6,0.5,0.0,1.24323e-09,0.0436488,0.880957,2.22217e-08,2.16339e-10,1
pmos,sky130_fd_pr__pfet_01v8,tt,27.0,0.5,0.42,0.6,0.5,0.1,7.72077e-10,0.0440085,0.905153,1.45373e-08,1.36185e-10,1
pmos,sky130_fd_pr__pfet_01v8,tt,27.0,0.5,0.42,0.6,0.5,0.2,4.82148e-10,0.04441,0.92792,9.59133e-09,8.61992e-11,1
pmos,sky130_fd_pr__pfet_01v8,tt,27.0,0.5,0.42,0.6,0.5,0.3,3.01593e-10,0.0448248,0.949466,6.34557e-09,5.46525e-11,1
pmos,sky130_fd_pr__pfet_01v8,tt,27.0,0.5,0.42,0.6,0.8,0.0,1.30413e-09,0.0436558,0.880421,2.32802e-08,1.93151e-10,1
pmos,sky130_fd_pr__pfet_01v8,tt,27.0,0.5,0.42,0.6,0.8,0.1,8.10471e-10,0.0440131,0.904616,1.52396e-08,1.21931e-10,1
pmos,sky130_fd_pr__pfet_01v8,tt,27.0,0.5,0.42,0.6,0.8,0.2,5.06486e-10,0.0444131,0.927383,1.00613e-08,7.73971e-11,1
pmos,sky130_fd_pr__pfet_01v8,tt,27.0,0.5,0.42,0.6,0.8,0.3,3.17047e-10,0.0448268,0.948929,6.66115e-09,4.92137e-11,1
pmos,sky130_fd_pr__pfet_01v8,tt,27.0,0.5,0.42,0.6,1.2,0.0,1.37849e-09,0.0436652,0.879705,2.45654e-08,1.80568e-10,1
pmos,sky130_fd_pr__pfet_01v8,tt,27.0,0.5,0.42,0.6,1.2,0.1,8.57479e-10,0.0440193,0.903901,1.60946e-08,1.14296e-10,1
pmos,sky130_fd_pr__pfet_01v8,tt,27.0,0.5,0.42,0.6,1.2,0.2,5.36368e-10,0.0444172,0.926668,1.0635e-08,7.27492e-11,1
pmos,sky130_fd_pr__pfet_01v8,tt,27.0,0.5,0.42,0.6,1.2,0.3,3.36075e-10,0.0448295,0.948214,7.04741e-09,4.63872e-11,1
pmos,sky130_fd_pr__pfet_01v8,tt,27.0,0.5,0.42,0.6,1.5,0.0,1.43195e-09,0.0436723,0.879169,2.54855e-08,1.76321e-10,1
pmos,sky130_fd_pr__pfet_01v8,tt,27.0,0.5,0.42,0.6,1.5,0.1,8.91348e-10,0.044024,0.903365,1.67079e-08,1.11787e-10,1
pmos,sky130_fd_pr__pfet_01v8,tt,27.0,0.5,0.42,0.6,1.5,0.2,5.57943e-10,0.0444203,0.926131,1.10473e-08,7.12689e-11,1
pmos,sky130_fd_pr__pfet_01v8,tt,27.0,0.5,0.42,0.6,1.5,0.3,3.49844e-10,0.0448316,0.947678,7.32563e-09,4.55196e-11,1
pmos,sky130_fd_pr__pfet_01v8,tt,27.0,0.5,0.42,0.7,0.15,0.0,6.15804e-09,0.0465564,0.881583,9.9399e-08,2.23975e-09,1
pmos,sky130_fd_pr__pfet_01v8,tt,27.0,0.5,0.42,0.7,0.15,0.1,4.05333e-09,0.0459914,0.905779,6.65199e-08,1.47694e-09,1
pmos,sky130_fd_pr__pfet_01v8,tt,27.0,0.5,0.42,0.7,0.15,0.2,2.7131e-09,0.0457737,0.928546,4.55149e-08,9.91967e-10,1
pmos,sky130_fd_pr__pfet_01v8,tt,27.0,0.5,0.42,0.7,0.15,0.3,1.83822e-09,0.0457691,0.950092,3.16867e-08,6.75045e-10,1
pmos,sky130_fd_pr__pfet_01v8,tt,27.0,0.5,0.42,0.7,0.3,0.0,6.40029e-09,0.0465711,0.881315,1.03281e-07,1.33173e-09,1
pmos,sky130_fd_pr__pfet_01v8,tt,27.0,0.5,0.42,0.7,0.3,0.1,4.21393e-09,0.0460016,0.90551,6.91336e-08,8.86004e-10,1
pmos,sky130_fd_pr__pfet_01v8,tt,27.0,0.5,0.42,0.7,0.3,0.2,2.82133e-09,0.0457809,0.928277,4.73133e-08,5.98522e-10,1
pmos,sky130_fd_pr__pfet_01v8,tt,27.0,0.5,0.42,0.7,0.3,0.3,1.91203e-09,0.0457741,0.949824,3.29453e-08,4.08926e-10,1
pmos,sky130_fd_pr__pfet_01v8,tt,27.0,0.5,0.42,0.7,0.5,0.0,6.64057e-09,0.0465907,0.880957,1.07065e-07,1.10968e-09,1
pmos,sky130_fd_pr__pfet_01v8,tt,27.0,0.5,0.42,0.7,0.5,0.1,4.3741e-09,0.0460153,0.905153,7.17069e-08,7.40955e-10,1
pmos,sky130_fd_pr__pfet_01v8,tt,27.0,0.5,0.42,0.7,0.5,0.2,2.92969e-09,0.0457905,0.92792,4.90955e-08,5.01972e-10,1
pmos,sky130_fd_pr__pfet_01v8,tt,27.0,0.5,0.42,0.7,0.5,0.3,1.98616e-09,0.045781,0.949466,3.41982e-08,3.43803e-10,1
pmos,sky130_fd_pr__pfet_01v8,tt,27.0,0.5,0.42,0.7,0.8,0.0,6.95134e-09,0.0466204,0.880421,1.1192e-07,9.81048e-10,1
pmos,sky130_fd_pr__pfet_01v8,tt,27.0,0.5,0.42,0.7,0.8,0.1,4.58195e-09,0.046036,0.904616,7.50244e-08,6.57141e-10,1
pmos,sky130_fd_pr__pfet_01v8,tt,27.0,0.5,0.42,0.7,0.8,0.2,3.0707e-09,0.045805,0.927383,5.14015e-08,4.46348e-10,1
pmos,sky130_fd_pr__pfet_01v8,tt,27.0,0.5,0.42,0.7,0.8,0.3,2.08286e-09,0.0457912,0.948929,3.58237e-08,3.06412e-10,1
pmos,sky130_fd_pr__pfet_01v8,tt,27.0,0.5,0.42,0.7,1.2,0.0,7.32733e-09,0.0466603,0.879705,1.17756e-07,9.09298e-10,1
pmos,sky130_fd_pr__pfet_01v8,tt,27.0,0.5,0.42,0.7,1.2,0.1,4.83417e-09,0.0460639,0.903901,7.90279e-08,6.10749e-10,1
pmos,sky130_fd_pr__pfet_01v8,tt,27.0,0.5,0.42,0.7,1.2,0.2,3.24222e-09,0.0458246,0.926668,5.41926e-08,4.15789e-10,1
pmos,sky130_fd_pr__pfet_01v8,tt,27.0,0.5,0.42,0.7,1.2,0.3,2.20073e-09,0.0458051,0.948214,3.77959e-08,2.86027e-10,1
pmos,sky130_fd_pr__pfet_01v8,tt,27.0,0.5,0.42,0.7,1.5,0.0,7.59589e-09,0.0466905,0.879169,1.21905e-07,8.8363e-10,1
pmos,sky130_fd_pr__pfet_01v8,tt,27.0,0.5,0.42,0.7,1.5,0.1,5.01469e-09,0.0460849,0.903365,8.18825e-08,5.94408e-10,1
pmos,sky130_fd_pr__pfet_01v8,tt,27.0,0.5,0.42,0.7,1.5,0.2,3.3652e-09,0.0458394,0.926131,5.61868e-08,4.05186e-10,1
pmos,sky130_fd_pr__pfet_01v8,tt,27.0,0.5,0.42,0.7,1.5,0.3,2.28538e-09,0.0458156,0.947678,3.92073e-08,2.79062e-10,1
pmos,sky130_fd_pr__pfet_01v8,tt,27.0,0.5,0.42,0.8,0.15,0.0,3.10719e-08,0.0577617,0.881583,5.07766e-07,1.20983e-08,1
pmos,sky130_fd_pr__pfet_01v8,tt,27.0,0.5,0.42,0.8,0.15,0.1,2.06647e-08,0.0541306,0.905779,3.39055e-07,7.86231e-09,1
pmos,sky130_fd_pr__pfet_01v8,tt,27.0,0.5,0.42,0.8,0.15,0.2,1.40366e-08,0.0516804,0.928546,2.30562e-07,5.27178e-09,1
pmos,sky130_fd_pr__pfet_01v8,tt,27.0,0.5,0.42,0.8,0.15,0.3,9.71405e-09,0.0500651,0.950092,1.59847e-07,3.62328e-09,1
pmos,sky130_fd_pr__pfet_01v8,tt,27.0,0.5,0.42,0.8,0.3,0.0,3.22932e-08,0.0578137,0.881315,5.27991e-07,6.45925e-09,1
pmos,sky130_fd_pr__pfet_01v8,tt,27.0,0.5,0.42,0.8,0.3,0.1,2.14782e-08,0.0541698,0.90551,3.52455e-07,4.36453e-09,1
pmos,sky130_fd_pr__pfet_01v8,tt,27.0,0.5,0.42,0.8,0.3,0.2,1.45912e-08,0.0517096,0.928277,2.39663e-07,3.00423e-09,1
pmos,sky130_fd_pr__pfet_01v8,tt,27.0,0.5,0.42,0.8,0.3,0.3,1.00995e-08,0.0500868,0.949824,1.66168e-07,2.10183e-09,1
pmos,sky130_fd_pr__pfet_01v8,tt,27.0,0.5,0.42,0.8,0.5,0.0,3.34417e-08,0.0578833,0.880957,5.45926e-07,5.2437e-09,1
pmos,sky130_fd_pr__pfet_01v8,tt,27.0,0.5,0.42,0.8,0.5,0.1,2.22586e-08,0.0542221,0.905153,3.64772e-07,3.57863e-09,1
pmos,sky130_fd_pr__pfet_01v8,tt,27.0,0.5,0.42,0.8,0.5,0.2,1.51305e-08,0.0517486,0.92792,2.4824e-07,2.48115e-09,1
pmos,sky130_fd_pr__pfet_01v8,tt,27.0,0.5,0.42,0.8,0.5,0.3,1.04779e-08,0.0501158,0.949466,1.72231e-07,1.74515e-09,1
pmos,sky130_fd_pr__pfet_01v8,tt,27.0,0.5,0.42,0.8,0.8,0.0,3.48953e-08,0.0579883,0.880421,5.68121e-07,4.54872e-09,1
pmos,sky130_fd_pr__pfet_01v8,tt,27.0,0.5,0.42,0.8,0.8,0.1,2.32546e-08,0.0543011,0.904616,3.80227e-07,3.12756e-09,1
pmos,sky130_fd_pr__pfet_01v8,tt,27.0,0.5,0.42,0.8,0.8,0.2,1.58231e-08,0.0518075,0.927383,2.59114e-07,2.18046e-09,1
pmos,sky130_fd_pr__pfet_01v8,tt,27.0,0.5,0.42,0.8,0.8,0.3,1.09662e-08,0.0501595,0.948929,1.79976e-07,1.54009e-09,1
pmos,sky130_fd_pr__pfet_01v8,tt,27.0,0.5,0.42,0.8,1.2,0.0,3.66247e-08,0.0581292,0.879705,5.94071e-07,4.15302e-09,1
pmos,sky130_fd_pr__pfet_01v8,tt,27.0,0.5,0.42,0.8,1.2,0.1,2.44474e-08,0.0544072,0.903901,3.98493e-07,2.87271e-09,1
pmos,sky130_fd_pr__pfet_01v8,tt,27.0,0.5,0.42,0.8,1.2,0.2,1.66567e-08,0.0518867,0.926668,2.72071e-07,2.01181e-09,1
pmos,sky130_fd_pr__pfet_01v8,tt,27.0,0.5,0.42,0.8,1.2,0.3,1.1556e-08,0.0502184,0.948214,1.89261e-07,1.42583e-09,1
pmos,sky130_fd_pr__pfet_01v8,tt,27.0,0.5,0.42,0.8,1.5,0.0,3.78463e-08,0.0582356,0.879169,6.12189e-07,4.00423e-09,1
pmos,sky130_fd_pr__pfet_01v8,tt,27.0,0.5,0.42,0.8,1.5,0.1,2.52938e-08,0.0544873,0.903365,4.1134e-07,2.77856e-09,1
pmos,sky130_fd_pr__pfet_01v8,tt,27.0,0.5,0.42,0.8,1.5,0.2,1.72502e-08,0.0519466,0.926131,2.81233e-07,1.9505e-09,1
pmos,sky130_fd_pr__pfet_01v8,tt,27.0,0.5,0.42,0.8,1.5,0.3,1.1977e-08,0.050263,0.947678,1.95853e-07,1.38489e-09,1
pmos,sky130_fd_pr__pfet_01v8,tt,27.0,0.5,0.42,0.9,0.15,0.0,1.53468e-07,0.0902394,0.881583,2.30163e-06,8.59895e-08,1
pmos,sky130_fd_pr__pfet_01v8,tt,27.0,0.5,0.42,0.9,0.15,0.1,1.06114e-07,0.0803671,0.905779,1.67978e-06,5.20521e-08,1
pmos,sky130_fd_pr__pfet_01v8,tt,27.0,0.5,0.42,0.9,0.15,0.2,7.35593e-08,0.0724894,0.928546,1.20609e-06,3.29515e-08,1
pmos,sky130_fd_pr__pfet_01v8,tt,27.0,0.5,0.42,0.9,0.15,0.3,5.13622e-08,0.0663472,0.950092,8.5926e-07,2.16512e-08,1
pmos,sky130_fd_pr__pfet_01v8,tt,27.0,0.5,0.42,0.9,0.3,0.0,1.6024e-07,0.0903657,0.881315,2.42214e-06,3.08662e-08,1
pmos,sky130_fd_pr__pfet_01v8,tt,27.0,0.5,0.42,0.9,0.3,0.1,1.10576e-07,0.0804752,0.90551,1.75838e-06,2.14776e-08,1
pmos,sky130_fd_pr__pfet_01v8,tt,27.0,0.5,0.42,0.9,0.3,0.2,7.65689e-08,0.0725797,0.928277,1.25872e-06,1.50533e-08,1
pmos,sky130_fd_pr__pfet_01v8,tt,27.0,0.5,0.42,0.9,0.3,0.3,5.34338e-08,0.066421,0.949824,8.95236e-07,1.06472e-08,1
pmos,sky130_fd_pr__pfet_01v8,tt,27.0,0.5,0.42,0.9,0.5,0.0,1.65502e-07,0.0905345,0.880957,2.49812e-06,2.32906e-08,1
pmos,sky130_fd_pr__pfet_01v8,tt,27.0,0.5,0.42,0.9,0.5,0.1,1.14291e-07,0.0806197,0.905153,1.81444e-06,1.66155e-08,1
pmos,sky130_fd_pr__pfet_01v8,tt,27.0,0.5,0.42,0.9,0.5,0.2,7.92017e-08,0.0727004,0.92792,1.29975e-06,1.18756e-08,1
pmos,sky130_fd_pr__pfet_01v8,tt,27.0,0.5,0.42,0.9,0.5,0.3,5.53122e-08,0.0665198,0.949466,9.25136e-07,8.52864e-09,1
pmos,sky130_fd_pr__pfet_01v8,tt,27.0,0.5,0.42,0.9,0.8,0.0,1.71797e-07,0.0907884,0.880421,2.58389e-06,1.92728e-08,1
pmos,sky130_fd_pr__pfet_01v8,tt,27.0,0.5,0.42,0.9,0.8,0.1,1.1882e-07,0.0808373,0.904616,1.87965e-06,1.39685e-08,1
pmos,sky130_fd_pr__pfet_01v8,tt,27.0,0.5,0.42,0.9,0.8,0.2,8.24613e-08,0.0728822,0.927383,1.34865e-06,1.01142e-08,1
pmos,sky130_fd_pr__pfet_01v8,tt,27.0,0.5,0.42,0.9,0.8,0.3,5.76663e-08,0.0666685,0.948929,9.61496e-07,7.3403e-09,1
pmos,sky130_fd_pr__pfet_01v8,tt,27.0,0.5,0.42,0.9,1.2,0.0,1.78984e-07,0.0911282,0.879705,2.67774e-06,1.69666e-08,1
pmos,sky130_fd_pr__pfet_01v8,tt,27.0,0.5,0.42,0.9,1.2,0.1,1.24063e-07,0.0811287,0.903901,1.95254e-06,1.24493e-08,1
pmos,sky130_fd_pr__pfet_01v8,tt,27.0,0.5,0.42,0.9,1.2,0.2,8.62781e-08,0.073126,0.926668,1.40431e-06,9.10649e-09,1
pmos,sky130_fd_pr__pfet_01v8,tt,27.0,0.5,0.42,0.9,1.2,0.3,6.04485e-08,0.0668682,0.948214,1.00349e-06,6.6638e-09,1
pmos,sky130_fd_pr__pfet_01v8,tt,27.0,0.5,0.42,0.9,1.5,0.0,1.83926e-07,0.0913841,0.879169,2.74048e-06,1.60543e-08,1
pmos,sky130_fd_pr__pfet_01v8,tt,27.0,0.5,0.42,0.9,1.5,0.1,1.27701e-07,0.0813483,0.903365,2.00196e-06,1.18555e-08,1
pmos,sky130_fd_pr__pfet_01v8,tt,27.0,0.5,0.42,0.9,1.5,0.2,8.89469e-08,0.0733099,0.926131,1.4425e-06,8.71811e-09,1
pmos,sky130_fd_pr__pfet_01v8,tt,27.0,0.5,0.42,0.9,1.5,0.3,6.24058e-08,0.0670189,0.947678,1.03259e-06,6.4071e-09,1
pmos,sky130_fd_pr__pfet_01v8,tt,27.0,0.5,0.42,1.0,0.15,0.0,5.5689e-07,0.150157,0.881583,5.83509e-06,8.81801e-07,0
pmos,sky130_fd_pr__pfet_01v8,tt,27.0,0.5,0.42,1.0,0.15,0.1,4.3154e-07,0.135087,0.905779,5.06995e-06,5.26794e-07,0
pmos,sky130_fd_pr__pfet_01v8,tt,27.0,0.5,0.42,1.0,0.15,0.2,3.29388e-07,0.121447,0.928546,4.26948e-06,3.13279e-07,0
pmos,sky130_fd_pr__pfet_01v8,tt,27.0,0.5,0.42,1.0,0.15,0.3,2.4828e-07,0.109279,0.950092,3.49362e-06,1.89697e-07,0
pmos,sky130_fd_pr__pfet_01v8,tt,27.0,0.5,0.42,1.0,0.3,0.0,6.02292e-07,0.150346,0.881315,6.74278e-06,1.27356e-07,1
pmos,sky130_fd_pr__pfet_01v8,tt,27.0,0.5,0.42,1.0,0.3,0.1,4.6048e-07,0.135267,0.90551,5.64964e-06,9.36573e-08,1
pmos,sky130_fd_pr__pfet_01v8,tt,27.0,0.5,0.42,1.0,0.3,0.2,3.48286e-07,0.121616,0.928277,4.64089e-06,6.91681e-08,1
pmos,sky130_fd_pr__pfet_01v8,tt,27.0,0.5,0.42,1.0,0.3,0.3,2.60953e-07,0.109436,0.949824,3.73665e-06,5.11902e-08,1
pmos,sky130_fd_pr__pfet_01v8,tt,27.0,0.5,0.42,1.0,0.5,0.0,6.21876e-07,0.150598,0.880957,6.97524e-06,8.10282e-08,1
pmos,sky130_fd_pr__pfet_01v8,tt,27.0,0.5,0.42,1.0,0.5,0.1,4.75352e-07,0.135508,0.905153,5.83595e-06,6.27921e-08,1
pmos,sky130_fd_pr__pfet_01v8,tt,27.0,0.5,0.42,1.0,0.5,0.2,3.59555e-07,0.121843,0.92792,4.78991e-06,4.83874e-08,1
pmos,sky130_fd_pr__pfet_01v8,tt,27.0,0.5,0.42,1.0,0.5,0.3,2.69468e-07,0.109645,0.949466,3.8552e-06,3.70804e-08,1
pmos,sky130_fd_pr__pfet_01v8,tt,27.0,0.5,0.42,1.0,0.8,0.0,6.42831e-07,0.150976,0.880421,7.19341e-06,6.18103e-08,1
pmos,sky130_fd_pr__pfet_01v8,tt,27.0,0.5,0.42,1.0,0.8,0.1,4.91789e-07,0.135869,0.904616,6.02048e-06,4.89838e-08,1
pmos,sky130_fd_pr__pfet_01v8,tt,27.0,0.5,0.42,1.0,0.8,0.2,3.72361e-07,0.122183,0.927383,4.94436e-06,3.85205e-08,1
pmos,sky130_fd_pr__pfet_01v8,tt,27.0,0.5,0.42,1.0,0.8,0.3,2.79379e-07,0.10996,0.948929,3.98291e-06,3.00621e-08,1
pmos,sky130_fd_pr__pfet_01v8,tt,27.0,0.5,0.42,1.0,1.2,0.0,6.65166e-07,0.151481,0.879705,7.40855e-06,5.1277e-08,1
pmos,sky130_fd_pr__pfet_01v8,tt,27.0,0.5,0.42,1.0,1.2,0.1,5.09641e-07,0.136352,0.903901,6.20744e-06,4.12971e-08,1
pmos,sky130_fd_pr__pfet_01v8,tt,27.0,0.5,0.42,1.0,1.2,0.2,3.8651e-07,0.122637,0.926668,5.10486e-06,3.2964e-08,1
pmos,sky130_fd_pr__pfet_01v8,tt,27.0,0.5,0.42,1.0,1.2,0.3,2.90501e-07,0.11038,0.948214,4.11874e-06,2.60786e-08,1
pmos,sky130_fd_pr__pfet_01v8,tt,27.0,0.5,0.42,1.0,1.5,0.0,6.79871e-07,0.151861,0.879169,7.54313e-06,4.70782e-08,1
pmos,sky130_fd_pr__pfet_01v8,tt,27.0,0.5,0.42,1.0,1.5,0.1,5.21534e-07,0.136715,0.903365,6.32639e-06,3.82278e-08,1
pmos,sky130_fd_pr__pfet_01v8,tt,27.0,0.5,0.42,1.0,1.5,0.2,3.96042e-07,0.122979,0.926131,5.20864e-06,3.07474e-08,1
pmos,sky130_fd_pr__pfet_01v8,tt,27.0,0.5,0.42,1.0,1.5,0.3,2.98069e-07,0.110696,0.947678,4.20791e-06,2.44953e-08,1
pmos,sky130_fd_pr__pfet_01v8,tt,27.0,0.5,0.42,1.2,0.15,0.0,2.0978e-06,0.306508,0.881583,8.57931e-06,9.48224e-06,0
pmos,sky130_fd_pr__pfet_01v8,tt,27.0,0.5,0.42,1.2,0.15,0.1,1.90955e-06,0.290138,0.905779,8.51592e-06,8.32264e-06,0
pmos,sky130_fd_pr__pfet_01v8,tt,27.0,0.5,0.42,1.2,0.15,0.2,1.73175e-06,0.274362,0.928546,8.43459e-06,7.23842e-06,0
pmos,sky130_fd_pr__pfet_01v8,tt,27.0,0.5,0.42,1.2,0.15,0.3,1.56354e-06,0.259131,0.950092,8.33118e-06,6.22598e-06,0
pmos,sky130_fd_pr__pfet_01v8,tt,27.0,0.5,0.42,1.2,0.3,0.0,2.91839e-06,0.306727,0.881315,1.55037e-05,2.17342e-06,0
pmos,sky130_fd_pr__pfet_01v8,tt,27.0,0.5,0.42,1.2,0.3,0.1,2.58937e-06,0.290359,0.90551,1.49691e-05,1.62113e-06,0
pmos,sky130_fd_pr__pfet_01v8,tt,27.0,0.5,0.42,1.2,0.3,0.2,2.28739e-06,0.274583,0.928277,1.43468e-05,1.2042e-06,0
pmos,sky130_fd_pr__pfet_01v8,tt,27.0,0.5,0.42,1.2,0.3,0.3,2.01115e-06,0.259352,0.949824,1.36488e-05,8.97586e-07,0
pmos,sky130_fd_pr__pfet_01v8,tt,27.0,0.5,0.42,1.2,0.5,0.0,3.10422e-06,0.307019,0.880957,1.76876e-05,4.81558e-07,1
pmos,sky130_fd_pr__pfet_01v8,tt,27.0,0.5,0.42,1.2,0.5,0.1,2.7348e-06,0.290652,0.905153,1.66809e-05,4.08078e-07,1
pmos,sky130_fd_pr__pfet_01v8,tt,27.0,0.5,0.42,1.2,0.5,0.2,2.40245e-06,0.274878,0.92792,1.56887e-05,3.4714e-07,1
pmos,sky130_fd_pr__pfet_01v8,tt,27.0,0.5,0.42,1.2,0.5,0.3,2.10323e-06,0.259648,0.949466,1.47082e-05,2.96008e-07,1
pmos,sky130_fd_pr__pfet_01v8,tt,27.0,0.5,0.42,1.2,0.8,0.0,3.21215e-06,0.307457,0.880421,1.84138e-05,2.86182e-07,1
pmos,sky130_fd_pr__pfet_01v8,tt,27.0,0.5,0.42,1.2,0.8,0.1,2.82822e-06,0.291093,0.904616,1.73305e-05,2.51306e-07,1
pmos,sky130_fd_pr__pfet_01v8,tt,27.0,0.5,0.42,1.2,0.8,0.2,2.48341e-06,0.275321,0.927383,1.62725e-05,2.20677e-07,1
pmos,sky130_fd_pr__pfet_01v8,tt,27.0,0.5,0.42,1.2,0.8,0.3,2.17343e-06,0.260092,0.948929,1.52346e-05,1.93651e-07,1
pmos,sky130_fd_pr__pfet_01v8,tt,27.0,0.5,0.42,1.2,1.2,0.0,3.30838e-06,0.308041,0.879705,1.89595e-05,2.07321e-07,1
pmos,sky130_fd_pr__pfet_01v8,tt,27.0,0.5,0.42,1.2,1.2,0.1,2.91342e-06,0.29168,0.903901,1.78366e-05,1.84928e-07,1
pmos,sky130_fd_pr__pfet_01v8,tt,27.0,0.5,0.42,1.2,1.2,0.2,2.55884e-06,0.275911,0.926668,1.67424e-05,1.64848e-07,1
pmos,sky130_fd_pr__pfet_01v8,tt,27.0,0.5,0.42,1.2,1.2,0.3,2.24012e-06,0.260684,0.948214,1.56711e-05,1.46772e-07,1
pmos,sky130_fd_pr__pfet_01v8,tt,27.0,0.5,0.42,1.2,1.5,0.0,3.36589e-06,0.30848,0.879169,1.92583e-05,1.78466e-07,1
pmos,sky130_fd_pr__pfet_01v8,tt,27.0,0.5,0.42,1.2,1.5,0.1,2.96491e-06,0.292121,0.903365,1.81177e-05,1.6033e-07,1
pmos,sky130_fd_pr__pfet_01v8,tt,27.0,0.5,0.42,1.2,1.5,0.2,2.6049e-06,0.276353,0.926131,1.70071e-05,1.43919e-07,1
pmos,sky130_fd_pr__pfet_01v8,tt,27.0,0.5,0.42,1.2,1.5,0.3,2.28128e-06,0.261128,0.947678,1.59203e-05,1.29012e-07,1
pmos,sky130_fd_pr__pfet_01v8,tt,27.0,0.5,1.0,0.5,0.15,0.0,5.3248e-11,0.0423546,0.921962,1.46778e-09,1.77743e-11,1
pmos,sky130_fd_pr__pfet_01v8,tt,27.0,0.5,1.0,0.5,0.15,0.1,2.48606e-11,0.0429923,0.946946,7.07881e-10,8.38133e-12,1
pmos,sky130_fd_pr__pfet_01v8,tt,27.0,0.5,1.0,0.5,0.15,0.2,1.18538e-11,0.0435682,0.9705,3.46206e-10,4.029e-12,1
pmos,sky130_fd_pr__pfet_01v8,tt,27.0,0.5,1.0,0.5,0.15,0.3,5.77154e-12,0.0440939,0.992833,1.71986e-10,1.97496e-12,1
pmos,sky130_fd_pr__pfet_01v8,tt,27.0,0.5,1.0,0.5,0.3,0.0,5.51881e-11,0.0423547,0.92159,1.52073e-09,1.07451e-11,1
pmos,sky130_fd_pr__pfet_01v8,tt,27.0,0.5,1.0,0.5,0.3,0.1,2.57757e-11,0.0429924,0.946574,7.33743e-10,5.07521e-12,1
pmos,sky130_fd_pr__pfet_01v8,tt,27.0,0.5,1.0,0.5,0.3,0.2,1.22937e-11,0.0435682,0.970128,3.58981e-10,2.44206e-12,1
pmos,sky130_fd_pr__pfet_01v8,tt,27.0,0.5,1.0,0.5,0.3,0.3,5.9871e-12,0.0440939,0.99246,1.78382e-10,1.19758e-12,1
pmos,sky130_fd_pr__pfet_01v8,tt,27.0,0.5,1.0,0.5,0.5,0.0,5.71394e-11,0.0423549,0.921094,1.57376e-09,9.06633e-12,1
pmos,sky130_fd_pr__pfet_01v8,tt,27.0,0.5,1.0,0.5,0.5,0.1,2.66989e-11,0.0429925,0.946077,7.59754e-10,4.29686e-12,1
pmos,sky130_fd_pr__pfet_01v8,tt,27.0,0.5,1.0,0.5,0.5,0.2,1.27385e-11,0.0435683,0.969631,3.71871e-10,2.07327e-12,1
pmos,sky130_fd_pr__pfet_01v8,tt,27.0,0.5,1.0,0.5,0.5,0.3,6.20552e-12,0.0440939,0.991964,1.84853e-10,1.01906e-12,1
pmos,sky130_fd_pr__pfet_01v8,tt,27.0,0.5,1.0,0.5,0.8,0.0,5.96962e-11,0.0423553,0.920349,1.64302e-09,8.12512e-12,1
pmos,sky130_fd_pr__pfet_01v8,tt,27.0,0.5,1.0,0.5,0.8,0.1,2.79129e-11,0.0429926,0.945333,7.9387e-10,3.86427e-12,1
pmos,sky130_fd_pr__pfet_01v8,tt,27.0,0.5,1.0,0.5,0.8,0.2,1.33252e-11,0.0435683,0.968887,3.88838e-10,1.86984e-12,1
pmos,sky130_fd_pr__pfet_01v8,tt,27.0,0.5,1.0,0.5,0.8,0.3,6.49422e-12,0.044094,0.99122,1.93393e-10,9.21218e-13,1
pmos,sky130_fd_pr__pfet_01v8,tt,27.0,0.5,1.0,0.5,1.2,0.0,6.2834e-11,0.0423557,0.919357,1.72773e-09,7.64566e-12,1
pmos,sky130_fd_pr__pfet_01v8,tt,27.0,0.5,1.0,0.5,1.2,0.1,2.94078e-11,0.0429928,0.94434,8.35776e-10,3.64811e-12,1
pmos,sky130_fd_pr__pfet_01v8,tt,27.0,0.5,1.0,0.5,1.2,0.2,1.40495e-11,0.0435684,0.967895,4.09749e-10,1.76988e-12,1
pmos,sky130_fd_pr__pfet_01v8,tt,27.0,0.5,1.0,0.5,1.2,0.3,6.85147e-12,0.044094,0.990227,2.03948e-10,8.7384e-13,1
pmos,sky130_fd_pr__pfet_01v8,tt,27.0,0.5,1.0,0.5,1.5,0.0,6.51043e-11,0.042356,0.918612,1.78887e-09,7.5103e-12,1
pmos,sky130_fd_pr__pfet_01v8,tt,27.0,0.5,1.0,0.5,1.5,0.1,3.04921e-11,0.042993,0.943596,8.66115e-10,3.5904e-12,1
pmos,sky130_fd_pr__pfet_01v8,tt,27.0,0.5,1.0,0.5,1.5,0.2,1.4576e-11,0.0435685,0.96715,4.24926e-10,1.74457e-12,1
pmos,sky130_fd_pr__pfet_01v8,tt,27.0,0.5,1.0,0.5,1.5,0.3,7.11158e-12,0.044094,0.989483,2.11624e-10,8.62418e-13,1
pmos,sky130_fd_pr__pfet_01v8,tt,27.0,0.5,1.0,0.6,0.15,0.0,7.0226e-10,0.0425327,0.921962,1.65512e-08,2.27722e-10,1
pmos,sky130_fd_pr__pfet_01v8,tt,27.0,0.5,1.0,0.6,0.15,0.1,3.69516e-10,0.0430869,0.946946,9.23966e-09,1.21472e-10,1
pmos,sky130_fd_pr__pfet_01v8,tt,27.0,0.5,1.0,0.6,0.15,0.2,1.94896e-10,0.0436184,0.9705,5.1256e-09,6.48593e-11,1
pmos,sky130_fd_pr__pfet_01v8,tt,27.0,0.5,1.0,0.6,0.15,0.3,1.03189e-10,0.0441206,0.992833,2.83004e-09,3.47089e-11,1
pmos,sky130_fd_pr__pfet_01v8,tt,27.0,0.5,1.0,0.6,0.3,0.0,7.26772e-10,0.0425344,0.92159,1.71151e-08,1.34253e-10,1
pmos,sky130_fd_pr__pfet_01v8,tt,27.0,0.5,1.0,0.6,0.3,0.1,3.82625e-10,0.0430879,0.946574,9.56048e-09,7.20282e-11,1
pmos,sky130_fd_pr__pfet_01v8,tt,27.0,0.5,1.0,0.6,0.3,0.2,2.0191e-10,0.043619,0.970128,5.30673e-09,3.86446e-11,1
pmos,sky130_fd_pr__pfet_01v8,tt,27.0,0.5,1.0,0.6,0.3,0.3,1.06948e-10,0.0441209,0.99246,2.93161e-09,2.07597e-11,1
pmos,sky130_fd_pr__pfet_01v8,tt,27.0,0.5,1.0,0.6,0.5,0.0,7.50963e-10,0.0425367,0.921094,1.76653e-08,1.11617e-10,1
pmos,sky130_fd_pr__pfet_01v8,tt,27.0,0.5,1.0,0.6,0.5,0.1,3.95642e-10,0.0430892,0.946077,9.87599e-09,6.02296e-11,1
pmos,sky130_fd_pr__pfet_01v8,tt,27.0,0.5,1.0,0.6,0.5,0.2,2.08912e-10,0.0436197,0.969631,5.48613e-09,3.24779e-11,1
pmos,sky130_fd_pr__pfet_01v8,tt,27.0,0.5,1.0,0.6,0.5,0.3,1.10719e-10,0.0441213,0.991964,3.03281e-09,1.75226e-11,1
pmos,sky130_fd_pr__pfet_01v8,tt,27.0,0.5,1.0,0.6,0.8,0.0,7.822e-10,0.0425402,0.920349,1.83695e-08,9.85646e-11,1
pmos,sky130_fd_pr__pfet_01v8,tt,27.0,0.5,1.0,0.6,0.8,0.1,4.12549e-10,0.0430911,0.945333,1.02827e-08,5.34973e-11,1
pmos,sky130_fd_pr__pfet_01v8,tt,27.0,0.5,1.0,0.6,0.8,0.2,2.18053e-10,0.0436208,0.968887,5.71885e-09,2.89953e-11,1
pmos,sky130_fd_pr__pfet_01v8,tt,27.0,0.5,1.0,0.6,0.8,0.3,1.15662e-10,0.0441219,0.99122,3.16484e-09,1.57121e-11,1
pmos,sky130_fd_pr__pfet_01v8,tt,27.0,0.5,1.0,0.6,1.2,0.0,8.19984e-10,0.0425449,0.919357,1.9214e-08,9.14384e-11,1
pmos,sky130_fd_pr__pfet_01v8,tt,27.0,0.5,1.0,0.6,1.2,0.1,4.33115e-10,0.0430938,0.94434,1.07737e-08,4.99003e-11,1
pmos,sky130_fd_pr__pfet_01v8,tt,27.0,0.5,1.0,0.6,1.2,0.2,2.29228e-10,0.0436222,0.967895,6.00159e-09,2.71752e-11,1
pmos,sky130_fd_pr__pfet_01v8,tt,27.0,0.5,1.0,0.6,1.2,0.3,1.2173e-10,0.0441227,0.990227,3.32612e-09,1.47861e-11,1
pmos,sky130_fd_pr__pfet_01v8,tt,27.0,0.5,1.0,0.6,1.5,0.0,8.47017e-10,0.0425485,0.918612,1.98141e-08,8.90553e-11,1
pmos,sky130_fd_pr__pfet_01v8,tt,27.0,0.5,1.0,0.6,1.5,0.1,4.47892e-10,0.0430958,0.943596,1.11245e-08,4.87546e-11,1
pmos,sky130_fd_pr__pfet_01v8,tt,27.0,0.5,1.0,0.6,1.5,0.2,2.37287e-10,0.0436234,0.96715,6.20452e-09,2.66258e-11,1
pmos,sky130_fd_pr__pfet_01v8,tt,27.0,0.5,1.0,0.6,1.5,0.3,1.2612e-10,0.0441234,0.989483,3.44234e-09,1.45221e-11,1
pmos,sky130_fd_pr__pfet_01v8,tt,27.0,0.5,1.0,0.7,0.15,0.0,5.75933e-09,0.0438738,0.921962,1.08319e-07,1.81665e-09,1
pmos,sky130_fd_pr__pfet_01v8,tt,27.0,0.5,1.0,0.7,0.15,0.1,3.46453e-09,0.0439193,0.946946,6.87657e-08,1.101e-09,1
pmos,sky130_fd_pr__pfet_01v8,tt,27.0,0.5,1.0,0.7,0.15,0.2,2.08978e-09,0.0441322,0.9705,4.39372e-08,6.70521e-10,1
pmos,sky130_fd_pr__pfet_01v8,tt,27.0,0.5,1.0,0.7,0.15,0.3,1.25879e-09,0.0444355,0.992833,2.80545e-08,4.08259e-10,1
pmos,sky130_fd_pr__pfet_01v8,tt,27.0,0.5,1.0,0.7,0.3,0.0,5.95029e-09,0.0438842,0.92159,1.11843e-07,1.02762e-09,1
pmos,sky130_fd_pr__pfet_01v8,tt,27.0,0.5,1.0,0.7,0.3,0.1,3.58074e-09,0.043926,0.946574,7.10179e-08,6.2776e-10,1
pmos,sky130_fd_pr__pfet_01v8,tt,27.0,0.5,1.0,0.7,0.3,0.2,2.16081e-09,0.0441366,0.970128,4.53911e-08,3.85087e-10,1
pmos,sky130_fd_pr__pfet_01v8,tt,27.0,0.5,1.0,0.7,0.3,0.3,1.30218e-09,0.0444384,0.99246,2.8995e-08,2.36071e-10,1
pmos,sky130_fd_pr__pfet_01v8,tt,27.0,0.5,1.0,0.7,0.5,0.0,6.1334e-09,0.0438982,0.921094,1.15169e-07,8.36455e-10,1
pmos,sky130_fd_pr__pfet_01v8,tt,27.0,0.5,1.0,0.7,0.5,0.1,3.69293e-09,0.0439351,0.946077,7.31591e-08,5.13876e-10,1
pmos,sky130_fd_pr__pfet_01v8,tt,27.0,0.5,1.0,0.7,0.5,0.2,2.22984e-09,0.0441426,0.969631,4.6783e-08,3.1703e-10,1
pmos,sky130_fd_pr__pfet_01v8,tt,27.0,0.5,1.0,0.7,0.5,0.3,1.34462e-09,0.0444422,0.991964,2.9902e-08,1.95456e-10,1
pmos,sky130_fd_pr__pfet_01v8,tt,27.0,0.5,1.0,0.7,0.8,0.0,6.36501e-09,0.0439194,0.920349,1.19334e-07,7.23702e-10,1
pmos,sky130_fd_pr__pfet_01v8,tt,27.0,0.5,1.0,0.7,0.8,0.1,3.83562e-09,0.0439489,0.945333,7.58536e-08,4.47045e-10,1
pmos,sky130_fd_pr__pfet_01v8,tt,27.0,0.5,1.0,0.7,0.8,0.2,2.31813e-09,0.0441515,0.968887,4.85445e-08,2.77347e-10,1
pmos,sky130_fd_pr__pfet_01v8,tt,27.0,0.5,1.0,0.7,0.8,0.3,1.39922e-09,0.044448,0.99122,3.10566e-08,1.71953e-10,1
pmos,sky130_fd_pr__pfet_01v8,tt,27.0,0.5,1.0,0.7,1.2,0.0,6.63968e-09,0.043948,0.919357,1.24227e-07,6.58681e-10,1
pmos,sky130_fd_pr__pfet_01v8,tt,27.0,0.5,1.0,0.7,1.2,0.1,4.00574e-09,0.0439676,0.94434,7.90333e-08,4.08893e-10,1
pmos,sky130_fd_pr__pfet_01v8,tt,27.0,0.5,1.0,0.7,1.2,0.2,2.42395e-09,0.0441637,0.967895,5.06336e-08,2.54973e-10,1
pmos,sky130_fd_pr__pfet_01v8,tt,27.0,0.5,1.0,0.7,1.2,0.3,1.465e-09,0.0444558,0.990227,3.24336e-08,1.58896e-10,1
pmos,sky130_fd_pr__pfet_01v8,tt,27.0,0.5,1.0,0.7,1.5,0.0,6.83332e-09,0.0439698,0.918612,1.27651e-07,6.34446e-10,1
pmos,sky130_fd_pr__pfet_01v8,tt,27.0,0.5,1.0,0.7,1.5,0.1,4.12611e-09,0.0439818,0.943596,8.12663e-08,3.94944e-10,1
pmos,sky130_fd_pr__pfet_01v8,tt,27.0,0.5,1.0,0.7,1.5,0.2,2.49912e-09,0.0441729,0.96715,5.2106e-08,2.46989e-10,1
pmos,sky130_fd_pr__pfet_01v8,tt,27.0,0.5,1.0,0.7,1.5,0.3,1.51192e-09,0.0444618,0.989483,3.3408e-08,1.54374e-10,1
pmos,sky130_fd_pr__pfet_01v8,tt,27.0,0.5,1.0,0.8,0.15,0.0,3.36484e-08,0.0501885,0.921962,5.72922e-07,1.10037e-08,1
pmos,sky130_fd_pr__pfet_01v8,tt,27.0,0.5,1.0,0.8,0.15,0.1,2.15104e-08,0.0482675,0.946946,3.71618e-07,6.92709e-09,1
pmos,sky130_fd_pr__pfet_01v8,tt,27.0,0.5,1.0,0.8,0.15,0.2,1.39945e-08,0.0471258,0.9705,2.46699e-07,4.47255e-09,1
pmos,sky130_fd_pr__pfet_01v8,tt,27.0,0.5,1.0,0.8,0.15,0.3,9.21793e-09,0.0464959,0.992833,1.66944e-07,2.93908e-09,1
pmos,sky130_fd_pr__pfet_01v8,tt,27.0,0.5,1.0,0.8,0.3,0.0,3.47585e-08,0.0502318,0.92159,5.92151e-07,5.83071e-09,1
pmos,sky130_fd_pr__pfet_01v8,tt,27.0,0.5,1.0,0.8,0.3,0.1,2.22178e-08,0.0482983,0.946574,3.83921e-07,3.74284e-09,1
pmos,sky130_fd_pr__pfet_01v8,tt,27.0,0.5,1.0,0.8,0.3,0.2,1.4455e-08,0.0471476,0.970128,2.54799e-07,2.44894e-09,1
pmos,sky130_fd_pr__pfet_01v8,tt,27.0,0.5,1.0,0.8,0.3,0.3,9.52222e-09,0.0465114,0.99246,1.72402e-07,1.62504e-09,1
pmos,sky130_fd_pr__pfet_01v8,tt,27.0,0.5,1.0,0.8,0.5,0.0,3.57872e-08,0.0502897,0.921094,6.09469e-07,4.66129e-09,1
pmos,sky130_fd_pr__pfet_01v8,tt,27.0,0.5,1.0,0.8,0.5,0.1,2.28801e-08,0.0483395,0.946077,3.95194e-07,3.0091e-09,1
pmos,sky130_fd_pr__pfet_01v8,tt,27.0,0.5,1.0,0.8,0.5,0.2,1.48895e-08,0.0471769,0.969631,2.62307e-07,1.97824e-09,1
pmos,sky130_fd_pr__pfet_01v8,tt,27.0,0.5,1.0,0.8,0.5,0.3,9.81123e-09,0.0465321,0.991964,1.77504e-07,1.31848e-09,1
pmos,sky130_fd_pr__pfet_01v8,tt,27.0,0.5,1.0,0.8,0.8,0.0,3.70681e-08,0.0503773,0.920349,6.30829e-07,3.97519e-09,1
pmos,sky130_fd_pr__pfet_01v8,tt,27.0,0.5,1.0,0.8,0.8,0.1,2.37089e-08,0.0484019,0.945333,4.09183e-07,2.57741e-09,1
pmos,sky130_fd_pr__pfet_01v8,tt,27.0,0.5,1.0,0.8,0.8,0.2,1.54355e-08,0.0472211,0.968887,2.71666e-07,1.70111e-09,1
pmos,sky130_fd_pr__pfet_01v8,tt,27.0,0.5,1.0,0.8,0.8,0.3,1.01759e-08,0.0465635,0.99122,1.83886e-07,1.13816e-09,1
pmos,sky130_fd_pr__pfet_01v8,tt,27.0,0.5,1.0,0.8,1.2,0.0,3.8567e-08,0.0504954,0.919357,6.55643e-07,3.57321e-09,1
pmos,sky130_fd_pr__pfet_01v8,tt,27.0,0.5,1.0,0.8,1.2,0.1,2.46827e-08,0.048486,0.94434,4.25508e-07,2.32514e-09,1
pmos,sky130_fd_pr__pfet_01v8,tt,27.0,0.5,1.0,0.8,1.2,0.2,1.60793e-08,0.0472809,0.967895,2.82624e-07,1.53969e-09,1
pmos,sky130_fd_pr__pfet_01v8,tt,27.0,0.5,1.0,0.8,1.2,0.3,1.06074e-08,0.046606,0.990227,1.91381e-07,1.03357e-09,1
pmos,sky130_fd_pr__pfet_01v8,tt,27.0,0.5,1.0,0.8,1.5,0.0,3.96137e-08,0.0505849,0.918612,6.72885e-07,3.41814e-09,1
pmos,sky130_fd_pr__pfet_01v8,tt,27.0,0.5,1.0,0.8,1.5,0.1,2.53644e-08,0.0485499,0.943596,4.36886e-07,2.22855e-09,1
pmos,sky130_fd_pr__pfet_01v8,tt,27.0,0.5,1.0,0.8,1.5,0.2,1.65312e-08,0.0473263,0.96715,2.90278e-07,1.47838e-09,1
pmos,sky130_fd_pr__pfet_01v8,tt,27.0,0.5,1.0,0.8,1.5,0.3,1.0911e-08,0.0466382,0.989483,1.96626e-07,9.94202e-10,1
pmos,sky130_fd_pr__pfet_01v8,tt,27.0,0.5,1.0,0.9,0.15,0.0,1.80794e-07,0.0719562,0.921962,2.95526e-06,7.42501e-08,1
pmos,sky130_fd_pr__pfet_01v8,tt,27.0,0.5,1.0,0.9,0.15,0.1,1.1855e-07,0.0647836,0.946946,1.9974e-06,4.47312e-08,1
pmos,sky130_fd_pr__pfet_01v8,tt,27.0,0.5,1.0,0.9,0.15,0.2,7.87025e-08,0.0594875,0.9705,1.34758e-06,2.80504e-08,1
pmos,sky130_fd_pr__pfet_01v8,tt,27.0,0.5,1.0,0.9,0.15,0.3,5.30206e-08,0.0556705,0.992833,9.15438e-07,1.81858e-08,1
pmos,sky130_fd_pr__pfet_01v8,tt,27.0,0.5,1.0,0.9,0.3,0.0,1.87294e-07,0.072085,0.92159,3.07269e-06,3.15146e-08,1
pmos,sky130_fd_pr__pfet_01v8,tt,27.0,0.5,1.0,0.9,0.3,0.1,1.22675e-07,0.0648867,0.946574,2.07181e-06,2.06266e-08,1
pmos,sky130_fd_pr__pfet_01v8,tt,27.0,0.5,1.0,0.9,0.3,0.2,8.1383e-08,0.059568,0.970128,1.39572e-06,1.36832e-08,1
pmos,sky130_fd_pr__pfet_01v8,tt,27.0,0.5,1.0,0.9,0.3,0.3,5.48012e-08,0.0557324,0.99246,9.47217e-07,9.21705e-09,1
pmos,sky130_fd_pr__pfet_01v8,tt,27.0,0.5,1.0,0.9,0.5,0.0,1.92735e-07,0.0722574,0.921094,3.16068e-06,2.42775e-08,1
pmos,sky130_fd_pr__pfet_01v8,tt,27.0,0.5,1.0,0.9,0.5,0.1,1.26267e-07,0.0650246,0.946077,2.13178e-06,1.61305e-08,1
pmos,sky130_fd_pr__pfet_01v8,tt,27.0,0.5,1.0,0.9,0.5,0.2,8.37808e-08,0.0596759,0.969631,1.43647e-06,1.08166e-08,1
pmos,sky130_fd_pr__pfet_01v8,tt,27.0,0.5,1.0,0.9,0.5,0.3,5.64236e-08,0.0558154,0.991964,9.75036e-07,7.34339e-09,1
pmos,sky130_fd_pr__pfet_01v8,tt,27.0,0.5,1.0,0.9,0.8,0.0,1.99326e-07,0.0725173,0.920349,3.26423e-06,2.02432e-08,1
pmos,sky130_fd_pr__pfet_01v8,tt,27.0,0.5,1.0,0.9,0.8,0.1,1.30669e-07,0.0652328,0.945333,2.20374e-06,1.35796e-08,1
pmos,sky130_fd_pr__pfet_01v8,tt,27.0,0.5,1.0,0.9,0.8,0.2,8.67436e-08,0.0598389,0.968887,1.48606e-06,9.17051e-09,1
pmos,sky130_fd_pr__pfet_01v8,tt,27.0,0.5,1.0,0.9,0.8,0.3,5.84407e-08,0.0559409,0.99122,1.00924e-06,6.25868e-09,1
pmos,sky130_fd_pr__pfet_01v8,tt,27.0,0.5,1.0,0.9,1.2,0.0,2.06888e-07,0.0728665,0.919357,3.38059e-06,1.78774e-08,1
pmos,sky130_fd_pr__pfet_01v8,tt,27.0,0.5,1.0,0.9,1.2,0.1,1.35762e-07,0.0655129,0.94434,2.28576e-06,1.20843e-08,1
pmos,sky130_fd_pr__pfet_01v8,tt,27.0,0.5,1.0,0.9,1.2,0.2,9.01934e-08,0.0600583,0.967895,1.54318e-06,8.20658e-09,1
pmos,sky130_fd_pr__pfet_01v8,tt,27.0,0.5,1.0,0.9,1.2,0.3,6.08003e-08,0.0561099,0.990227,1.04892e-06,5.62421e-09,1
pmos,sky130_fd_pr__pfet_01v8,tt,27.0,0.5,1.0,0.9,1.5,0.0,2.121e-07,0.0731303,0.918612,3.45965e-06,1.69402e-08,1
pmos,sky130_fd_pr__pfet_01v8,tt,27.0,0.5,1.0,0.9,1.5,0.1,1.39292e-07,0.0657247,0.943596,2.34203e-06,1.14978e-08,1
pmos,sky130_fd_pr__pfet_01v8,tt,27.0,0.5,1.0,0.9,1.5,0.2,9.25944e-08,0.0602245,0.96715,1.58265e-06,7.83181e-09,1
pmos,sky130_fd_pr__pfet_01v8,tt,27.0,0.5,1.0,0.9,1.5,0.3,6.24477e-08,0.0562381,0.989483,1.07647e-06,5.37935e-09,1
pmos,sky130_fd_pr__pfet_01v8,tt,27.0,0.5,1.0,1.0,0.15,0.0,7.90715e-07,0.121223,0.921962,9.98603e-06,7.29009e-07,0
pmos,sky130_fd_pr__pfet_01v8,tt,27.0,0.5,1.0,1.0,0.15,0.1,5.70526e-07,0.107432,0.946946,7.94611e-06,4.06182e-07,0
pmos,sky130_fd_pr__pfet_01v8,tt,27.0,0.5,1.0,1.0,0.15,0.2,4.06497e-07,0.0955017,0.9705,6.12127e-06,2.34899e-07,1
pmos,sky130_fd_pr__pfet_01v8,tt,27.0,0.5,1.0,1.0,0.15,0.3,2.87359e-07,0.0854172,0.992833,4.59175e-06,1.41578e-07,1
pmos,sky130_fd_pr__pfet_01v8,tt,27.0,0.5,1.0,1.0,0.3,0.0,8.32993e-07,0.121457,0.92159,1.08237e-05,1.48134e-07,1
pmos,sky130_fd_pr__pfet_01v8,tt,27.0,0.5,1.0,1.0,0.3,0.1,5.9691e-07,0.107646,0.946574,8.45758e-06,1.03719e-07,1
pmos,sky130_fd_pr__pfet_01v8,tt,27.0,0.5,1.0,1.0,0.3,0.2,4.23452e-07,0.0956936,0.970128,6.44443e-06,7.25885e-08,1
pmos,sky130_fd_pr__pfet_01v8,tt,27.0,0.5,1.0,1.0,0.3,0.3,2.98515e-07,0.0855851,0.99246,4.8023e-06,5.07922e-08,1
pmos,sky130_fd_pr__pfet_01v8,tt,27.0,0.5,1.0,1.0,0.5,0.0,8.56898e-07,0.121768,0.921094,1.11393e-05,1.01996e-07,1
pmos,sky130_fd_pr__pfet_01v8,tt,27.0,0.5,1.0,1.0,0.5,0.1,6.14044e-07,0.107932,0.946077,8.69975e-06,7.42394e-08,1
pmos,sky130_fd_pr__pfet_01v8,tt,27.0,0.5,1.0,1.0,0.5,0.2,4.35663e-07,0.0959501,0.969631,6.62802e-06,5.35616e-08,1
pmos,sky130_fd_pr__pfet_01v8,tt,27.0,0.5,1.0,1.0,0.5,0.3,3.0718e-07,0.0858095,0.991964,4.93954e-06,3.8378e-08,1
pmos,sky130_fd_pr__pfet_01v8,tt,27.0,0.5,1.0,1.0,0.8,0.0,8.83748e-07,0.122237,0.920349,1.14646e-05,8.03289e-08,1
pmos,sky130_fd_pr__pfet_01v8,tt,27.0,0.5,1.0,1.0,0.8,0.1,6.33789e-07,0.108362,0.945333,8.96052e-06,5.95922e-08,1
pmos,sky130_fd_pr__pfet_01v8,tt,27.0,0.5,1.0,1.0,0.8,0.2,4.50033e-07,0.0963363,0.968887,6.83287e-06,4.36949e-08,1
pmos,sky130_fd_pr__pfet_01v8,tt,27.0,0.5,1.0,1.0,0.8,0.3,3.17551e-07,0.0861477,0.99122,5.09715e-06,3.17306e-08,1
pmos,sky130_fd_pr__pfet_01v8,tt,27.0,0.5,1.0,1.0,1.2,0.0,9.13078e-07,0.122863,0.919357,1.18012e-05,6.79272e-08,1
pmos,sky130_fd_pr__pfet_01v8,tt,27.0,0.5,1.0,1.0,1.2,0.1,6.55712e-07,0.108939,0.94434,9.23731e-06,5.11213e-08,1
pmos,sky130_fd_pr__pfet_01v8,tt,27.0,0.5,1.0,1.0,1.2,0.2,4.66213e-07,0.0968539,0.967895,7.05527e-06,3.79517e-08,1
pmos,sky130_fd_pr__pfet_01v8,tt,27.0,0.5,1.0,1.0,1.2,0.3,3.29365e-07,0.0866013,0.990227,5.2716e-06,2.78481e-08,1
pmos,sky130_fd_pr__pfet_01v8,tt,27.0,0.5,1.0,1.0,1.5,0.0,9.32646e-07,0.123334,0.918612,1.20177e-05,6.2905e-08,1
pmos,sky130_fd_pr__pfet_01v8,tt,27.0,0.5,1.0,1.0,1.5,0.1,6.70497e-07,0.109372,0.943596,9.41834e-06,4.77e-08,1
pmos,sky130_fd_pr__pfet_01v8,tt,27.0,0.5,1.0,1.0,1.5,0.2,4.77226e-07,0.097244,0.96715,7.20292e-06,3.56446e-08,1
pmos,sky130_fd_pr__pfet_01v8,tt,27.0,0.5,1.0,1.0,1.5,0.3,3.37469e-07,0.0869437,0.989483,5.38893e-06,2.63002e-08,1
pmos,sky130_fd_pr__pfet_01v8,tt,27.0,0.5,1.0,1.2,0.15,0.0,3.96768e-06,0.271844,0.921962,1.87876e-05,1.64463e-05,0
pmos,sky130_fd_pr__pfet_01v8,tt,27.0,0.5,1.0,1.2,0.15,0.1,3.51851e-06,0.254744,0.946946,1.85056e-05,1.37725e-05,0
pmos,sky130_fd_pr__pfet_01v8,tt,27.0,0.5,1.0,1.2,0.15,0.2,3.10002e-06,0.238266,0.9705,1.81456e-05,1.13292e-05,0
pmos,sky130_fd_pr__pfet_01v8,tt,27.0,0.5,1.0,1.2,0.15,0.3,2.7103e-06,0.222386,0.992833,1.76873e-05,9.11575e-06,0
pmos,sky130_fd_pr__pfet_01v8,tt,27.0,0.5,1.0,1.2,0.3,0.0,5.20734e-06,0.272146,0.92159,3.19708e-05,2.55766e-06,0
pmos,sky130_fd_pr__pfet_01v8,tt,27.0,0.5,1.0,1.2,0.3,0.1,4.48014e-06,0.255048,0.946574,3.01053e-05,1.81334e-06,0
pmos,sky130_fd_pr__pfet_01v8,tt,27.0,0.5,1.0,1.2,0.3,0.2,3.83108e-06,0.23857,0.970128,2.80943e-05,1.30322e-06,1
pmos,sky130_fd_pr__pfet_01v8,tt,27.0,0.5,1.0,1.2,0.3,0.3,3.25436e-06,0.222689,0.99246,2.59871e-05,9.53204e-07,1
pmos,sky130_fd_pr__pfet_01v8,tt,27.0,0.5,1.0,1.2,0.5,0.0,5.44585e-06,0.27255,0.921094,3.47522e-05,7.09595e-07,1
pmos,sky130_fd_pr__pfet_01v8,tt,27.0,0.5,1.0,1.2,0.5,0.1,4.664e-06,0.255452,0.946077,3.22108e-05,5.89341e-07,1
pmos,sky130_fd_pr__pfet_01v8,tt,27.0,0.5,1.0,1.2,0.5,0.2,3.97483e-06,0.238975,0.969631,2.97163e-05,4.90252e-07,1
pmos,sky130_fd_pr__pfet_01v8,tt,27.0,0.5,1.0,1.2,0.5,0.3,3.36804e-06,0.223094,0.991964,2.72623e-05,4.07839e-07,1
pmos,sky130_fd_pr__pfet_01v8,tt,27.0,0.5,1.0,1.2,0.8,0.0,5.61169e-06,0.273155,0.920349,3.59234e-05,4.52998e-07,1
pmos,sky130_fd_pr__pfet_01v8,tt,27.0,0.5,1.0,1.2,0.8,0.1,4.80431e-06,0.25606,0.945333,3.32494e-05,3.8834e-07,1
pmos,sky130_fd_pr__pfet_01v8,tt,27.0,0.5,1.0,1.2,0.8,0.2,4.09348e-06,0.239583,0.968887,3.06401e-05,3.32384e-07,1
pmos,sky130_fd_pr__pfet_01v8,tt,27.0,0.5,1.0,1.2,0.8,0.3,3.46822e-06,0.2237,0.99122,2.80852e-05,2.83775e-07,1
pmos,sky130_fd_pr__pfet_01v8,tt,27.0,0.5,1.0,1.2,1.2,0.0,5.76651e-06,0.273962,0.919357,3.68747e-05,3.37988e-07,1
pmos,sky130_fd_pr__pfet_01v8,tt,27.0,0.5,1.0,1.2,1.2,0.1,4.93814e-06,0.256869,0.94434,3.41212e-05,2.94332e-07,1
pmos,sky130_fd_pr__pfet_01v8,tt,27.0,0.5,1.0,1.2,1.2,0.2,4.20895e-06,0.240394,0.967895,3.14392e-05,2.55767e-07,1
pmos,sky130_fd_pr__pfet_01v8,tt,27.0,0.5,1.0,1.2,1.2,0.3,3.56757e-06,0.22451,0.990227,2.88172e-05,2.21588e-07,1
pmos,sky130_fd_pr__pfet_01v8,tt,27.0,0.5,1.0,1.2,1.5,0.0,5.86081e-06,0.274568,0.918612,3.74115e-05,2.94121e-07,1
pmos,sky130_fd_pr__pfet_01v8,tt,27.0,0.5,1.0,1.2,1.5,0.1,5.02057e-06,0.257477,0.943596,3.46204e-05,2.5805e-07,1
pmos,sky130_fd_pr__pfet_01v8,tt,27.0,0.5,1.0,1.2,1.5,0.2,4.28086e-06,0.241002,0.96715,3.19032e-05,2.25885e-07,1
pmos,sky130_fd_pr__pfet_01v8,tt,27.0,0.5,1.0,1.2,1.5,0.3,3.63009e-06,0.225117,0.989483,2.92482e-05,1.97109e-07,1
pmos,sky130_fd_pr__pfet_01v8,tt,27.0,0.5,2.0,0.5,0.15,0.0,4.01871e-11,0.0433618,0.960643,1.16937e-09,1.54025e-11,1
pmos,sky130_fd_pr__pfet_01v8,tt,27.0,0.5,2.0,0.5,0.15,0.1,1.8242e-11,0.0438312,0.985173,5.46674e-10,7.07714e-12,1
pmos,sky130_fd_pr__pfet_01v8,tt,27.0,0.5,2.0,0.5,0.15,0.2,8.45574e-12,0.0442447,1.00844,2.59207e-10,3.31284e-12,1
pmos,sky130_fd_pr__pfet_01v8,tt,27.0,0.5,2.0,0.5,0.15,0.3,4.00111e-12,0.0446137,1.03063,1.24836e-10,1.58021e-12,1
pmos,sky130_fd_pr__pfet_01v8,tt,27.0,0.5,2.0,0.5,0.3,0.0,4.19553e-11,0.0433619,0.960045,1.22015e-09,1.02014e-11,1
pmos,sky130_fd_pr__pfet_01v8,tt,27.0,0.5,2.0,0.5,0.3,0.1,1.90561e-11,0.0438313,0.984575,5.7084e-10,4.70787e-12,1
pmos,sky130_fd_pr__pfet_01v8,tt,27.0,0.5,2.0,0.5,0.3,0.2,8.83742e-12,0.0442447,1.00784,2.70826e-10,2.2112e-12,1
pmos,sky130_fd_pr__pfet_01v8,tt,27.0,0.5,2.0,0.5,0.3,0.3,4.18339e-12,0.0446137,1.03003,1.30494e-10,1.0575e-12,1
pmos,sky130_fd_pr__pfet_01v8,tt,27.0,0.5,2.0,0.5,0.5,0.0,4.38638e-11,0.043362,0.959247,1.27473e-09,9.10413e-12,1
pmos,sky130_fd_pr__pfet_01v8,tt,27.0,0.5,2.0,0.5,0.5,0.1,1.99387e-11,0.0438313,0.983777,5.96953e-10,4.21795e-12,1
pmos,sky130_fd_pr__pfet_01v8,tt,27.0,0.5,2.0,0.5,0.5,0.2,9.25265e-12,0.0442448,1.00704,2.83437e-10,1.9874e-12,1
pmos,sky130_fd_pr__pfet_01v8,tt,27.0,0.5,2.0,0.5,0.5,0.3,4.38225e-12,0.0446137,1.02923,1.36657e-10,9.52978e-13,1
pmos,sky130_fd_pr__pfet_01v8,tt,27.0,0.5,2.0,0.5,0.8,0.0,4.65055e-11,0.0433622,0.958051,1.35e-09,8.61349e-12,1
pmos,sky130_fd_pr__pfet_01v8,tt,27.0,0.5,2.0,0.5,0.8,0.1,2.11651e-11,0.0438314,0.98258,6.33146e-10,4.00624e-12,1
pmos,sky130_fd_pr__pfet_01v8,tt,27.0,0.5,2.0,0.5,0.8,0.2,9.83147e-12,0.0442448,1.00585,3.00983e-10,1.89361e-12,1
pmos,sky130_fd_pr__pfet_01v8,tt,27.0,0.5,2.0,0.5,0.8,0.3,4.66018e-12,0.0446137,1.02803,1.45259e-10,9.10367e-13,1
pmos,sky130_fd_pr__pfet_01v8,tt,27.0,0.5,2.0,0.5,1.2,0.0,4.99215e-11,0.0433625,0.956455,1.44698e-09,8.52739e-12,1
pmos,sky130_fd_pr__pfet_01v8,tt,27.0,0.5,2.0,0.5,1.2,0.1,2.2757e-11,0.0438316,0.980985,6.80002e-10,3.98124e-12,1
pmos,sky130_fd_pr__pfet_01v8,tt,27.0,0.5,2.0,0.5,1.2,0.2,1.05851e-11,0.0442449,1.00425,3.23786e-10,1.88753e-12,1
pmos,sky130_fd_pr__pfet_01v8,tt,27.0,0.5,2.0,0.5,1.2,0.3,5.02298e-12,0.0446138,1.02644,1.56471e-10,9.09694e-13,1
pmos,sky130_fd_pr__pfet_01v8,tt,27.0,0.5,2.0,0.5,1.5,0.0,5.2493e-11,0.0433627,0.955259,1.51977e-09,8.63234e-12,1
pmos,sky130_fd_pr__pfet_01v8,tt,27.0,0.5,2.0,0.5,1.5,0.1,2.39591e-11,0.0438317,0.979788,7.15304e-10,4.03972e-12,1
pmos,sky130_fd_pr__pfet_01v8,tt,27.0,0.5,2.0,0.5,1.5,0.2,1.11556e-11,0.0442449,1.00305,3.41018e-10,1.91887e-12,1
pmos,sky130_fd_pr__pfet_01v8,tt,27.0,0.5,2.0,0.5,1.5,0.3,5.29812e-12,0.0446138,1.02524,1.64964e-10,9.26216e-13,1
pmos,sky130_fd_pr__pfet_01v8,tt,27.0,0.5,2.0,0.6,0.15,0.0,6.11594e-10,0.0434369,0.960643,1.51729e-08,2.24042e-10,1
pmos,sky130_fd_pr__pfet_01v8,tt,27.0,0.5,2.0,0.6,0.15,0.1,3.1337e-10,0.04387,0.985173,8.25144e-09,1.17055e-10,1
pmos,sky130_fd_pr__pfet_01v8,tt,27.0,0.5,2.0,0.6,0.15,0.2,1.60564e-10,0.0442647,1.00844,4.44413e-09,6.10073e-11,1
pmos,sky130_fd_pr__pfet_01v8,tt,27.0,0.5,2.0,0.6,0.15,0.3,8.24318e-11,0.044624,1.03063,2.37628e-09,3.17772e-11,1
pmos,sky130_fd_pr__pfet_01v8,tt,27.0,0.5,2.0,0.6,0.3,0.0,6.36866e-10,0.0434381,0.960045,1.57781e-08,1.43901e-10,1
pmos,sky130_fd_pr__pfet_01v8,tt,27.0,0.5,2.0,0.6,0.3,0.1,3.26643e-10,0.0438706,0.984575,8.59048e-09,7.59309e-11,1
pmos,sky130_fd_pr__pfet_01v8,tt,27.0,0.5,2.0,0.6,0.3,0.2,1.67512e-10,0.044265,1.00784,4.63171e-09,3.99104e-11,1
pmos,sky130_fd_pr__pfet_01v8,tt,27.0,0.5,2.0,0.6,0.3,0.3,8.60643e-11,0.0446242,1.03003,2.47892e-09,2.09348e-11,1
pmos,sky130_fd_pr__pfet_01v8,tt,27.0,0.5,2.0,0.6,0.5,0.0,6.63542e-10,0.0434397,0.959247,1.64084e-08,1.26234e-10,1
pmos,sky130_fd_pr__pfet_01v8,tt,27.0,0.5,2.0,0.6,0.5,0.1,3.40771e-10,0.0438715,0.983777,8.94739e-09,6.70765e-11,1
pmos,sky130_fd_pr__pfet_01v8,tt,27.0,0.5,2.0,0.6,0.5,0.2,1.74962e-10,0.0442655,1.00704,4.83104e-09,3.54703e-11,1
pmos,sky130_fd_pr__pfet_01v8,tt,27.0,0.5,2.0,0.6,0.5,0.3,8.99827e-11,0.0446244,1.02923,2.58888e-09,1.87011e-11,1
pmos,sky130_fd_pr__pfet_01v8,tt,27.0,0.5,2.0,0.6,0.8,0.0,6.99843e-10,0.0434422,0.958051,1.72576e-08,1.17399e-10,1
pmos,sky130_fd_pr__pfet_01v8,tt,27.0,0.5,2.0,0.6,0.8,0.1,3.6013e-10,0.0438729,0.98258,9.43233e-09,6.28119e-11,1
pmos,sky130_fd_pr__pfet_01v8,tt,27.0,0.5,2.0,0.6,0.8,0.2,1.85232e-10,0.0442662,1.00585,5.10393e-09,3.34139e-11,1
pmos,sky130_fd_pr__pfet_01v8,tt,27.0,0.5,2.0,0.6,0.8,0.3,9.54115e-11,0.0446248,1.02803,2.7404e-09,1.77062e-11,1
pmos,sky130_fd_pr__pfet_01v8,tt,27.0,0.5,2.0,0.6,1.2,0.0,7.4599e-10,0.0434456,0.956455,1.83264e-08,1.14251e-10,1
pmos,sky130_fd_pr__pfet_01v8,tt,27.0,0.5,2.0,0.6,1.2,0.1,3.84905e-10,0.0438748,0.980985,1.00477e-08,6.15308e-11,1
pmos,sky130_fd_pr__pfet_01v8,tt,27.0,0.5,2.0,0.6,1.2,0.2,1.98451e-10,0.0442673,1.00425,5.45278e-09,3.29216e-11,1
pmos,sky130_fd_pr__pfet_01v8,tt,27.0,0.5,2.0,0.6,1.2,0.3,1.02434e-10,0.0446254,1.02644,2.93534e-09,1.75312e-11,1
pmos,sky130_fd_pr__pfet_01v8,tt,27.0,0.5,2.0,0.6,1.5,0.0,7.80254e-10,0.0434483,0.955259,1.91137e-08,1.14414e-10,1
pmos,sky130_fd_pr__pfet_01v8,tt,27.0,0.5,2.0,0.6,1.5,0.1,4.03396e-10,0.0438762,0.979788,1.05038e-08,6.1866e-11,1
pmos,sky130_fd_pr__pfet_01v8,tt,27.0,0.5,2.0,0.6,1.5,0.2,2.08362e-10,0.0442681,1.00305,5.71288e-09,3.32186e-11,1
pmos,sky130_fd_pr__pfet_01v8,tt,27.0,0.5,2.0,0.6,1.5,0.3,1.07721e-10,0.0446258,1.02524,3.08141e-09,1.77434e-11,1
pmos,sky130_fd_pr__pfet_01v8,tt,27.0,0.5,2.0,0.7,0.15,0.0,5.49753e-09,0.0440687,0.960643,1.06668e-07,1.90293e-09,1
pmos,sky130_fd_pr__pfet_01v8,tt,27.0,0.5,2.0,0.7,0.15,0.1,3.26077e-09,0.0442535,0.985173,6.70849e-08,1.14586e-09,1
pmos,sky130_fd_pr__pfet_01v8,tt,27.0,0.5,2.0,0.7,0.15,0.2,1.93149e-09,0.0444959,1.00844,4.22623e-08,6.9019e-10,1
pmos,sky130_fd_pr__pfet_01v8,tt,27.0,0.5,2.0,0.7,0.15,0.3,1.13798e-09,0.0447622,1.03063,2.64834e-08,4.13814e-10,1
pmos,sky130_fd_pr__pfet_01v8,tt,27.0,0.5,2.0,0.7,0.3,0.0,5.70642e-09,0.0440769,0.960045,1.10586e-07,1.16576e-09,1
pmos,sky130_fd_pr__pfet_01v8,tt,27.0,0.5,2.0,0.7,0.3,0.1,3.38726e-09,0.0442587,0.984575,6.95874e-08,7.09326e-10,1
pmos,sky130_fd_pr__pfet_01v8,tt,27.0,0.5,2.0,0.7,0.3,0.2,2.00812e-09,0.0444992,1.00784,4.38704e-08,4.31835e-10,1
pmos,sky130_fd_pr__pfet_01v8,tt,27.0,0.5,2.0,0.7,0.3,0.3,1.18419e-09,0.0447642,1.03003,2.75148e-08,2.617e-10,1
pmos,sky130_fd_pr__pfet_01v8,tt,27.0,0.5,2.0,0.7,0.5,0.0,5.91968e-09,0.044088,0.959247,1.14522e-07,9.97552e-10,1
pmos,sky130_fd_pr__pfet_01v8,tt,27.0,0.5,2.0,0.7,0.5,0.1,3.51749e-09,0.0442657,0.983777,7.21209e-08,6.11088e-10,1
pmos,sky130_fd_pr__pfet_01v8,tt,27.0,0.5,2.0,0.7,0.5,0.2,2.08769e-09,0.0445037,1.00704,4.55126e-08,3.74631e-10,1
pmos,sky130_fd_pr__pfet_01v8,tt,27.0,0.5,2.0,0.7,0.5,0.3,1.23259e-09,0.0447671,1.02923,2.8578e-08,2.28626e-10,1
pmos,sky130_fd_pr__pfet_01v8,tt,27.0,0.5,2.0,0.7,0.8,0.0,6.203e-09,0.0441048,0.958051,1.19694e-07,9.0601e-10,1
pmos,sky130_fd_pr__pfet_01v8,tt,27.0,0.5,2.0,0.7,0.8,0.1,3.69163e-09,0.0442765,0.98258,7.54687e-08,5.58541e-10,1
pmos,sky130_fd_pr__pfet_01v8,tt,27.0,0.5,2.0,0.7,0.8,0.2,2.19482e-09,0.0445105,1.00585,4.76964e-08,3.44687e-10,1
pmos,sky130_fd_pr__pfet_01v8,tt,27.0,0.5,2.0,0.7,0.8,0.3,1.2982e-09,0.0447714,1.02803,3.00019e-08,2.11761e-10,1
pmos,sky130_fd_pr__pfet_01v8,tt,27.0,0.5,2.0,0.7,1.2,0.0,6.55501e-09,0.0441278,0.956455,1.26055e-07,8.62324e-10,1
pmos,sky130_fd_pr__pfet_01v8,tt,27.0,0.5,2.0,0.7,1.2,0.1,3.90929e-09,0.0442911,0.980985,7.96062e-08,5.34641e-10,1
pmos,sky130_fd_pr__pfet_01v8,tt,27.0,0.5,2.0,0.7,1.2,0.2,2.32957e-09,0.0445199,1.00425,5.04111e-08,3.31929e-10,1
pmos,sky130_fd_pr__pfet_01v8,tt,27.0,0.5,2.0,0.7,1.2,0.3,1.38125e-09,0.0447773,1.02644,3.17837e-08,2.05184e-10,1
pmos,sky130_fd_pr__pfet_01v8,tt,27.0,0.5,2.0,0.7,1.5,0.0,6.81188e-09,0.0441454,0.955259,1.30663e-07,8.52252e-10,1
pmos,sky130_fd_pr__pfet_01v8,tt,27.0,0.5,2.0,0.7,1.5,0.1,4.06882e-09,0.0443024,0.979788,8.26133e-08,5.30109e-10,1
pmos,sky130_fd_pr__pfet_01v8,tt,27.0,0.5,2.0,0.7,1.5,0.2,2.42879e-09,0.0445271,1.00305,5.23922e-08,3.30261e-10,1
pmos,sky130_fd_pr__pfet_01v8,tt,27.0,0.5,2.0,0.7,1.5,0.3,1.4427e-09,0.0447818,1.02524,3.30901e-08,2.04894e-10,1
pmos,sky130_fd_pr__pfet_01v8,tt,27.0,0.5,2.0,0.8,0.15,0.0,3.32874e-08,0.047372,0.960643,5.73067e-07,1.14905e-08,1
pmos,sky130_fd_pr__pfet_01v8,tt,27.0,0.5,2.0,0.8,0.15,0.1,2.11968e-08,0.0464599,0.985173,3.71323e-07,7.29803e-09,1
pmos,sky130_fd_pr__pfet_01v8,tt,27.0,0.5,2.0,0.8,0.15,0.2,1.36927e-08,0.0459757,1.00844,2.45819e-07,4.72434e-09,1
pmos,sky130_fd_pr__pfet_01v8,tt,27.0,0.5,2.0,0.8,0.15,0.3,8.92446e-09,0.0457565,1.03063,1.65362e-07,3.09639e-09,1
pmos,sky130_fd_pr__pfet_01v8,tt,27.0,0.5,2.0,0.8,0.3,0.0,3.45145e-08,0.0474103,0.960045,5.94241e-07,6.73307e-09,1
pmos,sky130_fd_pr__pfet_01v8,tt,27.0,0.5,2.0,0.8,0.3,0.1,2.19819e-08,0.0464862,0.984575,3.84982e-07,4.32765e-09,1
pmos,sky130_fd_pr__pfet_01v8,tt,27.0,0.5,2.0,0.8,0.3,0.2,1.42038e-08,0.0459937,1.00784,2.54855e-07,2.82855e-09,1
pmos,sky130_fd_pr__pfet_01v8,tt,27.0,0.5,2.0,0.8,0.3,0.3,9.26106e-09,0.0457689,1.03003,1.71458e-07,1.86999e-09,1
pmos,sky130_fd_pr__pfet_01v8,tt,27.0,0.5,2.0,0.8,0.5,0.0,3.5736e-08,0.0474619,0.959247,6.15005e-07,5.67452e-09,1
pmos,sky130_fd_pr__pfet_01v8,tt,27.0,0.5,2.0,0.8,0.5,0.1,2.27689e-08,0.0465215,0.983777,3.98496e-07,3.66343e-09,1
pmos,sky130_fd_pr__pfet_01v8,tt,27.0,0.5,2.0,0.8,0.5,0.2,1.47194e-08,0.046018,1.00704,2.63855e-07,2.40494e-09,1
pmos,sky130_fd_pr__pfet_01v8,tt,27.0,0.5,2.0,0.8,0.5,0.3,9.60278e-09,0.0457857,1.02923,1.77562e-07,1.59725e-09,1
pmos,sky130_fd_pr__pfet_01v8,tt,27.0,0.5,2.0,0.8,0.8,0.0,3.73368e-08,0.0475405,0.958051,6.42071e-07,5.08838e-09,1
pmos,sky130_fd_pr__pfet_01v8,tt,27.0,0.5,2.0,0.8,0.8,0.1,2.38043e-08,0.0465753,0.98258,4.1617e-07,3.29689e-09,1
pmos,sky130_fd_pr__pfet_01v8,tt,27.0,0.5,2.0,0.8,0.8,0.2,1.54005e-08,0.046055,1.00585,2.7566e-07,2.17247e-09,1
pmos,sky130_fd_pr__pfet_01v8,tt,27.0,0.5,2.0,0.8,0.8,0.3,1.00561e-08,0.0458113,1.02803,1.85594e-07,1.44875e-09,1
pmos,sky130_fd_pr__pfet_01v8,tt,27.0,0.5,2.0,0.8,1.2,0.0,3.93023e-08,0.0476474,0.956455,6.7517e-07,4.79017e-09,1
pmos,sky130_fd_pr__pfet_01v8,tt,27.0,0.5,2.0,0.8,1.2,0.1,2.50799e-08,0.0466486,0.980985,4.37839e-07,3.11294e-09,1
pmos,sky130_fd_pr__pfet_01v8,tt,27.0,0.5,2.0,0.8,1.2,0.2,1.62424e-08,0.0461054,1.00425,2.90166e-07,2.05777e-09,1
pmos,sky130_fd_pr__pfet_01v8,tt,27.0,0.5,2.0,0.8,1.2,0.3,1.06186e-08,0.0458461,1.02644,1.95487e-07,1.37705e-09,1
pmos,sky130_fd_pr__pfet_01v8,tt,27.0,0.5,2.0,0.8,1.5,0.0,4.07248e-08,0.0477292,0.955259,6.99061e-07,4.70579e-09,1
pmos,sky130_fd_pr__pfet_01v8,tt,27.0,0.5,2.0,0.8,1.5,0.1,2.6005e-08,0.0467048,0.979788,4.53505e-07,3.06302e-09,1
pmos,sky130_fd_pr__pfet_01v8,tt,27.0,0.5,2.0,0.8,1.5,0.2,1.68545e-08,0.0461441,1.00305,3.00669e-07,2.02826e-09,1
pmos,sky130_fd_pr__pfet_01v8,tt,27.0,0.5,2.0,0.8,1.5,0.3,1.10286e-08,0.0458728,1.02524,2.0266e-07,1.3599e-09,1
pmos,sky130_fd_pr__pfet_01v8,tt,27.0,0.5,2.0,0.9,0.15,0.0,1.85835e-07,0.0608685,0.960643,3.20136e-06,7.19878e-08,1
pmos,sky130_fd_pr__pfet_01v8,tt,27.0,0.5,2.0,0.9,0.15,0.1,1.19814e-07,0.0561645,0.985173,2.08099e-06,4.44767e-08,1
pmos,sky130_fd_pr__pfet_01v8,tt,27.0,0.5,2.0,0.9,0.15,0.2,7.87104e-08,0.0529119,1.00844,1.37045e-06,2.84311e-08,1
pmos,sky130_fd_pr__pfet_01v8,tt,27.0,0.5,2.0,0.9,0.15,0.3,5.26141e-08,0.0507046,1.03063,9.17873e-07,1.86826e-08,1
pmos,sky130_fd_pr__pfet_01v8,tt,27.0,0.5,2.0,0.9,0.3,0.0,1.9296e-07,0.0610097,0.960045,3.32988e-06,3.76e-08,1
pmos,sky130_fd_pr__pfet_01v8,tt,27.0,0.5,2.0,0.9,0.3,0.1,1.24349e-07,0.0562703,0.984575,2.16236e-06,2.43168e-08,1
pmos,sky130_fd_pr__pfet_01v8,tt,27.0,0.5,2.0,0.9,0.3,0.2,8.16663e-08,0.05299,1.00784,1.42309e-06,1.60195e-08,1
pmos,sky130_fd_pr__pfet_01v8,tt,27.0,0.5,2.0,0.9,0.3,0.3,5.45822e-08,0.0507617,1.03003,9.52685e-07,1.07441e-08,1
pmos,sky130_fd_pr__pfet_01v8,tt,27.0,0.5,2.0,0.9,0.5,0.0,1.99709e-07,0.0611995,0.959247,3.44515e-06,3.11253e-08,1
pmos,sky130_fd_pr__pfet_01v8,tt,27.0,0.5,2.0,0.9,0.5,0.1,1.28736e-07,0.0564126,0.983777,2.23823e-06,2.03035e-08,1
pmos,sky130_fd_pr__pfet_01v8,tt,27.0,0.5,2.0,0.9,0.5,0.2,8.45663e-08,0.0530951,1.00704,1.47342e-06,1.34576e-08,1
pmos,sky130_fd_pr__pfet_01v8,tt,27.0,0.5,2.0,0.9,0.5,0.3,5.65324e-08,0.0508386,1.02923,9.86541e-07,9.06807e-09,1
pmos,sky130_fd_pr__pfet_01v8,tt,27.0,0.5,2.0,0.9,0.8,0.0,2.0844e-07,0.0614872,0.958051,3.59218e-06,2.76219e-08,1
pmos,sky130_fd_pr__pfet_01v8,tt,27.0,0.5,2.0,0.9,0.8,0.1,1.34448e-07,0.0566287,0.98258,2.33613e-06,1.812e-08,1
pmos,sky130_fd_pr__pfet_01v8,tt,27.0,0.5,2.0,0.9,0.8,0.2,8.8361e-08,0.0532548,1.00585,1.53887e-06,1.20596e-08,1
pmos,sky130_fd_pr__pfet_01v8,tt,27.0,0.5,2.0,0.9,0.8,0.3,5.90939e-08,0.0509556,1.02803,1.03079e-06,8.15233e-09,1
pmos,sky130_fd_pr__pfet_01v8,tt,27.0,0.5,2.0,0.9,1.2,0.0,2.19064e-07,0.0618769,0.956455,3.76935e-06,2.57968e-08,1
pmos,sky130_fd_pr__pfet_01v8,tt,27.0,0.5,2.0,0.9,1.2,0.1,1.41435e-07,0.0569219,0.980985,2.45509e-06,1.69996e-08,1
pmos,sky130_fd_pr__pfet_01v8,tt,27.0,0.5,2.0,0.9,1.2,0.2,9.30189e-08,0.0534718,1.00425,1.61885e-06,1.13508e-08,1
pmos,sky130_fd_pr__pfet_01v8,tt,27.0,0.5,2.0,0.9,1.2,0.3,6.22469e-08,0.0511147,1.02644,1.08507e-06,7.69286e-09,1
pmos,sky130_fd_pr__pfet_01v8,tt,27.0,0.5,2.0,0.9,1.5,0.0,2.26708e-07,0.0621736,0.955259,3.89594e-06,2.52328e-08,1
pmos,sky130_fd_pr__pfet_01v8,tt,27.0,0.5,2.0,0.9,1.5,0.1,1.46478e-07,0.0571455,0.979788,2.54061e-06,1.66699e-08,1
pmos,sky130_fd_pr__pfet_01v8,tt,27.0,0.5,2.0,0.9,1.5,0.2,9.63895e-08,0.0536376,1.00305,1.67656e-06,1.11505e-08,1
pmos,sky130_fd_pr__pfet_01v8,tt,27.0,0.5,2.0,0.9,1.5,0.3,6.45329e-08,0.0512364,1.02524,1.12433e-06,7.56757e-09,1
pmos,sky130_fd_pr__pfet_01v8,tt,27.0,0.5,2.0,1.0,0.15,0.0,9.58047e-07,0.0994297,0.960643,1.42151e-05,6.11945e-07,1
pmos,sky130_fd_pr__pfet_01v8,tt,27.0,0.5,2.0,1.0,0.15,0.1,6.55757e-07,0.0875835,0.985173,1.04635e-05,3.4926e-07,1
pmos,sky130_fd_pr__pfet_01v8,tt,27.0,0.5,2.0,1.0,0.15,0.2,4.46135e-07,0.0778857,1.00844,7.49138e-06,2.08789e-07,1
pmos,sky130_fd_pr__pfet_01v8,tt,27.0,0.5,2.0,1.0,0.15,0.3,3.03553e-07,0.0701622,1.03063,5.26411e-06,1.29806e-07,1
pmos,sky130_fd_pr__pfet_01v8,tt,27.0,0.5,2.0,1.0,0.3,0.0,1.00262e-06,0.0997543,0.960045,1.50517e-05,1.95216e-07,1
pmos,sky130_fd_pr__pfet_01v8,tt,27.0,0.5,2.0,1.0,0.3,0.1,6.84072e-07,0.087866,0.984575,1.09906e-05,1.33469e-07,1
pmos,sky130_fd_pr__pfet_01v8,tt,27.0,0.5,2.0,1.0,0.3,0.2,4.64507e-07,0.0781244,1.00784,7.83308e-06,9.10563e-08,1
pmos,sky130_fd_pr__pfet_01v8,tt,27.0,0.5,2.0,1.0,0.3,0.3,3.15677e-07,0.0703584,1.03003,5.48971e-06,6.21818e-08,1
pmos,sky130_fd_pr__pfet_01v8,tt,27.0,0.5,2.0,1.0,0.5,0.0,1.0362e-06,0.100189,0.959247,1.55368e-05,1.50534e-07,1
pmos,sky130_fd_pr__pfet_01v8,tt,27.0,0.5,2.0,1.0,0.5,0.1,7.07418e-07,0.0882446,0.983777,1.1352e-05,1.05813e-07,1
pmos,sky130_fd_pr__pfet_01v8,tt,27.0,0.5,2.0,1.0,0.5,0.2,4.8063e-07,0.0784445,1.00704,8.09685e-06,7.36997e-08,1
pmos,sky130_fd_pr__pfet_01v8,tt,27.0,0.5,2.0,1.0,0.5,0.3,3.26786e-07,0.0706218,1.02923,5.67875e-06,5.11035e-08,1
pmos,sky130_fd_pr__pfet_01v8,tt,27.0,0.5,2.0,1.0,0.8,0.0,1.07754e-06,0.100844,0.958051,1.61e-05,1.28449e-07,1
pmos,sky130_fd_pr__pfet_01v8,tt,27.0,0.5,2.0,1.0,0.8,0.1,7.36717e-07,0.0888163,0.98258,1.17864e-05,9.17019e-08,1
pmos,sky130_fd_pr__pfet_01v8,tt,27.0,0.5,2.0,1.0,0.8,0.2,5.01173e-07,0.0789287,1.00585,8.42257e-06,6.46576e-08,1
pmos,sky130_fd_pr__pfet_01v8,tt,27.0,0.5,2.0,1.0,0.8,0.3,3.41103e-07,0.0710207,1.02803,5.91699e-06,4.52553e-08,1
pmos,sky130_fd_pr__pfet_01v8,tt,27.0,0.5,2.0,1.0,1.2,0.0,1.12615e-06,0.101724,0.956455,1.67367e-05,1.16334e-07,1
pmos,sky130_fd_pr__pfet_01v8,tt,27.0,0.5,2.0,1.0,1.2,0.1,7.71644e-07,0.0895857,0.980985,1.22889e-05,8.40602e-08,1
pmos,sky130_fd_pr__pfet_01v8,tt,27.0,0.5,2.0,1.0,1.2,0.2,5.25926e-07,0.0795818,1.00425,8.80634e-06,5.9846e-08,1
pmos,sky130_fd_pr__pfet_01v8,tt,27.0,0.5,2.0,1.0,1.2,0.3,3.58497e-07,0.0715598,1.02644,6.20183e-06,4.22025e-08,1
pmos,sky130_fd_pr__pfet_01v8,tt,27.0,0.5,2.0,1.0,1.5,0.0,1.16032e-06,0.102389,0.955259,1.71722e-05,1.11886e-07,1
pmos,sky130_fd_pr__pfet_01v8,tt,27.0,0.5,2.0,1.0,1.5,0.1,7.96418e-07,0.0901682,0.979788,1.26379e-05,8.13726e-08,1
pmos,sky130_fd_pr__pfet_01v8,tt,27.0,0.5,2.0,1.0,1.5,0.2,5.43612e-07,0.0800772,1.00305,9.0763e-06,5.82404e-08,1
pmos,sky130_fd_pr__pfet_01v8,tt,27.0,0.5,2.0,1.0,1.5,0.3,3.70996e-07,0.0719696,1.02524,6.40421e-06,4.12413e-08,1
pmos,sky130_fd_pr__pfet_01v8,tt,27.0,0.5,2.0,1.2,0.15,0.0,6.80093e-06,0.243828,0.960643,3.81003e-05,2.55216e-05,0
pmos,sky130_fd_pr__pfet_01v8,tt,27.0,0.5,2.0,1.2,0.15,0.1,5.89808e-06,0.226141,0.985173,3.71983e-05,2.03083e-05,0
pmos,sky130_fd_pr__pfet_01v8,tt,27.0,0.5,2.0,1.2,0.15,0.2,5.06135e-06,0.20912,1.00844,3.6009e-05,1.56605e-05,0
pmos,sky130_fd_pr__pfet_01v8,tt,27.0,0.5,2.0,1.2,0.15,0.3,4.29006e-06,0.192778,1.03063,3.44577e-05,1.16227e-05,0
pmos,sky130_fd_pr__pfet_01v8,tt,27.0,0.5,2.0,1.2,0.3,0.0,8.50068e-06,0.244311,0.960045,6.00035e-05,3.14003e-06,1
pmos,sky130_fd_pr__pfet_01v8,tt,27.0,0.5,2.0,1.2,0.3,0.1,7.14034e-06,0.226624,0.984575,5.53611e-05,2.23843e-06,1
pmos,sky130_fd_pr__pfet_01v8,tt,27.0,0.5,2.0,1.2,0.3,0.2,5.94584e-06,0.209601,1.00784,5.05373e-05,1.63227e-06,1
pmos,sky130_fd_pr__pfet_01v8,tt,27.0,0.5,2.0,1.2,0.3,0.3,4.90411e-06,0.193255,1.03003,4.56237e-05,1.2142e-06,1
pmos,sky130_fd_pr__pfet_01v8,tt,27.0,0.5,2.0,1.2,0.5,0.0,8.84609e-06,0.244956,0.959247,6.37392e-05,1.18893e-06,1
pmos,sky130_fd_pr__pfet_01v8,tt,27.0,0.5,2.0,1.2,0.5,0.1,7.40996e-06,0.227268,0.983777,5.82348e-05,9.84554e-07,1
pmos,sky130_fd_pr__pfet_01v8,tt,27.0,0.5,2.0,1.2,0.5,0.2,6.15867e-06,0.210243,1.00704,5.28042e-05,8.1459e-07,1
pmos,sky130_fd_pr__pfet_01v8,tt,27.0,0.5,2.0,1.2,0.5,0.3,5.07326e-06,0.19389,1.02923,4.7451e-05,6.72211e-07,1
pmos,sky130_fd_pr__pfet_01v8,tt,27.0,0.5,2.0,1.2,0.8,0.0,9.13918e-06,0.245923,0.958051,6.58397e-05,8.37124e-07,1
pmos,sky130_fd_pr__pfet_01v8,tt,27.0,0.5,2.0,1.2,0.8,0.1,7.6569e-06,0.228235,0.98258,6.01062e-05,7.14404e-07,1
pmos,sky130_fd_pr__pfet_01v8,tt,27.0,0.5,2.0,1.2,0.8,0.2,6.36618e-06,0.211206,1.00585,5.44744e-05,6.0747e-07,1
pmos,sky130_fd_pr__pfet_01v8,tt,27.0,0.5,2.0,1.2,0.8,0.3,5.24694e-06,0.194844,1.02803,4.8942e-05,5.1402e-07,1
pmos,sky130_fd_pr__pfet_01v8,tt,27.0,0.5,2.0,1.2,1.2,0.0,9.43582e-06,0.247214,0.956455,6.77019e-05,6.70136e-07,1
pmos,sky130_fd_pr__pfet_01v8,tt,27.0,0.5,2.0,1.2,1.2,0.1,7.91234e-06,0.229525,0.980985,6.18207e-05,5.8157e-07,1
pmos,sky130_fd_pr__pfet_01v8,tt,27.0,0.5,2.0,1.2,1.2,0.2,6.58526e-06,0.212491,1.00425,5.60523e-05,5.02556e-07,1
pmos,sky130_fd_pr__pfet_01v8,tt,27.0,0.5,2.0,1.2,1.2,0.3,5.43386e-06,0.196118,1.02644,5.03921e-05,4.31887e-07,1
pmos,sky130_fd_pr__pfet_01v8,tt,27.0,0.5,2.0,1.2,1.5,0.0,9.62648e-06,0.248182,0.955259,6.88089e-05,6.05951e-07,1
pmos,sky130_fd_pr__pfet_01v8,tt,27.0,0.5,2.0,1.2,1.5,0.1,8.07848e-06,0.230494,0.979788,6.28568e-05,5.30106e-07,1
pmos,sky130_fd_pr__pfet_01v8,tt,27.0,0.5,2.0,1.2,1.5,0.2,6.72941e-06,0.213455,1.00305,5.70215e-05,4.61672e-07,1
pmos,sky130_fd_pr__pfet_01v8,tt,27.0,0.5,2.0,1.2,1.5,0.3,5.55823e-06,0.197075,1.02524,5.12972e-05,3.99771e-07,1
pmos,sky130_fd_pr__pfet_01v8,tt,27.0,0.5,4.0,0.5,0.15,0.0,3.85035e-11,0.0436293,0.979275,1.14017e-09,1.49734e-11,1
pmos,sky130_fd_pr__pfet_01v8,tt,27.0,0.5,4.0,0.5,0.15,0.1,1.68139e-11,0.0440986,1.00434,5.09191e-10,6.60255e-12,1
pmos,sky130_fd_pr__pfet_01v8,tt,27.0,0.5,4.0,0.5,0.15,0.2,7.54737e-12,0.0445119,1.0281,2.32586e-10,2.98722e-12,1
pmos,sky130_fd_pr__pfet_01v8,tt,27.0,0.5,4.0,0.5,0.15,0.3,3.47611e-12,0.0448811,1.05072,1.0862e-10,1.38485e-12,1
pmos,sky130_fd_pr__pfet_01v8,tt,27.0,0.5,4.0,0.5,0.3,0.0,4.02104e-11,0.0436293,0.978693,1.19036e-09,9.77127e-12,1
pmos,sky130_fd_pr__pfet_01v8,tt,27.0,0.5,4.0,0.5,0.3,0.1,1.75675e-11,0.0440986,1.00376,5.31896e-10,4.32141e-12,1
pmos,sky130_fd_pr__pfet_01v8,tt,27.0,0.5,4.0,0.5,0.3,0.2,7.88863e-12,0.044512,1.02751,2.43065e-10,1.95962e-12,1
pmos,sky130_fd_pr__pfet_01v8,tt,27.0,0.5,4.0,0.5,0.3,0.3,3.63443e-12,0.0448811,1.05014,1.13554e-10,9.10113e-13,1
pmos,sky130_fd_pr__pfet_01v8,tt,27.0,0.5,4.0,0.5,0.5,0.0,4.20263e-11,0.0436294,0.977917,1.2436e-09,8.61504e-12,1
pmos,sky130_fd_pr__pfet_01v8,tt,27.0,0.5,4.0,0.5,0.5,0.1,1.8372e-11,0.0440987,1.00299,5.56089e-10,3.82219e-12,1
pmos,sky130_fd_pr__pfet_01v8,tt,27.0,0.5,4.0,0.5,0.5,0.2,8.25394e-12,0.044512,1.02674,2.54267e-10,1.7378e-12,1
pmos,sky130_fd_pr__pfet_01v8,tt,27.0,0.5,4.0,0.5,0.5,0.3,3.80429e-12,0.0448811,1.04936,1.18843e-10,8.08902e-13,1
pmos,sky130_fd_pr__pfet_01v8,tt,27.0,0.5,4.0,0.5,0.8,0.0,4.45137e-11,0.0436295,0.976754,1.31638e-09,8.07816e-12,1
pmos,sky130_fd_pr__pfet_01v8,tt,27.0,0.5,4.0,0.5,0.8,0.1,1.94774e-11,0.0440987,1.00182,5.89282e-10,3.59532e-12,1
pmos,sky130_fd_pr__pfet_01v8,tt,27.0,0.5,4.0,0.5,0.8,0.2,8.7572e-12,0.044512,1.02558,2.69683e-10,1.63889e-12,1
pmos,sky130_fd_pr__pfet_01v8,tt,27.0,0.5,4.0,0.5,0.8,0.3,4.03882e-12,0.0448811,1.0482,1.2614e-10,7.64522e-13,1
pmos,sky130_fd_pr__pfet_01v8,tt,27.0,0.5,4.0,0.5,1.2,0.0,4.77068e-11,0.0436296,0.975203,1.40962e-09,7.94966e-12,1
pmos,sky130_fd_pr__pfet_01v8,tt,27.0,0.5,4.0,0.5,1.2,0.1,2.09008e-11,0.0440988,1.00027,6.3196e-10,3.54876e-12,1
pmos,sky130_fd_pr__pfet_01v8,tt,27.0,0.5,4.0,0.5,1.2,0.2,9.40687e-12,0.044512,1.02402,2.89562e-10,1.6216e-12,1
pmos,sky130_fd_pr__pfet_01v8,tt,27.0,0.5,4.0,0.5,1.2,0.3,4.3422e-12,0.0448811,1.04665,1.35573e-10,7.57992e-13,1
pmos,sky130_fd_pr__pfet_01v8,tt,27.0,0.5,4.0,0.5,1.5,0.0,5.01007e-11,0.0436297,0.974039,1.47939e-09,8.02529e-12,1
pmos,sky130_fd_pr__pfet_01v8,tt,27.0,0.5,4.0,0.5,1.5,0.1,2.19704e-11,0.0440988,0.999109,6.63991e-10,3.58909e-12,1
pmos,sky130_fd_pr__pfet_01v8,tt,27.0,0.5,4.0,0.5,1.5,0.2,9.896e-12,0.044512,1.02286,3.04517e-10,1.64246e-12,1
pmos,sky130_fd_pr__pfet_01v8,tt,27.0,0.5,4.0,0.5,1.5,0.3,4.57098e-12,0.0448811,1.04549,1.42681e-10,7.68679e-13,1
pmos,sky130_fd_pr__pfet_01v8,tt,27.0,0.5,4.0,0.6,0.15,0.0,6.59701e-10,0.043669,0.979275,1.7617e-08,2.4917e-10,1
pmos,sky130_fd_pr__pfet_01v8,tt,27.0,0.5,4.0,0.6,0.15,0.1,3.16767e-10,0.0441178,1.00434,8.86526e-09,1.21581e-10,1
pmos,sky130_fd_pr__pfet_01v8,tt,27.0,0.5,4.0,0.6,0.15,0.2,1.53395e-10,0.0445213,1.0281,4.4551e-09,5.96613e-11,1
pmos,sky130_fd_pr__pfet_01v8,tt,27.0,0.5,4.0,0.6,0.15,0.3,7.50669e-11,0.0448856,1.05072,2.2444e-09,2.9514e-11,1
pmos,sky130_fd_pr__pfet_01v8,tt,27.0,0.5,4.0,0.6,0.3,0.0,6.8778e-10,0.0436697,0.978693,1.83489e-08,1.59329e-10,1
pmos,sky130_fd_pr__pfet_01v8,tt,27.0,0.5,4.0,0.6,0.3,0.1,3.30522e-10,0.0441181,1.00376,9.24287e-09,7.83393e-11,1
pmos,sky130_fd_pr__pfet_01v8,tt,27.0,0.5,4.0,0.6,0.3,0.2,1.60165e-10,0.0445214,1.02751,4.64884e-09,3.86766e-11,1
pmos,sky130_fd_pr__pfet_01v8,tt,27.0,0.5,4.0,0.6,0.3,0.3,7.8424e-11,0.0448857,1.05014,2.34365e-09,1.92249e-11,1
pmos,sky130_fd_pr__pfet_01v8,tt,27.0,0.5,4.0,0.6,0.5,0.0,7.17205e-10,0.0436706,0.977917,1.91086e-08,1.38813e-10,1
pmos,sky130_fd_pr__pfet_01v8,tt,27.0,0.5,4.0,0.6,0.5,0.1,3.45035e-10,0.0441186,1.00299,9.63841e-09,6.86577e-11,1
pmos,sky130_fd_pr__pfet_01v8,tt,27.0,0.5,4.0,0.6,0.5,0.2,1.67348e-10,0.0445217,1.02674,4.85327e-09,3.40623e-11,1
pmos,sky130_fd_pr__pfet_01v8,tt,27.0,0.5,4.0,0.6,0.5,0.3,8.20022e-11,0.0448858,1.04936,2.44901e-09,1.69989e-11,1
pmos,sky130_fd_pr__pfet_01v8,tt,27.0,0.5,4.0,0.6,0.8,0.0,7.57034e-10,0.043672,0.976754,2.01294e-08,1.28615e-10,1
pmos,sky130_fd_pr__pfet_01v8,tt,27.0,0.5,4.0,0.6,0.8,0.1,3.64795e-10,0.0441193,1.00182,1.01739e-08,6.39884e-11,1
pmos,sky130_fd_pr__pfet_01v8,tt,27.0,0.5,4.0,0.6,0.8,0.2,1.77177e-10,0.044522,1.02558,5.13178e-09,3.18991e-11,1
pmos,sky130_fd_pr__pfet_01v8,tt,27.0,0.5,4.0,0.6,0.8,0.3,8.69173e-11,0.044886,1.0482,2.59326e-09,1.59821e-11,1
pmos,sky130_fd_pr__pfet_01v8,tt,27.0,0.5,4.0,0.6,1.2,0.0,8.07559e-10,0.0436739,0.975203,2.14149e-08,1.25067e-10,1
pmos,sky130_fd_pr__pfet_01v8,tt,27.0,0.5,4.0,0.6,1.2,0.1,3.90006e-10,0.0441203,1.00027,1.08533e-08,6.25744e-11,1
pmos,sky130_fd_pr__pfet_01v8,tt,27.0,0.5,4.0,0.6,1.2,0.2,1.89775e-10,0.0445225,1.02402,5.48723e-09,3.1339e-11,1
pmos,sky130_fd_pr__pfet_01v8,tt,27.0,0.5,4.0,0.6,1.2,0.3,9.32418e-11,0.0448862,1.04665,2.77827e-09,1.57609e-11,1
pmos,sky130_fd_pr__pfet_01v8,tt,27.0,0.5,4.0,0.6,1.5,0.0,8.45075e-10,0.0436754,0.974039,2.23638e-08,1.25308e-10,1
pmos,sky130_fd_pr__pfet_01v8,tt,27.0,0.5,4.0,0.6,1.5,0.1,4.0881e-10,0.044121,0.999109,1.13576e-08,6.29112e-11,1
pmos,sky130_fd_pr__pfet_01v8,tt,27.0,0.5,4.0,0.6,1.5,0.2,1.99206e-10,0.0445229,1.02286,5.75236e-09,3.15976e-11,1
pmos,sky130_fd_pr__pfet_01v8,tt,27.0,0.5,4.0,0.6,1.5,0.3,9.79905e-11,0.0448864,1.04549,2.9168e-09,1.59279e-11,1
pmos,sky130_fd_pr__pfet_01v8,tt,27.0,0.5,4.0,0.7,0.15,0.0,7.32453e-09,0.0440912,0.979275,1.55955e-07,2.61996e-09,1
pmos,sky130_fd_pr__pfet_01v8,tt,27.0,0.5,4.0,0.7,0.15,0.1,4.0815e-09,0.0443573,1.00434,9.29354e-08,1.48628e-09,1
pmos,sky130_fd_pr__pfet_01v8,tt,27.0,0.5,4.0,0.7,0.15,0.2,2.26305e-09,0.0446558,1.0281,5.49272e-08,8.39025e-10,1
pmos,sky130_fd_pr__pfet_01v8,tt,27.0,0.5,4.0,0.7,0.15,0.3,1.24707e-09,0.0449605,1.05072,3.20726e-08,4.70313e-10,1
pmos,sky130_fd_pr__pfet_01v8,tt,27.0,0.5,4.0,0.7,0.3,0.0,7.6125e-09,0.0440969,0.978693,1.61857e-07,1.60321e-09,1
pmos,sky130_fd_pr__pfet_01v8,tt,27.0,0.5,4.0,0.7,0.3,0.1,4.24587e-09,0.0443607,1.00376,9.65359e-08,9.2013e-10,1
pmos,sky130_fd_pr__pfet_01v8,tt,27.0,0.5,4.0,0.7,0.3,0.2,2.35639e-09,0.0446579,1.02751,5.7111e-08,5.25217e-10,1
pmos,sky130_fd_pr__pfet_01v8,tt,27.0,0.5,4.0,0.7,0.3,0.3,1.29968e-09,0.0449617,1.05014,3.33818e-08,2.9742e-10,1
pmos,sky130_fd_pr__pfet_01v8,tt,27.0,0.5,4.0,0.7,0.5,0.0,7.90471e-09,0.0441047,0.977917,1.67743e-07,1.36265e-09,1
pmos,sky130_fd_pr__pfet_01v8,tt,27.0,0.5,4.0,0.7,0.5,0.1,4.41429e-09,0.0443654,1.00299,1.00164e-07,7.88276e-10,1
pmos,sky130_fd_pr__pfet_01v8,tt,27.0,0.5,4.0,0.7,0.5,0.2,2.45291e-09,0.0446607,1.02674,5.93355e-08,4.53389e-10,1
pmos,sky130_fd_pr__pfet_01v8,tt,27.0,0.5,4.0,0.7,0.5,0.3,1.35454e-09,0.0449634,1.04936,3.47294e-08,2.58558e-10,1
pmos,sky130_fd_pr__pfet_01v8,tt,27.0,0.5,4.0,0.7,0.8,0.0,8.2908e-09,0.0441165,0.976754,1.75419e-07,1.23256e-09,1
pmos,sky130_fd_pr__pfet_01v8,tt,27.0,0.5,4.0,0.7,0.8,0.1,4.63853e-09,0.0443725,1.00182,1.04935e-07,7.18455e-10,1
pmos,sky130_fd_pr__pfet_01v8,tt,27.0,0.5,4.0,0.7,0.8,0.2,2.58238e-09,0.0446649,1.02558,6.22858e-08,4.16275e-10,1
pmos,sky130_fd_pr__pfet_01v8,tt,27.0,0.5,4.0,0.7,0.8,0.3,1.42864e-09,0.0449658,1.0482,3.65317e-08,2.39019e-10,1
pmos,sky130_fd_pr__pfet_01v8,tt,27.0,0.5,4.0,0.7,1.2,0.0,8.76926e-09,0.0441326,0.975203,1.84817e-07,1.17146e-09,1
pmos,sky130_fd_pr__pfet_01v8,tt,27.0,0.5,4.0,0.7,1.2,0.1,4.91843e-09,0.0443823,1.00027,1.1082e-07,6.87595e-10,1
pmos,sky130_fd_pr__pfet_01v8,tt,27.0,0.5,4.0,0.7,1.2,0.2,2.74514e-09,0.0446707,1.02402,6.59534e-08,4.01116e-10,1
pmos,sky130_fd_pr__pfet_01v8,tt,27.0,0.5,4.0,0.7,1.2,0.3,1.52241e-09,0.0449693,1.04665,3.879e-08,2.31795e-10,1
pmos,sky130_fd_pr__pfet_01v8,tt,27.0,0.5,4.0,0.7,1.5,0.0,9.11819e-09,0.044145,0.974039,1.91609e-07,1.15768e-09,1
pmos,sky130_fd_pr__pfet_01v8,tt,27.0,0.5,4.0,0.7,1.5,0.1,5.12367e-09,0.0443898,0.999109,1.15095e-07,6.82246e-10,1
pmos,sky130_fd_pr__pfet_01v8,tt,27.0,0.5,4.0,0.7,1.5,0.2,2.86511e-09,0.0446752,1.02286,6.86335e-08,3.99596e-10,1
pmos,sky130_fd_pr__pfet_01v8,tt,27.0,0.5,4.0,0.7,1.5,0.3,1.59187e-09,0.0449719,1.04549,4.04501e-08,2.31804e-10,1
pmos,sky130_fd_pr__pfet_01v8,tt,27.0,0.5,4.0,0.8,0.15,0.0,4.99304e-08,0.0466224,0.979275,8.85209e-07,1.74801e-08,1
pmos,sky130_fd_pr__pfet_01v8,tt,27.0,0.5,4.0,0.8,0.15,0.1,3.09459e-08,0.0459976,1.00434,5.66979e-07,1.08579e-08,1
pmos,sky130_fd_pr__pfet_01v8,tt,27.0,0.5,4.0,0.8,0.15,0.2,1.93505e-08,0.0457177,1.0281,3.69426e-07,6.83482e-09,1
pmos,sky130_fd_pr__pfet_01v8,tt,27.0,0.5,4.0,0.8,0.15,0.3,1.21352e-08,0.045645,1.05072,2.43087e-07,4.32883e-09,1
pmos,sky130_fd_pr__pfet_01v8,tt,27.0,0.5,4.0,0.8,0.3,0.0,5.17967e-08,0.0466516,0.978693,9.1802e-07,1.01861e-08,1
pmos,sky130_fd_pr__pfet_01v8,tt,27.0,0.5,4.0,0.8,0.3,0.1,3.21132e-08,0.0460172,1.00376,5.87976e-07,6.40232e-09,1
pmos,sky130_fd_pr__pfet_01v8,tt,27.0,0.5,4.0,0.8,0.3,0.2,2.00896e-08,0.0457308,1.02751,3.83164e-07,4.07284e-09,1
pmos,sky130_fd_pr__pfet_01v8,tt,27.0,0.5,4.0,0.8,0.3,0.3,1.2606e-08,0.0456538,1.05014,2.52206e-07,2.60602e-09,1
pmos,sky130_fd_pr__pfet_01v8,tt,27.0,0.5,4.0,0.8,0.5,0.0,5.36322e-08,0.0466909,0.977917,9.49776e-07,8.47581e-09,1
pmos,sky130_fd_pr__pfet_01v8,tt,27.0,0.5,4.0,0.8,0.5,0.1,3.32702e-08,0.0460435,1.00299,6.08465e-07,5.35646e-09,1
pmos,sky130_fd_pr__pfet_01v8,tt,27.0,0.5,4.0,0.8,0.5,0.2,2.08279e-08,0.0457485,1.02674,3.96665e-07,3.42709e-09,1
pmos,sky130_fd_pr__pfet_01v8,tt,27.0,0.5,4.0,0.8,0.5,0.3,1.30799e-08,0.0456656,1.04936,2.61233e-07,2.20626e-09,1
pmos,sky130_fd_pr__pfet_01v8,tt,27.0,0.5,4.0,0.8,0.8,0.0,5.60098e-08,0.0467507,0.976754,9.90591e-07,7.5223e-09,1
pmos,sky130_fd_pr__pfet_01v8,tt,27.0,0.5,4.0,0.8,0.8,0.1,3.47765e-08,0.0460836,1.00182,6.34897e-07,4.77639e-09,1
pmos,sky130_fd_pr__pfet_01v8,tt,27.0,0.5,4.0,0.8,0.8,0.2,2.17943e-08,0.0457754,1.02558,4.14151e-07,3.07175e-09,1
pmos,sky130_fd_pr__pfet_01v8,tt,27.0,0.5,4.0,0.8,0.8,0.3,1.37039e-08,0.0456837,1.0482,2.72977e-07,1.98863e-09,1
pmos,sky130_fd_pr__pfet_01v8,tt,27.0,0.5,4.0,0.8,1.2,0.0,5.8904e-08,0.0468321,0.975203,1.03996e-06,7.03032e-09,1
pmos,sky130_fd_pr__pfet_01v8,tt,27.0,0.5,4.0,0.8,1.2,0.1,3.66182e-08,0.0461382,1.00027,6.66959e-07,4.4819e-09,1
pmos,sky130_fd_pr__pfet_01v8,tt,27.0,0.5,4.0,0.8,1.2,0.2,2.29815e-08,0.0458121,1.02402,4.35429e-07,2.89519e-09,1
pmos,sky130_fd_pr__pfet_01v8,tt,27.0,0.5,4.0,0.8,1.2,0.3,1.44744e-08,0.0457085,1.04665,2.87325e-07,1.88356e-09,1
pmos,sky130_fd_pr__pfet_01v8,tt,27.0,0.5,4.0,0.8,1.5,0.0,6.09879e-08,0.0468943,0.974039,1.07535e-06,6.88258e-09,1
pmos,sky130_fd_pr__pfet_01v8,tt,27.0,0.5,4.0,0.8,1.5,0.1,3.79482e-08,0.0461801,0.999109,6.89986e-07,4.39725e-09,1
pmos,sky130_fd_pr__pfet_01v8,tt,27.0,0.5,4.0,0.8,1.5,0.2,2.38417e-08,0.0458403,1.02286,4.50743e-07,2.84745e-09,1
pmos,sky130_fd_pr__pfet_01v8,tt,27.0,0.5,4.0,0.8,1.5,0.3,1.50349e-08,0.0457274,1.04549,2.97677e-07,1.85758e-09,1
pmos,sky130_fd_pr__pfet_01v8,tt,27.0,0.5,4.0,0.9,0.15,0.0,2.82998e-07,0.0574437,0.979275,4.87751e-06,1.0783e-07,1
pmos,sky130_fd_pr__pfet_01v8,tt,27.0,0.5,4.0,0.9,0.15,0.1,1.80217e-07,0.0536097,1.00434,3.12851e-06,6.64253e-08,1
pmos,sky130_fd_pr__pfet_01v8,tt,27.0,0.5,4.0,0.9,0.15,0.2,1.17024e-07,0.0510526,1.0281,2.04409e-06,4.22681e-08,1
pmos,sky130_fd_pr__pfet_01v8,tt,27.0,0.5,4.0,0.9,0.15,0.3,7.72399e-08,0.0493809,1.05072,1.36195e-06,2.758e-08,1
pmos,sky130_fd_pr__pfet_01v8,tt,27.0,0.5,4.0,0.9,0.3,0.0,2.9384e-07,0.0575561,0.978693,5.07167e-06,5.73237e-08,1
pmos,sky130_fd_pr__pfet_01v8,tt,27.0,0.5,4.0,0.9,0.3,0.1,1.8705e-07,0.0536918,1.00376,3.25017e-06,3.658e-08,1
pmos,sky130_fd_pr__pfet_01v8,tt,27.0,0.5,4.0,0.9,0.3,0.2,1.21437e-07,0.0511119,1.02751,2.1223e-06,2.38285e-08,1
pmos,sky130_fd_pr__pfet_01v8,tt,27.0,0.5,4.0,0.9,0.3,0.3,8.01496e-08,0.0494234,1.05014,1.4135e-06,1.58054e-08,1
pmos,sky130_fd_pr__pfet_01v8,tt,27.0,0.5,4.0,0.9,0.5,0.0,3.04068e-07,0.0577072,0.977917,5.24736e-06,4.68926e-08,1
pmos,sky130_fd_pr__pfet_01v8,tt,27.0,0.5,4.0,0.9,0.5,0.1,1.93604e-07,0.0538022,1.00299,3.36358e-06,3.01429e-08,1
pmos,sky130_fd_pr__pfet_01v8,tt,27.0,0.5,4.0,0.9,0.5,0.2,1.2572e-07,0.0511916,1.02674,2.19663e-06,1.9743e-08,1
pmos,sky130_fd_pr__pfet_01v8,tt,27.0,0.5,4.0,0.9,0.5,0.3,8.29976e-08,0.0494807,1.04936,1.46311e-06,1.31554e-08,1
pmos,sky130_fd_pr__pfet_01v8,tt,27.0,0.5,4.0,0.9,0.8,0.0,3.17145e-07,0.0579363,0.976754,5.4695e-06,4.11719e-08,1
pmos,sky130_fd_pr__pfet_01v8,tt,27.0,0.5,4.0,0.9,0.8,0.1,2.02032e-07,0.0539698,1.00182,3.50828e-06,2.65947e-08,1
pmos,sky130_fd_pr__pfet_01v8,tt,27.0,0.5,4.0,0.9,0.8,0.2,1.31252e-07,0.0513129,1.02558,2.29203e-06,1.74852e-08,1
pmos,sky130_fd_pr__pfet_01v8,tt,27.0,0.5,4.0,0.9,0.8,0.3,8.66901e-08,0.0495678,1.0482,1.52707e-06,1.16903e-08,1
pmos,sky130_fd_pr__pfet_01v8,tt,27.0,0.5,4.0,0.9,1.2,0.0,3.32916e-07,0.0582468,0.975203,5.73538e-06,3.81633e-08,1
pmos,sky130_fd_pr__pfet_01v8,tt,27.0,0.5,4.0,0.9,1.2,0.1,2.1224e-07,0.0541973,1.00027,3.68264e-06,2.47461e-08,1
pmos,sky130_fd_pr__pfet_01v8,tt,27.0,0.5,4.0,0.9,1.2,0.2,1.37974e-07,0.0514776,1.02402,2.40747e-06,1.63184e-08,1
pmos,sky130_fd_pr__pfet_01v8,tt,27.0,0.5,4.0,0.9,1.2,0.3,9.1191e-08,0.0496863,1.04665,1.60467e-06,1.09393e-08,1
pmos,sky130_fd_pr__pfet_01v8,tt,27.0,0.5,4.0,0.9,1.5,0.0,3.44203e-07,0.0584834,0.974039,5.92469e-06,3.71995e-08,1
pmos,sky130_fd_pr__pfet_01v8,tt,27.0,0.5,4.0,0.9,1.5,0.1,2.19567e-07,0.054371,0.999109,3.80736e-06,2.41714e-08,1
pmos,sky130_fd_pr__pfet_01v8,tt,27.0,0.5,4.0,0.9,1.5,0.2,1.42809e-07,0.0516034,1.02286,2.49028e-06,1.59649e-08,1
pmos,sky130_fd_pr__pfet_01v8,tt,27.0,0.5,4.0,0.9,1.5,0.3,9.44348e-08,0.049777,1.04549,1.66045e-06,1.07174e-08,1
pmos,sky130_fd_pr__pfet_01v8,tt,27.0,0.5,4.0,1.0,0.15,0.0,1.50243e-06,0.0906203,0.979275,2.32935e-05,8.49561e-07,1
pmos,sky130_fd_pr__pfet_01v8,tt,27.0,0.5,4.0,1.0,0.15,0.1,1.00165e-06,0.0798613,1.00434,1.64873e-05,4.88297e-07,1
pmos,sky130_fd_pr__pfet_01v8,tt,27.0,0.5,4.0,1.0,0.15,0.2,6.67344e-07,0.0713529,1.0281,1.14145e-05,2.93697e-07,1
pmos,sky130_fd_pr__pfet_01v8,tt,27.0,0.5,4.0,1.0,0.15,0.3,4.47014e-07,0.0648091,1.05072,7.81266e-06,1.83411e-07,1
pmos,sky130_fd_pr__pfet_01v8,tt,27.0,0.5,4.0,1.0,0.3,0.0,1.56954e-06,0.0909036,0.978693,2.45366e-05,3.08539e-07,1
pmos,sky130_fd_pr__pfet_01v8,tt,27.0,0.5,4.0,1.0,0.3,0.1,1.04386e-06,0.0801005,1.00376,1.72683e-05,2.05391e-07,1
pmos,sky130_fd_pr__pfet_01v8,tt,27.0,0.5,4.0,1.0,0.3,0.2,6.94432e-07,0.0715487,1.02751,1.19163e-05,1.36934e-07,1
pmos,sky130_fd_pr__pfet_01v8,tt,27.0,0.5,4.0,1.0,0.3,0.3,4.64718e-07,0.0649653,1.05014,8.14015e-06,9.181e-08,1
pmos,sky130_fd_pr__pfet_01v8,tt,27.0,0.5,4.0,1.0,0.5,0.0,1.62274e-06,0.0912828,0.977917,2.53452e-05,2.38254e-07,1
pmos,sky130_fd_pr__pfet_01v8,tt,27.0,0.5,4.0,1.0,0.5,0.1,1.07977e-06,0.080421,1.00299,1.78483e-05,1.62427e-07,1
pmos,sky130_fd_pr__pfet_01v8,tt,27.0,0.5,4.0,1.0,0.5,0.2,7.18621e-07,0.0718115,1.02674,1.23245e-05,1.10183e-07,1
pmos,sky130_fd_pr__pfet_01v8,tt,27.0,0.5,4.0,1.0,0.5,0.3,4.81054e-07,0.065175,1.04936,8.42342e-06,7.47991e-08,1
pmos,sky130_fd_pr__pfet_01v8,tt,27.0,0.5,4.0,1.0,0.8,0.0,1.68801e-06,0.0918552,0.976754,2.62908e-05,2.02439e-07,1
pmos,sky130_fd_pr__pfet_01v8,tt,27.0,0.5,4.0,1.0,0.8,0.1,1.12461e-06,0.0809056,1.00182,1.8548e-05,1.39967e-07,1
pmos,sky130_fd_pr__pfet_01v8,tt,27.0,0.5,4.0,1.0,0.8,0.2,7.49211e-07,0.0722092,1.02558,1.28282e-05,9.59601e-08,1
pmos,sky130_fd_pr__pfet_01v8,tt,27.0,0.5,4.0,1.0,0.8,0.3,5.01908e-07,0.065493,1.0482,8.77901e-06,6.56538e-08,1
pmos,sky130_fd_pr__pfet_01v8,tt,27.0,0.5,4.0,1.0,1.2,0.0,1.76452e-06,0.0926249,0.975203,2.7363e-05,1.82948e-07,1
pmos,sky130_fd_pr__pfet_01v8,tt,27.0,0.5,4.0,1.0,1.2,0.1,1.17782e-06,0.0815585,1.00027,1.93583e-05,1.27884e-07,1
pmos,sky130_fd_pr__pfet_01v8,tt,27.0,0.5,4.0,1.0,1.2,0.2,7.85852e-07,0.0727463,1.02402,1.34214e-05,8.84126e-08,1
pmos,sky130_fd_pr__pfet_01v8,tt,27.0,0.5,4.0,1.0,1.2,0.3,5.27059e-07,0.0659231,1.04665,9.20287e-06,6.08644e-08,1
pmos,sky130_fd_pr__pfet_01v8,tt,27.0,0.5,4.0,1.0,1.5,0.0,1.81825e-06,0.093207,0.974039,2.8099e-05,1.75875e-07,1
pmos,sky130_fd_pr__pfet_01v8,tt,27.0,0.5,4.0,1.0,1.5,0.1,1.21549e-06,0.0820533,0.999109,1.99225e-05,1.23669e-07,1
pmos,sky130_fd_pr__pfet_01v8,tt,27.0,0.5,4.0,1.0,1.5,0.2,8.11956e-07,0.0731542,1.02286,1.3839e-05,8.58907e-08,1
pmos,sky130_fd_pr__pfet_01v8,tt,27.0,0.5,4.0,1.0,1.5,0.3,5.4506e-07,0.0662505,1.04549,9.50379e-06,5.93294e-08,1
pmos,sky130_fd_pr__pfet_01v8,tt,27.0,0.5,4.0,1.2,0.15,0.0,1.25163e-05,0.229223,0.979275,7.6511e-05,4.3925e-05,0
pmos,sky130_fd_pr__pfet_01v8,tt,27.0,0.5,4.0,1.2,0.15,0.1,1.06626e-05,0.211232,1.00434,7.40061e-05,3.3584e-05,0
pmos,sky130_fd_pr__pfet_01v8,tt,27.0,0.5,4.0,1.2,0.15,0.2,8.96564e-06,0.194006,1.0281,7.07117e-05,2.46552e-05,0
pmos,sky130_fd_pr__pfet_01v8,tt,27.0,0.5,4.0,1.2,0.15,0.3,7.4269e-06,0.177576,1.05072,6.64599e-05,1.72614e-05,0
pmos,sky130_fd_pr__pfet_01v8,tt,27.0,0.5,4.0,1.2,0.3,0.0,1.52624e-05,0.229687,0.978693,0.000115191,5.06638e-06,1
pmos,sky130_fd_pr__pfet_01v8,tt,27.0,0.5,4.0,1.2,0.3,0.1,1.25928e-05,0.211695,1.00376,0.000104805,3.62136e-06,1
pmos,sky130_fd_pr__pfet_01v8,tt,27.0,0.5,4.0,1.2,0.3,0.2,1.02857e-05,0.194465,1.02751,9.42027e-05,2.64492e-06,1
pmos,sky130_fd_pr__pfet_01v8,tt,27.0,0.5,4.0,1.2,0.3,0.3,8.30899e-06,0.178027,1.05014,8.35657e-05,1.96378e-06,1
pmos,sky130_fd_pr__pfet_01v8,tt,27.0,0.5,4.0,1.2,0.5,0.0,1.58635e-05,0.230307,0.977917,0.000121597,2.15481e-06,1
pmos,sky130_fd_pr__pfet_01v8,tt,27.0,0.5,4.0,1.2,0.5,0.1,1.30591e-05,0.212312,1.00299,0.00010978,1.75739e-06,1
pmos,sky130_fd_pr__pfet_01v8,tt,27.0,0.5,4.0,1.2,0.5,0.2,1.06504e-05,0.195077,1.02674,9.8157e-05,1.42989e-06,1
pmos,sky130_fd_pr__pfet_01v8,tt,27.0,0.5,4.0,1.2,0.5,0.3,8.59515e-06,0.17863,1.04936,8.67636e-05,1.15855e-06,1
pmos,sky130_fd_pr__pfet_01v8,tt,27.0,0.5,4.0,1.2,0.8,0.0,1.6396e-05,0.231236,0.976754,0.000125626,1.52056e-06,1
pmos,sky130_fd_pr__pfet_01v8,tt,27.0,0.5,4.0,1.2,0.8,0.1,1.35008e-05,0.213239,1.00182,0.00011334,1.27795e-06,1
pmos,sky130_fd_pr__pfet_01v8,tt,27.0,0.5,4.0,1.2,0.8,0.2,1.10153e-05,0.195996,1.02558,0.000101303,1.06872e-06,1
pmos,sky130_fd_pr__pfet_01v8,tt,27.0,0.5,4.0,1.2,0.8,0.3,8.89501e-06,0.179536,1.0482,8.95395e-05,8.87983e-07,1
pmos,sky130_fd_pr__pfet_01v8,tt,27.0,0.5,4.0,1.2,1.2,0.0,1.69344e-05,0.232475,0.975203,0.000129218,1.21533e-06,1
pmos,sky130_fd_pr__pfet_01v8,tt,27.0,0.5,4.0,1.2,1.2,0.1,1.39575e-05,0.214475,1.00027,0.000116621,1.03964e-06,1
pmos,sky130_fd_pr__pfet_01v8,tt,27.0,0.5,4.0,1.2,1.2,0.2,1.14007e-05,0.197223,1.02402,0.000104295,8.84276e-07,1
pmos,sky130_fd_pr__pfet_01v8,tt,27.0,0.5,4.0,1.2,1.2,0.3,9.21802e-06,0.180745,1.04665,9.22607e-05,7.46728e-07,1
pmos,sky130_fd_pr__pfet_01v8,tt,27.0,0.5,4.0,1.2,1.5,0.0,1.72801e-05,0.233406,0.974039,0.000131355,1.0986e-06,1
pmos,sky130_fd_pr__pfet_01v8,tt,27.0,0.5,4.0,1.2,1.5,0.1,1.42546e-05,0.215403,0.999109,0.000118608,9.47808e-07,1
pmos,sky130_fd_pr__pfet_01v8,tt,27.0,0.5,4.0,1.2,1.5,0.2,1.16545e-05,0.198144,1.02286,0.00010614,8.12836e-07,1
pmos,sky130_fd_pr__pfet_01v8,tt,27.0,0.5,4.0,1.2,1.5,0.3,9.43316e-06,0.181653,1.04549,9.39671e-05,6.91887e-07,1
pmos,sky130_fd_pr__pfet_01v8,tt,27.0,0.5,8.0,0.5,0.15,0.0,4.41749e-11,0.043759,0.993395,1.31222e-09,1.68063e-11,1
pmos,sky130_fd_pr__pfet_01v8,tt,27.0,0.5,8.0,0.5,0.15,0.1,1.89052e-11,0.0442086,1.01872,5.72341e-10,7.24948e-12,1
pmos,sky130_fd_pr__pfet_01v8,tt,27.0,0.5,8.0,0.5,0.15,0.2,8.34416e-12,0.0446024,1.0427,2.56451e-10,3.22048e-12,1
pmos,sky130_fd_pr__pfet_01v8,tt,27.0,0.5,8.0,0.5,0.15,0.3,3.78795e-12,0.0449523,1.06555,1.17857e-10,1.4699e-12,1
pmos,sky130_fd_pr__pfet_01v8,tt,27.0,0.5,8.0,0.5,0.3,0.0,4.6055e-11,0.043759,0.992891,1.36783e-09,1.05823e-11,1
pmos,sky130_fd_pr__pfet_01v8,tt,27.0,0.5,8.0,0.5,0.3,0.1,1.97168e-11,0.0442086,1.01821,5.96841e-10,4.57458e-12,1
pmos,sky130_fd_pr__pfet_01v8,tt,27.0,0.5,8.0,0.5,0.3,0.2,8.7049e-12,0.0446024,1.0422,2.67516e-10,2.03573e-12,1
pmos,sky130_fd_pr__pfet_01v8,tt,27.0,0.5,8.0,0.5,0.3,0.3,3.95268e-12,0.0449523,1.06505,1.22975e-10,9.30502e-13,1
pmos,sky130_fd_pr__pfet_01v8,tt,27.0,0.5,8.0,0.5,0.5,0.0,4.79963e-11,0.043759,0.992217,1.42517e-09,9.10797e-12,1
pmos,sky130_fd_pr__pfet_01v8,tt,27.0,0.5,8.0,0.5,0.5,0.1,2.05572e-11,0.0442086,1.01754,6.22184e-10,3.9483e-12,1
pmos,sky130_fd_pr__pfet_01v8,tt,27.0,0.5,8.0,0.5,0.5,0.2,9.07938e-12,0.0446024,1.04152,2.78993e-10,1.76122e-12,1
pmos,sky130_fd_pr__pfet_01v8,tt,27.0,0.5,8.0,0.5,0.5,0.3,4.12404e-12,0.0449523,1.06437,1.28296e-10,8.06712e-13,1
pmos,sky130_fd_pr__pfet_01v8,tt,27.0,0.5,8.0,0.5,0.8,0.0,5.05967e-11,0.0437591,0.991207,1.50188e-09,8.36385e-12,1
pmos,sky130_fd_pr__pfet_01v8,tt,27.0,0.5,8.0,0.5,0.8,0.1,2.16861e-11,0.0442086,1.01653,6.56194e-10,3.63575e-12,1
pmos,sky130_fd_pr__pfet_01v8,tt,27.0,0.5,8.0,0.5,0.8,0.2,9.58357e-12,0.0446024,1.04051,2.94436e-10,1.62557e-12,1
pmos,sky130_fd_pr__pfet_01v8,tt,27.0,0.5,8.0,0.5,0.8,0.3,4.35523e-12,0.0449523,1.06336,1.35472e-10,7.46073e-13,1
pmos,sky130_fd_pr__pfet_01v8,tt,27.0,0.5,8.0,0.5,1.2,0.0,5.38719e-11,0.0437592,0.989861,1.59836e-09,8.08676e-12,1
pmos,sky130_fd_pr__pfet_01v8,tt,27.0,0.5,8.0,0.5,1.2,0.1,2.31118e-11,0.0442086,1.01518,6.99104e-10,3.52425e-12,1
pmos,sky130_fd_pr__pfet_01v8,tt,27.0,0.5,8.0,0.5,1.2,0.2,1.02217e-11,0.0446024,1.03917,3.13968e-10,1.57905e-12,1
pmos,sky130_fd_pr__pfet_01v8,tt,27.0,0.5,8.0,0.5,1.2,0.3,4.64837e-12,0.0449523,1.06202,1.44567e-10,7.26032e-13,1
pmos,sky130_fd_pr__pfet_01v8,tt,27.0,0.5,8.0,0.5,1.5,0.0,5.62946e-11,0.0437592,0.988851,1.66965e-09,8.08308e-12,1
pmos,sky130_fd_pr__pfet_01v8,tt,27.0,0.5,8.0,0.5,1.5,0.1,2.41684e-11,0.0442087,1.01417,7.30884e-10,3.52797e-12,1
pmos,sky130_fd_pr__pfet_01v8,tt,27.0,0.5,8.0,0.5,1.5,0.2,1.06954e-11,0.0446024,1.03816,3.28461e-10,1.58268e-12,1
pmos,sky130_fd_pr__pfet_01v8,tt,27.0,0.5,8.0,0.5,1.5,0.3,4.86631e-12,0.0449523,1.06101,1.51326e-10,7.28469e-13,1
pmos,sky130_fd_pr__pfet_01v8,tt,27.0,0.5,8.0,0.6,0.15,0.0,7.95861e-10,0.0437821,0.993395,2.20703e-08,2.97541e-10,1
pmos,sky130_fd_pr__pfet_01v8,tt,27.0,0.5,8.0,0.6,0.15,0.1,3.67935e-10,0.0442193,1.01872,1.05877e-08,1.39244e-10,1
pmos,sky130_fd_pr__pfet_01v8,tt,27.0,0.5,8.0,0.6,0.15,0.2,1.72693e-10,0.0446075,1.0427,5.11389e-09,6.6002e-11,1
pmos,sky130_fd_pr__pfet_01v8,tt,27.0,0.5,8.0,0.6,0.15,0.3,8.23755e-11,0.0449548,1.06555,2.4944e-09,3.17351e-11,1
pmos,sky130_fd_pr__pfet_01v8,tt,27.0,0.5,8.0,0.6,0.3,0.0,8.28904e-10,0.0437825,0.992891,2.29728e-08,1.8492e-10,1
pmos,sky130_fd_pr__pfet_01v8,tt,27.0,0.5,8.0,0.6,0.3,0.1,3.8344e-10,0.0442195,1.01821,1.10287e-08,8.70168e-11,1
pmos,sky130_fd_pr__pfet_01v8,tt,27.0,0.5,8.0,0.6,0.3,0.2,1.80057e-10,0.0446075,1.0422,5.33009e-09,4.14234e-11,1
pmos,sky130_fd_pr__pfet_01v8,tt,27.0,0.5,8.0,0.6,0.3,0.3,8.59216e-11,0.0449548,1.06505,2.6011e-09,1.99842e-11,1
pmos,sky130_fd_pr__pfet_01v8,tt,27.0,0.5,8.0,0.6,0.5,0.0,8.62686e-10,0.0437829,0.992217,2.38897e-08,1.5789e-10,1
pmos,sky130_fd_pr__pfet_01v8,tt,27.0,0.5,8.0,0.6,0.5,0.1,3.99377e-10,0.0442197,1.01754,1.148e-08,7.46596e-11,1
pmos,sky130_fd_pr__pfet_01v8,tt,27.0,0.5,8.0,0.6,0.5,0.2,1.87659e-10,0.0446076,1.04152,5.55253e-09,3.56818e-11,1
pmos,sky130_fd_pr__pfet_01v8,tt,27.0,0.5,8.0,0.6,0.5,0.3,8.95956e-11,0.0449549,1.06437,2.71137e-09,1.72704e-11,1
pmos,sky130_fd_pr__pfet_01v8,tt,27.0,0.5,8.0,0.6,0.8,0.0,9.07577e-10,0.0437837,0.991207,2.5102e-08,1.43832e-10,1
pmos,sky130_fd_pr__pfet_01v8,tt,27.0,0.5,8.0,0.6,0.8,0.1,4.20657e-10,0.0442201,1.01653,1.20802e-08,6.83407e-11,1
pmos,sky130_fd_pr__pfet_01v8,tt,27.0,0.5,8.0,0.6,0.8,0.2,1.9785e-10,0.0446078,1.04051,5.84991e-09,3.27894e-11,1
pmos,sky130_fd_pr__pfet_01v8,tt,27.0,0.5,8.0,0.6,0.8,0.3,9.45366e-11,0.0449549,1.06336,2.85937e-09,1.5921e-11,1
pmos,sky130_fd_pr__pfet_01v8,tt,27.0,0.5,8.0,0.6,1.2,0.0,9.6367e-10,0.0437847,0.989861,2.66092e-08,1.37976e-10,1
pmos,sky130_fd_pr__pfet_01v8,tt,27.0,0.5,8.0,0.6,1.2,0.1,4.47373e-10,0.0442205,1.01518,1.2831e-08,6.58557e-11,1
pmos,sky130_fd_pr__pfet_01v8,tt,27.0,0.5,8.0,0.6,1.2,0.2,2.10693e-10,0.044608,1.03917,6.2236e-09,3.17127e-11,1
pmos,sky130_fd_pr__pfet_01v8,tt,27.0,0.5,8.0,0.6,1.2,0.3,1.00782e-10,0.044955,1.06202,3.04607e-09,1.54439e-11,1
pmos,sky130_fd_pr__pfet_01v8,tt,27.0,0.5,8.0,0.6,1.5,0.0,1.0049e-09,0.0437855,0.988851,2.77128e-08,1.37239e-10,1
pmos,sky130_fd_pr__pfet_01v8,tt,27.0,0.5,8.0,0.6,1.5,0.1,4.6708e-10,0.0442209,1.01417,1.33833e-08,6.56826e-11,1
pmos,sky130_fd_pr__pfet_01v8,tt,27.0,0.5,8.0,0.6,1.5,0.2,2.20194e-10,0.0446082,1.03816,6.49946e-09,3.16987e-11,1
pmos,sky130_fd_pr__pfet_01v8,tt,27.0,0.5,8.0,0.6,1.5,0.3,1.05413e-10,0.0449551,1.06101,3.18429e-09,1.54644e-11,1
pmos,sky130_fd_pr__pfet_01v8,tt,27.0,0.5,8.0,0.7,0.15,0.0,1.0264e-08,0.0440716,0.993395,2.36111e-07,3.68119e-09,1
pmos,sky130_fd_pr__pfet_01v8,tt,27.0,0.5,8.0,0.7,0.15,0.1,5.43134e-09,0.0443746,1.01872,1.33325e-07,1.98023e-09,1
pmos,sky130_fd_pr__pfet_01v8,tt,27.0,0.5,8.0,0.7,0.15,0.2,2.86296e-09,0.0446902,1.0427,7.44239e-08,1.05993e-09,1
pmos,sky130_fd_pr__pfet_01v8,tt,27.0,0.5,8.0,0.7,0.15,0.3,1.50497e-09,0.0449986,1.06555,4.10735e-08,5.64808e-10,1
pmos,sky130_fd_pr__pfet_01v8,tt,27.0,0.5,8.0,0.7,0.3,0.0,1.06649e-08,0.0440752,0.992891,2.45039e-07,2.20896e-09,1
pmos,sky130_fd_pr__pfet_01v8,tt,27.0,0.5,8.0,0.7,0.3,0.1,5.64819e-09,0.0443767,1.01821,1.3849e-07,1.20106e-09,1
pmos,sky130_fd_pr__pfet_01v8,tt,27.0,0.5,8.0,0.7,0.3,0.2,2.9796e-09,0.0446913,1.0422,7.73775e-08,6.49024e-10,1
pmos,sky130_fd_pr__pfet_01v8,tt,27.0,0.5,8.0,0.7,0.3,0.3,1.56738e-09,0.0449992,1.06505,4.274e-08,3.48694e-10,1
pmos,sky130_fd_pr__pfet_01v8,tt,27.0,0.5,8.0,0.7,0.5,0.0,1.1064e-08,0.0440802,0.992217,2.53791e-07,1.84707e-09,1
pmos,sky130_fd_pr__pfet_01v8,tt,27.0,0.5,8.0,0.7,0.5,0.1,5.8661e-09,0.0443795,1.01754,1.43611e-07,1.01218e-09,1
pmos,sky130_fd_pr__pfet_01v8,tt,27.0,0.5,8.0,0.7,0.5,0.2,3.09779e-09,0.0446929,1.04152,8.03365e-08,5.50837e-10,1
pmos,sky130_fd_pr__pfet_01v8,tt,27.0,0.5,8.0,0.7,0.5,0.3,1.63109e-09,0.0450001,1.06437,4.44253e-08,2.97775e-10,1
pmos,sky130_fd_pr__pfet_01v8,tt,27.0,0.5,8.0,0.7,0.8,0.0,1.15835e-08,0.0440877,0.991207,2.6505e-07,1.64839e-09,1
pmos,sky130_fd_pr__pfet_01v8,tt,27.0,0.5,8.0,0.7,0.8,0.1,6.15195e-09,0.0443838,1.01653,1.50259e-07,9.10229e-10,1
pmos,sky130_fd_pr__pfet_01v8,tt,27.0,0.5,8.0,0.7,0.8,0.2,3.25391e-09,0.0446953,1.04051,8.42106e-08,4.98781e-10,1
pmos,sky130_fd_pr__pfet_01v8,tt,27.0,0.5,8.0,0.7,0.8,0.3,1.71575e-09,0.0450014,1.06336,4.66489e-08,2.71266e-10,1
pmos,sky130_fd_pr__pfet_01v8,tt,27.0,0.5,8.0,0.7,1.2,0.0,1.22198e-08,0.0440979,0.989861,2.78682e-07,1.55059e-09,1
pmos,sky130_fd_pr__pfet_01v8,tt,27.0,0.5,8.0,0.7,1.2,0.1,6.50462e-09,0.0443896,1.01518,1.58376e-07,8.6227e-10,1
pmos,sky130_fd_pr__pfet_01v8,tt,27.0,0.5,8.0,0.7,1.2,0.2,3.44782e-09,0.0446986,1.03917,8.89804e-08,4.75541e-10,1
pmos,sky130_fd_pr__pfet_01v8,tt,27.0,0.5,8.0,0.7,1.2,0.3,1.82152e-09,0.0450032,1.06202,4.94069e-08,2.60089e-10,1
pmos,sky130_fd_pr__pfet_01v8,tt,27.0,0.5,8.0,0.7,1.5,0.0,1.26804e-08,0.0441058,0.988851,2.88463e-07,1.52425e-09,1
pmos,sky130_fd_pr__pfet_01v8,tt,27.0,0.5,8.0,0.7,1.5,0.1,6.76129e-09,0.0443941,1.01417,1.64237e-07,8.51108e-10,1
pmos,sky130_fd_pr__pfet_01v8,tt,27.0,0.5,8.0,0.7,1.5,0.2,3.58964e-09,0.0447011,1.03816,9.24455e-08,4.71164e-10,1
pmos,sky130_fd_pr__pfet_01v8,tt,27.0,0.5,8.0,0.7,1.5,0.3,1.89922e-09,0.0450047,1.06101,5.14218e-08,2.58562e-10,1
pmos,sky130_fd_pr__pfet_01v8,tt,27.0,0.5,8.0,0.8,0.15,0.0,7.97779e-08,0.0460921,0.993395,1.47585e-06,2.78101e-08,1
pmos,sky130_fd_pr__pfet_01v8,tt,27.0,0.5,8.0,0.8,0.15,0.1,4.80721e-08,0.0456424,1.01872,9.31701e-07,1.68434e-08,1
pmos,sky130_fd_pr__pfet_01v8,tt,27.0,0.5,8.0,0.8,0.15,0.2,2.906e-08,0.0454803,1.0427,5.94179e-07,1.02731e-08,1
pmos,sky130_fd_pr__pfet_01v8,tt,27.0,0.5,8.0,0.8,0.15,0.3,1.75266e-08,0.0454864,1.06555,3.79623e-07,6.26668e-09,1
pmos,sky130_fd_pr__pfet_01v8,tt,27.0,0.5,8.0,0.8,0.3,0.0,8.27207e-08,0.046113,0.992891,1.52946e-06,1.58792e-08,1
pmos,sky130_fd_pr__pfet_01v8,tt,27.0,0.5,8.0,0.8,0.3,0.1,4.98668e-08,0.0456561,1.01821,9.65655e-07,9.73582e-09,1
pmos,sky130_fd_pr__pfet_01v8,tt,27.0,0.5,8.0,0.8,0.3,0.2,3.01614e-08,0.0454893,1.0422,6.16028e-07,6.00552e-09,1
pmos,sky130_fd_pr__pfet_01v8,tt,27.0,0.5,8.0,0.8,0.3,0.3,1.82024e-08,0.0454922,1.06505,3.93775e-07,3.70359e-09,1
pmos,sky130_fd_pr__pfet_01v8,tt,27.0,0.5,8.0,0.8,0.5,0.0,8.55524e-08,0.046141,0.992217,1.58013e-06,1.29539e-08,1
pmos,sky130_fd_pr__pfet_01v8,tt,27.0,0.5,8.0,0.8,0.5,0.1,5.1609e-08,0.0456745,1.01754,9.98046e-07,7.99491e-09,1
pmos,sky130_fd_pr__pfet_01v8,tt,27.0,0.5,8.0,0.8,0.5,0.2,3.124e-08,0.0455013,1.04152,6.37053e-07,4.96568e-09,1
pmos,sky130_fd_pr__pfet_01v8,tt,27.0,0.5,8.0,0.8,0.5,0.3,1.88701e-08,0.0455,1.06437,4.07517e-07,3.08413e-09,1
pmos,sky130_fd_pr__pfet_01v8,tt,27.0,0.5,8.0,0.8,0.8,0.0,8.91523e-08,0.0461837,0.991207,1.64389e-06,1.12976e-08,1
pmos,sky130_fd_pr__pfet_01v8,tt,27.0,0.5,8.0,0.8,0.8,0.1,5.38379e-08,0.0457025,1.01653,1.03901e-06,7.01464e-09,1
pmos,sky130_fd_pr__pfet_01v8,tt,27.0,0.5,8.0,0.8,0.8,0.2,3.2629e-08,0.0455196,1.04051,6.63793e-07,4.38485e-09,1
pmos,sky130_fd_pr__pfet_01v8,tt,27.0,0.5,8.0,0.8,0.8,0.3,1.97359e-08,0.0455119,1.06336,4.25109e-07,2.7417e-09,1
pmos,sky130_fd_pr__pfet_01v8,tt,27.0,0.5,8.0,0.8,1.2,0.0,9.34663e-08,0.0462415,0.989861,1.71961e-06,1.0409e-08,1
pmos,sky130_fd_pr__pfet_01v8,tt,27.0,0.5,8.0,0.8,1.2,0.1,5.65238e-08,0.0457405,1.01518,1.08785e-06,6.49666e-09,1
pmos,sky130_fd_pr__pfet_01v8,tt,27.0,0.5,8.0,0.8,1.2,0.2,3.4313e-08,0.0455446,1.03917,6.95836e-07,4.08407e-09,1
pmos,sky130_fd_pr__pfet_01v8,tt,27.0,0.5,8.0,0.8,1.2,0.3,2.07921e-08,0.0455282,1.06202,4.46313e-07,2.56896e-09,1
pmos,sky130_fd_pr__pfet_01v8,tt,27.0,0.5,8.0,0.8,1.5,0.0,9.65396e-08,0.0462857,0.988851,1.7732e-06,1.01123e-08,1
pmos,sky130_fd_pr__pfet_01v8,tt,27.0,0.5,8.0,0.8,1.5,0.1,5.84448e-08,0.0457696,1.01417,1.12252e-06,6.32956e-09,1
pmos,sky130_fd_pr__pfet_01v8,tt,27.0,0.5,8.0,0.8,1.5,0.2,3.55225e-08,0.0455636,1.03816,7.18656e-07,3.99156e-09,1
pmos,sky130_fd_pr__pfet_01v8,tt,27.0,0.5,8.0,0.8,1.5,0.3,2.15542e-08,0.0455406,1.06101,4.61476e-07,2.51925e-09,1
pmos,sky130_fd_pr__pfet_01v8,tt,27.0,0.5,8.0,0.9,0.15,0.0,4.6772e-07,0.0552078,0.993395,8.09368e-06,1.73943e-07,1
pmos,sky130_fd_pr__pfet_01v8,tt,27.0,0.5,8.0,0.9,0.15,0.1,2.95146e-07,0.051956,1.01872,5.16239e-06,1.0679e-07,1
pmos,sky130_fd_pr__pfet_01v8,tt,27.0,0.5,8.0,0.9,0.15,0.2,1.89625e-07,0.049837,1.0427,3.36103e-06,6.75339e-08,1
pmos,sky130_fd_pr__pfet_01v8,tt,27.0,0.5,8.0,0.9,0.15,0.3,1.23497e-07,0.0484859,1.06555,2.23121e-06,4.36391e-08,1
pmos,sky130_fd_pr__pfet_01v8,tt,27.0,0.5,8.0,0.9,0.3,0.0,4.85184e-07,0.0552911,0.992891,8.40577e-06,9.14834e-08,1
pmos,sky130_fd_pr__pfet_01v8,tt,27.0,0.5,8.0,0.9,0.3,0.1,3.06074e-07,0.0520159,1.01821,5.35712e-06,5.78744e-08,1
pmos,sky130_fd_pr__pfet_01v8,tt,27.0,0.5,8.0,0.9,0.3,0.2,1.96625e-07,0.0498796,1.0422,3.48597e-06,3.73571e-08,1
pmos,sky130_fd_pr__pfet_01v8,tt,27.0,0.5,8.0,0.9,0.3,0.3,1.28062e-07,0.0485161,1.06505,2.31342e-06,2.45049e-08,1
pmos,sky130_fd_pr__pfet_01v8,tt,27.0,0.5,8.0,0.9,0.5,0.0,5.01323e-07,0.055403,0.992217,8.68397e-06,7.32193e-08,1
pmos,sky130_fd_pr__pfet_01v8,tt,27.0,0.5,8.0,0.9,0.5,0.1,3.16324e-07,0.0520963,1.01754,5.53513e-06,4.66489e-08,1
pmos,sky130_fd_pr__pfet_01v8,tt,27.0,0.5,8.0,0.9,0.5,0.2,2.03263e-07,0.0499369,1.04152,3.60209e-06,3.02834e-08,1
pmos,sky130_fd_pr__pfet_01v8,tt,27.0,0.5,8.0,0.9,0.5,0.3,1.32428e-07,0.0485567,1.06437,2.39069e-06,1.99672e-08,1
pmos,sky130_fd_pr__pfet_01v8,tt,27.0,0.5,8.0,0.9,0.8,0.0,5.21523e-07,0.0555725,0.991207,9.0285e-06,6.29971e-08,1
pmos,sky130_fd_pr__pfet_01v8,tt,27.0,0.5,8.0,0.9,0.8,0.1,3.29229e-07,0.0522183,1.01653,5.75735e-06,4.03345e-08,1
pmos,sky130_fd_pr__pfet_01v8,tt,27.0,0.5,8.0,0.9,0.8,0.2,2.11659e-07,0.0500238,1.04051,3.74783e-06,2.62953e-08,1
pmos,sky130_fd_pr__pfet_01v8,tt,27.0,0.5,8.0,0.9,0.8,0.3,1.37977e-07,0.0486184,1.06336,2.48809e-06,1.74089e-08,1
pmos,sky130_fd_pr__pfet_01v8,tt,27.0,0.5,8.0,0.9,1.2,0.0,5.45441e-07,0.0558019,0.989861,9.43345e-06,5.74178e-08,1
pmos,sky130_fd_pr__pfet_01v8,tt,27.0,0.5,8.0,0.9,1.2,0.1,3.44574e-07,0.0523835,1.01518,6.02004e-06,3.69051e-08,1
pmos,sky130_fd_pr__pfet_01v8,tt,27.0,0.5,8.0,0.9,1.2,0.2,2.21681e-07,0.0501417,1.03917,3.92079e-06,2.41408e-08,1
pmos,sky130_fd_pr__pfet_01v8,tt,27.0,0.5,8.0,0.9,1.2,0.3,1.44623e-07,0.0487021,1.06202,2.60402e-06,1.60358e-08,1
pmos,sky130_fd_pr__pfet_01v8,tt,27.0,0.5,8.0,0.9,1.5,0.0,5.62343e-07,0.0559764,0.988851,9.71825e-06,5.54629e-08,1
pmos,sky130_fd_pr__pfet_01v8,tt,27.0,0.5,8.0,0.9,1.5,0.1,3.55449e-07,0.0525094,1.01417,6.20551e-06,3.57222e-08,1
pmos,sky130_fd_pr__pfet_01v8,tt,27.0,0.5,8.0,0.9,1.5,0.2,2.28801e-07,0.0502316,1.03816,4.0432e-06,2.34087e-08,1
pmos,sky130_fd_pr__pfet_01v8,tt,27.0,0.5,8.0,0.9,1.5,0.3,1.49358e-07,0.0487659,1.06101,2.68622e-06,1.55771e-08,1
pmos,sky130_fd_pr__pfet_01v8,tt,27.0,0.5,8.0,1.0,0.15,0.0,2.52695e-06,0.0845084,0.993395,4.02077e-05,1.31198e-06,1
pmos,sky130_fd_pr__pfet_01v8,tt,27.0,0.5,8.0,1.0,0.15,0.1,1.65845e-06,0.07468,1.01872,2.77511e-05,7.57886e-07,1
pmos,sky130_fd_pr__pfet_01v8,tt,27.0,0.5,8.0,1.0,0.15,0.2,1.09192e-06,0.0670928,1.0427,1.88359e-05,4.57437e-07,1
pmos,sky130_fd_pr__pfet_01v8,tt,27.0,0.5,8.0,1.0,0.15,0.3,7.25027e-07,0.0613912,1.06555,1.27128e-05,2.8629e-07,1
pmos,sky130_fd_pr__pfet_01v8,tt,27.0,0.5,8.0,1.0,0.3,0.0,2.63484e-06,0.0847319,0.992891,4.2204e-05,5.03966e-07,1
pmos,sky130_fd_pr__pfet_01v8,tt,27.0,0.5,8.0,1.0,0.3,0.1,1.72572e-06,0.0748645,1.01821,2.89962e-05,3.29382e-07,1
pmos,sky130_fd_pr__pfet_01v8,tt,27.0,0.5,8.0,1.0,0.3,0.2,1.13477e-06,0.0672406,1.0422,1.96284e-05,2.16448e-07,1
pmos,sky130_fd_pr__pfet_01v8,tt,27.0,0.5,8.0,1.0,0.3,0.3,7.52857e-07,0.0615067,1.06505,1.32256e-05,1.43575e-07,1
pmos,sky130_fd_pr__pfet_01v8,tt,27.0,0.5,8.0,1.0,0.5,0.0,2.72115e-06,0.0850311,0.992217,4.35638e-05,3.83395e-07,1
pmos,sky130_fd_pr__pfet_01v8,tt,27.0,0.5,8.0,1.0,0.5,0.1,1.78283e-06,0.0751118,1.01754,2.99431e-05,2.55994e-07,1
pmos,sky130_fd_pr__pfet_01v8,tt,27.0,0.5,8.0,1.0,0.5,0.2,1.17263e-06,0.0674388,1.04152,2.02777e-05,1.70831e-07,1
pmos,sky130_fd_pr__pfet_01v8,tt,27.0,0.5,8.0,1.0,0.5,0.3,7.78133e-07,0.0616618,1.06437,1.36673e-05,1.14574e-07,1
pmos,sky130_fd_pr__pfet_01v8,tt,27.0,0.5,8.0,1.0,0.8,0.0,2.82524e-06,0.0854826,0.991207,4.51374e-05,3.20291e-07,1
pmos,sky130_fd_pr__pfet_01v8,tt,27.0,0.5,8.0,1.0,0.8,0.1,1.85283e-06,0.0754854,1.01653,3.107e-05,2.16663e-07,1
pmos,sky130_fd_pr__pfet_01v8,tt,27.0,0.5,8.0,1.0,0.8,0.2,1.21958e-06,0.0677388,1.04051,2.10663e-05,1.45984e-07,1
pmos,sky130_fd_pr__pfet_01v8,tt,27.0,0.5,8.0,1.0,0.8,0.3,8.09744e-07,0.0618967,1.06336,1.42118e-05,9.86011e-08,1
pmos,sky130_fd_pr__pfet_01v8,tt,27.0,0.5,8.0,1.0,1.2,0.0,2.94541e-06,0.0860897,0.989861,4.69018e-05,2.8545e-07,1
pmos,sky130_fd_pr__pfet_01v8,tt,27.0,0.5,8.0,1.0,1.2,0.1,1.93455e-06,0.0759885,1.01518,3.23585e-05,1.95053e-07,1
pmos,sky130_fd_pr__pfet_01v8,tt,27.0,0.5,8.0,1.0,1.2,0.2,1.27487e-06,0.0681434,1.03917,2.19815e-05,1.32415e-07,1
pmos,sky130_fd_pr__pfet_01v8,tt,27.0,0.5,8.0,1.0,1.2,0.3,8.47192e-07,0.0622142,1.06202,1.48505e-05,8.99269e-08,1
pmos,sky130_fd_pr__pfet_01v8,tt,27.0,0.5,8.0,1.0,1.5,0.0,3.02892e-06,0.0865486,0.988851,4.81042e-05,2.7244e-07,1
pmos,sky130_fd_pr__pfet_01v8,tt,27.0,0.5,8.0,1.0,1.5,0.1,1.99177e-06,0.0763697,1.01417,3.32482e-05,1.87171e-07,1
pmos,sky130_fd_pr__pfet_01v8,tt,27.0,0.5,8.0,1.0,1.5,0.2,1.31379e-06,0.0684505,1.03816,2.26198e-05,1.27579e-07,1
pmos,sky130_fd_pr__pfet_01v8,tt,27.0,0.5,8.0,1.0,1.5,0.3,8.73669e-07,0.0624555,1.06101,1.5299e-05,8.68985e-08,1
pmos,sky130_fd_pr__pfet_01v8,tt,27.0,0.5,8.0,1.2,0.15,0.0,2.37393e-05,0.217854,0.993395,0.000155428,7.82092e-05,0
pmos,sky130_fd_pr__pfet_01v8,tt,27.0,0.5,8.0,1.2,0.15,0.1,1.99354e-05,0.199765,1.01872,0.000148995,5.77208e-05,0
pmos,sky130_fd_pr__pfet_01v8,tt,27.0,0.5,8.0,1.2,0.15,0.2,1.64903e-05,0.182517,1.0427,0.000140574,4.05982e-05,0
pmos,sky130_fd_pr__pfet_01v8,tt,27.0,0.5,8.0,1.2,0.15,0.3,1.34121e-05,0.16616,1.06555,0.000129873,2.70861e-05,0
pmos,sky130_fd_pr__pfet_01v8,tt,27.0,0.5,8.0,1.2,0.3,0.0,2.83926e-05,0.218252,0.992891,0.000225489,8.70563e-06,1
pmos,sky130_fd_pr__pfet_01v8,tt,27.0,0.5,8.0,1.2,0.3,0.1,2.31081e-05,0.20016,1.01821,0.00020287,6.22321e-06,1
pmos,sky130_fd_pr__pfet_01v8,tt,27.0,0.5,8.0,1.2,0.3,0.2,1.85965e-05,0.182907,1.0422,0.000180048,4.53211e-06,1
pmos,sky130_fd_pr__pfet_01v8,tt,27.0,0.5,8.0,1.2,0.3,0.3,1.47838e-05,0.166542,1.06505,0.000157411,3.34294e-06,1
pmos,sky130_fd_pr__pfet_01v8,tt,27.0,0.5,8.0,1.2,0.5,0.0,2.94711e-05,0.218782,0.992217,0.00023707,3.93283e-06,1
pmos,sky130_fd_pr__pfet_01v8,tt,27.0,0.5,8.0,1.2,0.5,0.1,2.39375e-05,0.200687,1.01754,0.000211907,3.16083e-06,1
pmos,sky130_fd_pr__pfet_01v8,tt,27.0,0.5,8.0,1.2,0.5,0.2,1.92376e-05,0.183428,1.04152,0.000187235,2.531e-06,1
pmos,sky130_fd_pr__pfet_01v8,tt,27.0,0.5,8.0,1.2,0.5,0.3,1.528e-05,0.167051,1.06437,0.000163201,2.01546e-06,1
pmos,sky130_fd_pr__pfet_01v8,tt,27.0,0.5,8.0,1.2,0.8,0.0,3.04381e-05,0.219578,0.991207,0.000244814,2.74402e-06,1
pmos,sky130_fd_pr__pfet_01v8,tt,27.0,0.5,8.0,1.2,0.8,0.1,2.47277e-05,0.201479,1.01653,0.00021868,2.27221e-06,1
pmos,sky130_fd_pr__pfet_01v8,tt,27.0,0.5,8.0,1.2,0.8,0.2,1.988e-05,0.184209,1.04051,0.000193151,1.86987e-06,1
pmos,sky130_fd_pr__pfet_01v8,tt,27.0,0.5,8.0,1.2,0.8,0.3,1.57987e-05,0.167817,1.06336,0.000168351,1.52683e-06,1
pmos,sky130_fd_pr__pfet_01v8,tt,27.0,0.5,8.0,1.2,1.2,0.0,3.14034e-05,0.22064,0.989861,0.000251676,2.16579e-06,1
pmos,sky130_fd_pr__pfet_01v8,tt,27.0,0.5,8.0,1.2,1.2,0.1,2.55348e-05,0.202535,1.01518,0.000224888,1.82637e-06,1
pmos,sky130_fd_pr__pfet_01v8,tt,27.0,0.5,8.0,1.2,1.2,0.2,2.05503e-05,0.185253,1.03917,0.000198749,1.52941e-06,1
pmos,sky130_fd_pr__pfet_01v8,tt,27.0,0.5,8.0,1.2,1.2,0.3,1.63509e-05,0.168839,1.06202,0.000173374,1.26975e-06,1
pmos,sky130_fd_pr__pfet_01v8,tt,27.0,0.5,8.0,1.2,1.5,0.0,3.20173e-05,0.221437,0.988851,0.000255734,1.94457e-06,1
pmos,sky130_fd_pr__pfet_01v8,tt,27.0,0.5,8.0,1.2,1.5,0.1,2.60549e-05,0.203328,1.01417,0.000228626,1.6544e-06,1
pmos,sky130_fd_pr__pfet_01v8,tt,27.0,0.5,8.0,1.2,1.5,0.2,2.09878e-05,0.186036,1.03816,0.000202182,1.39731e-06,1
pmos,sky130_fd_pr__pfet_01v8,tt,27.0,0.5,8.0,1.2,1.5,0.3,1.67156e-05,0.169607,1.06101,0.000176509,1.16967e-06,1
pmos,sky130_fd_pr__pfet_01v8,tt,27.0,0.5,16.0,0.5,0.15,0.0,7.98319e-11,0.0437484,0.996835,2.37402e-09,3.03824e-11,1
pmos,sky130_fd_pr__pfet_01v8,tt,27.0,0.5,16.0,0.5,0.15,0.1,3.4047e-11,0.044198,1.0222,1.03156e-09,1.3059e-11,1
pmos,sky130_fd_pr__pfet_01v8,tt,27.0,0.5,16.0,0.5,0.15,0.2,1.49805e-11,0.0445918,1.04623,4.60675e-10,5.7827e-12,1
pmos,sky130_fd_pr__pfet_01v8,tt,27.0,0.5,16.0,0.5,0.15,0.3,6.78117e-12,0.0449417,1.06912,2.11073e-10,2.63163e-12,1
pmos,sky130_fd_pr__pfet_01v8,tt,27.0,0.5,16.0,0.5,0.3,0.0,8.32311e-11,0.0437485,0.99633,2.47472e-09,1.91358e-11,1
pmos,sky130_fd_pr__pfet_01v8,tt,27.0,0.5,16.0,0.5,0.3,0.1,3.55092e-11,0.044198,1.02169,1.07574e-09,8.24228e-12,1
pmos,sky130_fd_pr__pfet_01v8,tt,27.0,0.5,16.0,0.5,0.3,0.2,1.56284e-11,0.0445918,1.04572,4.80558e-10,3.65602e-12,1
pmos,sky130_fd_pr__pfet_01v8,tt,27.0,0.5,16.0,0.5,0.3,0.3,7.07612e-12,0.0449417,1.06862,2.20242e-10,1.66618e-12,1
pmos,sky130_fd_pr__pfet_01v8,tt,27.0,0.5,16.0,0.5,0.5,0.0,8.67419e-11,0.0437485,0.995657,2.57855e-09,1.64718e-11,1
pmos,sky130_fd_pr__pfet_01v8,tt,27.0,0.5,16.0,0.5,0.5,0.1,3.70236e-11,0.044198,1.02102,1.12145e-09,7.11452e-12,1
pmos,sky130_fd_pr__pfet_01v8,tt,27.0,0.5,16.0,0.5,0.5,0.2,1.63009e-11,0.0445918,1.04505,5.01186e-10,3.16325e-12,1
pmos,sky130_fd_pr__pfet_01v8,tt,27.0,0.5,16.0,0.5,0.5,0.3,7.38297e-12,0.0449417,1.06794,2.29775e-10,1.44461e-12,1
pmos,sky130_fd_pr__pfet_01v8,tt,27.0,0.5,16.0,0.5,0.8,0.0,9.1445e-11,0.0437485,0.994647,2.71748e-09,1.51279e-11,1
pmos,sky130_fd_pr__pfet_01v8,tt,27.0,0.5,16.0,0.5,0.8,0.1,3.90579e-11,0.0441981,1.02001,1.1828e-09,6.55193e-12,1
pmos,sky130_fd_pr__pfet_01v8,tt,27.0,0.5,16.0,0.5,0.8,0.2,1.72065e-11,0.0445918,1.04404,5.28944e-10,2.91982e-12,1
pmos,sky130_fd_pr__pfet_01v8,tt,27.0,0.5,16.0,0.5,0.8,0.3,7.79698e-12,0.0449417,1.06693,2.42632e-10,1.3361e-12,1
pmos,sky130_fd_pr__pfet_01v8,tt,27.0,0.5,16.0,0.5,1.2,0.0,9.73693e-11,0.0437486,0.993301,2.89226e-09,1.46287e-11,1
pmos,sky130_fd_pr__pfet_01v8,tt,27.0,0.5,16.0,0.5,1.2,0.1,4.16271e-11,0.0441981,1.01866,1.26022e-09,6.35163e-12,1
pmos,sky130_fd_pr__pfet_01v8,tt,27.0,0.5,16.0,0.5,1.2,0.2,1.83527e-11,0.0445918,1.04269,5.64055e-10,2.83648e-12,1
pmos,sky130_fd_pr__pfet_01v8,tt,27.0,0.5,16.0,0.5,1.2,0.3,8.32197e-12,0.0449417,1.06559,2.58929e-10,1.30028e-12,1
pmos,sky130_fd_pr__pfet_01v8,tt,27.0,0.5,16.0,0.5,1.5,0.0,1.01752e-10,0.0437487,0.992291,3.02144e-09,1.46233e-11,1
pmos,sky130_fd_pr__pfet_01v8,tt,27.0,0.5,16.0,0.5,1.5,0.1,4.35315e-11,0.0441981,1.01765,1.31756e-09,6.35872e-12,1
pmos,sky130_fd_pr__pfet_01v8,tt,27.0,0.5,16.0,0.5,1.5,0.2,1.92037e-11,0.0445918,1.04168,5.90111e-10,2.84314e-12,1
pmos,sky130_fd_pr__pfet_01v8,tt,27.0,0.5,16.0,0.5,1.5,0.3,8.71228e-12,0.0449417,1.06458,2.71041e-10,1.30469e-12,1
pmos,sky130_fd_pr__pfet_01v8,tt,27.0,0.5,16.0,0.6,0.15,0.0,1.44786e-09,0.0437695,0.996835,4.03129e-08,5.41867e-10,1
pmos,sky130_fd_pr__pfet_01v8,tt,27.0,0.5,16.0,0.6,0.15,0.1,6.66018e-10,0.0442077,1.0222,1.92252e-08,2.5226e-10,1
pmos,sky130_fd_pr__pfet_01v8,tt,27.0,0.5,16.0,0.6,0.15,0.2,3.1124e-10,0.0445964,1.04623,9.23858e-09,1.19027e-10,1
pmos,sky130_fd_pr__pfet_01v8,tt,27.0,0.5,16.0,0.6,0.15,0.3,1.47896e-10,0.0449439,1.06912,4.48646e-09,5.70023e-11,1
pmos,sky130_fd_pr__pfet_01v8,tt,27.0,0.5,16.0,0.6,0.3,0.0,1.50806e-09,0.0437698,0.99633,4.19648e-08,3.37044e-10,1
pmos,sky130_fd_pr__pfet_01v8,tt,27.0,0.5,16.0,0.6,0.3,0.1,6.94117e-10,0.0442079,1.02169,2.00274e-08,1.57747e-10,1
pmos,sky130_fd_pr__pfet_01v8,tt,27.0,0.5,16.0,0.6,0.3,0.2,3.24524e-10,0.0445964,1.04572,9.62968e-09,7.47421e-11,1
pmos,sky130_fd_pr__pfet_01v8,tt,27.0,0.5,16.0,0.6,0.3,0.3,1.54267e-10,0.0449439,1.06862,4.67856e-09,3.59107e-11,1
pmos,sky130_fd_pr__pfet_01v8,tt,27.0,0.5,16.0,0.6,0.5,0.0,1.56965e-09,0.0437702,0.995657,4.36445e-08,2.87907e-10,1
pmos,sky130_fd_pr__pfet_01v8,tt,27.0,0.5,16.0,0.6,0.5,0.1,7.23014e-10,0.0442081,1.02102,2.08487e-08,1.35394e-10,1
pmos,sky130_fd_pr__pfet_01v8,tt,27.0,0.5,16.0,0.6,0.5,0.2,3.38243e-10,0.0445965,1.04505,1.00323e-08,6.44005e-11,1
pmos,sky130_fd_pr__pfet_01v8,tt,27.0,0.5,16.0,0.6,0.5,0.3,1.6087e-10,0.044944,1.06794,4.87718e-09,3.10411e-11,1
pmos,sky130_fd_pr__pfet_01v8,tt,27.0,0.5,16.0,0.6,0.8,0.0,1.65153e-09,0.0437709,0.994647,4.58669e-08,2.62393e-10,1
pmos,sky130_fd_pr__pfet_01v8,tt,27.0,0.5,16.0,0.6,0.8,0.1,7.61613e-10,0.0442084,1.02001,2.19419e-08,1.2398e-10,1
pmos,sky130_fd_pr__pfet_01v8,tt,27.0,0.5,16.0,0.6,0.8,0.2,3.5664e-10,0.0445967,1.04404,1.05707e-08,5.91968e-11,1
pmos,sky130_fd_pr__pfet_01v8,tt,27.0,0.5,16.0,0.6,0.8,0.3,1.69752e-10,0.044944,1.06693,5.14385e-09,2.86221e-11,1
pmos,sky130_fd_pr__pfet_01v8,tt,27.0,0.5,16.0,0.6,1.2,0.0,1.75388e-09,0.0437718,0.993301,4.86317e-08,2.51822e-10,1
pmos,sky130_fd_pr__pfet_01v8,tt,27.0,0.5,16.0,0.6,1.2,0.1,8.10088e-10,0.0442089,1.01866,2.33099e-08,1.19515e-10,1
pmos,sky130_fd_pr__pfet_01v8,tt,27.0,0.5,16.0,0.6,1.2,0.2,3.79829e-10,0.0445969,1.04269,1.12477e-08,5.72691e-11,1
pmos,sky130_fd_pr__pfet_01v8,tt,27.0,0.5,16.0,0.6,1.2,0.3,1.80981e-10,0.0449441,1.06559,5.48034e-09,2.77703e-11,1
pmos,sky130_fd_pr__pfet_01v8,tt,27.0,0.5,16.0,0.6,1.5,0.0,1.82915e-09,0.0437725,0.992291,5.06571e-08,2.50548e-10,1
pmos,sky130_fd_pr__pfet_01v8,tt,27.0,0.5,16.0,0.6,1.5,0.1,8.45857e-10,0.0442092,1.01765,2.43164e-08,1.19227e-10,1
pmos,sky130_fd_pr__pfet_01v8,tt,27.0,0.5,16.0,0.6,1.5,0.2,3.96987e-10,0.0445971,1.04168,1.17475e-08,5.7254e-11,1
pmos,sky130_fd_pr__pfet_01v8,tt,27.0,0.5,16.0,0.6,1.5,0.3,1.89309e-10,0.0449442,1.06458,5.72952e-09,2.78112e-11,1
pmos,sky130_fd_pr__pfet_01v8,tt,27.0,0.5,16.0,0.7,0.15,0.0,1.89761e-08,0.0440373,0.996835,4.40162e-07,6.81737e-09,1
pmos,sky130_fd_pr__pfet_01v8,tt,27.0,0.5,16.0,0.7,0.15,0.1,9.97562e-09,0.0443504,1.0222,2.46805e-07,3.64332e-09,1
pmos,sky130_fd_pr__pfet_01v8,tt,27.0,0.5,16.0,0.7,0.15,0.2,5.22504e-09,0.0446719,1.04623,1.36786e-07,1.93754e-09,1
pmos,sky130_fd_pr__pfet_01v8,tt,27.0,0.5,16.0,0.7,0.15,0.3,2.73044e-09,0.0449836,1.06912,7.49697e-08,1.02618e-09,1
pmos,sky130_fd_pr__pfet_01v8,tt,27.0,0.5,16.0,0.7,0.3,0.0,1.97192e-08,0.0440407,0.99633,4.56855e-07,4.09761e-09,1
pmos,sky130_fd_pr__pfet_01v8,tt,27.0,0.5,16.0,0.7,0.3,0.1,1.03749e-08,0.0443524,1.02169,2.56398e-07,2.21318e-09,1
pmos,sky130_fd_pr__pfet_01v8,tt,27.0,0.5,16.0,0.7,0.3,0.2,5.43843e-09,0.0446729,1.04572,1.42231e-07,1.18807e-09,1
pmos,sky130_fd_pr__pfet_01v8,tt,27.0,0.5,16.0,0.7,0.3,0.3,2.84392e-09,0.0449842,1.06862,7.80202e-08,6.34306e-10,1
pmos,sky130_fd_pr__pfet_01v8,tt,27.0,0.5,16.0,0.7,0.5,0.0,2.04599e-08,0.0440453,0.995657,4.73243e-07,3.42937e-09,1
pmos,sky130_fd_pr__pfet_01v8,tt,27.0,0.5,16.0,0.7,0.5,0.1,1.07766e-08,0.0443549,1.02102,2.65922e-07,1.86675e-09,1
pmos,sky130_fd_pr__pfet_01v8,tt,27.0,0.5,16.0,0.7,0.5,0.2,5.65486e-09,0.0446744,1.04505,1.47694e-07,1.00913e-09,1
pmos,sky130_fd_pr__pfet_01v8,tt,27.0,0.5,16.0,0.7,0.5,0.3,2.95985e-09,0.044985,1.06794,8.11089e-08,5.42055e-10,1
pmos,sky130_fd_pr__pfet_01v8,tt,27.0,0.5,16.0,0.7,0.8,0.0,2.1425e-08,0.0440523,0.994647,4.94345e-07,3.06316e-09,1
pmos,sky130_fd_pr__pfet_01v8,tt,27.0,0.5,16.0,0.7,0.8,0.1,1.13041e-08,0.0443589,1.02001,2.78298e-07,1.68014e-09,1
pmos,sky130_fd_pr__pfet_01v8,tt,27.0,0.5,16.0,0.7,0.8,0.2,5.941e-09,0.0446766,1.04404,1.54854e-07,9.14476e-10,1
pmos,sky130_fd_pr__pfet_01v8,tt,27.0,0.5,16.0,0.7,0.8,0.3,3.11403e-09,0.0449862,1.06693,8.51883e-08,4.94137e-10,1
pmos,sky130_fd_pr__pfet_01v8,tt,27.0,0.5,16.0,0.7,1.2,0.0,2.26079e-08,0.0440618,0.993301,5.19922e-07,2.8838e-09,1
pmos,sky130_fd_pr__pfet_01v8,tt,27.0,0.5,16.0,0.7,1.2,0.1,1.19553e-08,0.0443643,1.01866,2.93427e-07,1.5929e-09,1
pmos,sky130_fd_pr__pfet_01v8,tt,27.0,0.5,16.0,0.7,1.2,0.2,6.29665e-09,0.0446796,1.04269,1.63679e-07,8.72518e-10,1
pmos,sky130_fd_pr__pfet_01v8,tt,27.0,0.5,16.0,0.7,1.2,0.3,3.30676e-09,0.0449879,1.06559,9.02526e-08,4.7409e-10,1
pmos,sky130_fd_pr__pfet_01v8,tt,27.0,0.5,16.0,0.7,1.5,0.0,2.34648e-08,0.0440692,0.992291,5.38288e-07,2.83618e-09,1
pmos,sky130_fd_pr__pfet_01v8,tt,27.0,0.5,16.0,0.7,1.5,0.1,1.24296e-08,0.0443685,1.01765,3.0436e-07,1.57303e-09,1
pmos,sky130_fd_pr__pfet_01v8,tt,27.0,0.5,16.0,0.7,1.5,0.2,6.55693e-09,0.0446819,1.04168,1.70094e-07,8.64878e-10,1
pmos,sky130_fd_pr__pfet_01v8,tt,27.0,0.5,16.0,0.7,1.5,0.3,3.44843e-09,0.0449892,1.06458,9.3955e-08,4.71497e-10,1
pmos,sky130_fd_pr__pfet_01v8,tt,27.0,0.5,16.0,0.8,0.15,0.0,1.4982e-07,0.0459434,0.996835,2.78626e-06,5.22251e-08,1
pmos,sky130_fd_pr__pfet_01v8,tt,27.0,0.5,16.0,0.8,0.15,0.1,8.99051e-08,0.0455403,1.0222,1.75453e-06,3.15212e-08,1
pmos,sky130_fd_pr__pfet_01v8,tt,27.0,0.5,16.0,0.8,0.15,0.2,5.40853e-08,0.0454093,1.04623,1.11497e-06,1.91422e-08,1
pmos,sky130_fd_pr__pfet_01v8,tt,27.0,0.5,16.0,0.8,0.15,0.3,3.24423e-08,0.0454362,1.06912,7.09095e-07,1.16178e-08,1
pmos,sky130_fd_pr__pfet_01v8,tt,27.0,0.5,16.0,0.8,0.3,0.0,1.55353e-07,0.0459632,0.99633,2.88744e-06,2.98767e-08,1
pmos,sky130_fd_pr__pfet_01v8,tt,27.0,0.5,16.0,0.8,0.3,0.1,9.32673e-08,0.0455533,1.02169,1.81851e-06,1.82532e-08,1
pmos,sky130_fd_pr__pfet_01v8,tt,27.0,0.5,16.0,0.8,0.3,0.2,5.61397e-08,0.0454177,1.04572,1.15603e-06,1.12109e-08,1
pmos,sky130_fd_pr__pfet_01v8,tt,27.0,0.5,16.0,0.8,0.3,0.3,3.36965e-08,0.0454416,1.06862,7.35591e-07,6.87892e-09,1
pmos,sky130_fd_pr__pfet_01v8,tt,27.0,0.5,16.0,0.8,0.5,0.0,1.60683e-07,0.0459898,0.995657,2.9832e-06,2.43897e-08,1
pmos,sky130_fd_pr__pfet_01v8,tt,27.0,0.5,16.0,0.8,0.5,0.1,9.65352e-08,0.0455706,1.02102,1.87962e-06,1.50012e-08,1
pmos,sky130_fd_pr__pfet_01v8,tt,27.0,0.5,16.0,0.8,0.5,0.2,5.81542e-08,0.045429,1.04505,1.1956e-06,9.27816e-09,1
pmos,sky130_fd_pr__pfet_01v8,tt,27.0,0.5,16.0,0.8,0.5,0.3,3.49372e-08,0.0454489,1.06794,7.61356e-07,5.734e-09,1
pmos,sky130_fd_pr__pfet_01v8,tt,27.0,0.5,16.0,0.8,0.8,0.0,1.67463e-07,0.0460302,0.994647,3.10374e-06,2.12839e-08,1
pmos,sky130_fd_pr__pfet_01v8,tt,27.0,0.5,16.0,0.8,0.8,0.1,1.00719e-07,0.0455971,1.02001,1.95694e-06,1.31715e-08,1
pmos,sky130_fd_pr__pfet_01v8,tt,27.0,0.5,16.0,0.8,0.8,0.2,6.07507e-08,0.0454463,1.04404,1.24596e-06,8.19981e-09,1
pmos,sky130_fd_pr__pfet_01v8,tt,27.0,0.5,16.0,0.8,0.8,0.3,3.65476e-08,0.0454601,1.06693,7.94372e-07,5.10212e-09,1
pmos,sky130_fd_pr__pfet_01v8,tt,27.0,0.5,16.0,0.8,1.2,0.0,1.75593e-07,0.0460851,0.993301,3.24693e-06,1.96202e-08,1
pmos,sky130_fd_pr__pfet_01v8,tt,27.0,0.5,16.0,0.8,1.2,0.1,1.05764e-07,0.045633,1.01866,2.04919e-06,1.22067e-08,1
pmos,sky130_fd_pr__pfet_01v8,tt,27.0,0.5,16.0,0.8,1.2,0.2,6.3901e-08,0.0454697,1.04269,1.30634e-06,7.64318e-09,1
pmos,sky130_fd_pr__pfet_01v8,tt,27.0,0.5,16.0,0.8,1.2,0.3,3.85141e-08,0.0454752,1.06559,8.34201e-07,4.78475e-09,1
pmos,sky130_fd_pr__pfet_01v8,tt,27.0,0.5,16.0,0.8,1.5,0.0,1.81386e-07,0.046127,0.992291,3.3483e-06,1.90664e-08,1
pmos,sky130_fd_pr__pfet_01v8,tt,27.0,0.5,16.0,0.8,1.5,0.1,1.09374e-07,0.0456605,1.01765,2.11468e-06,1.18971e-08,1
pmos,sky130_fd_pr__pfet_01v8,tt,27.0,0.5,16.0,0.8,1.5,0.2,6.61652e-08,0.0454877,1.04168,1.34936e-06,7.47328e-09,1
pmos,sky130_fd_pr__pfet_01v8,tt,27.0,0.5,16.0,0.8,1.5,0.3,3.9934e-08,0.0454869,1.06458,8.62699e-07,4.69449e-09,1
pmos,sky130_fd_pr__pfet_01v8,tt,27.0,0.5,16.0,0.9,0.15,0.0,8.82093e-07,0.054641,0.996835,1.52727e-05,3.26427e-07,1
pmos,sky130_fd_pr__pfet_01v8,tt,27.0,0.5,16.0,0.9,0.15,0.1,5.55737e-07,0.0515419,1.0222,9.72903e-06,2.00419e-07,1
pmos,sky130_fd_pr__pfet_01v8,tt,27.0,0.5,16.0,0.9,0.15,0.2,3.56407e-07,0.0495362,1.04623,6.32899e-06,1.26673e-07,1
pmos,sky130_fd_pr__pfet_01v8,tt,27.0,0.5,16.0,0.9,0.15,0.3,2.31603e-07,0.0482675,1.06912,4.1979e-06,8.17498e-08,1
pmos,sky130_fd_pr__pfet_01v8,tt,27.0,0.5,16.0,0.9,0.3,0.0,9.14969e-07,0.0547208,0.99633,1.58594e-05,1.72513e-07,1
pmos,sky130_fd_pr__pfet_01v8,tt,27.0,0.5,16.0,0.9,0.3,0.1,5.76292e-07,0.051599,1.02169,1.0095e-05,1.08994e-07,1
pmos,sky130_fd_pr__pfet_01v8,tt,27.0,0.5,16.0,0.9,0.3,0.2,3.6956e-07,0.0495767,1.04572,6.5638e-06,7.02566e-08,1
pmos,sky130_fd_pr__pfet_01v8,tt,27.0,0.5,16.0,0.9,0.3,0.3,2.40167e-07,0.0482961,1.06862,4.35238e-06,4.6006e-08,1
pmos,sky130_fd_pr__pfet_01v8,tt,27.0,0.5,16.0,0.9,0.5,0.0,9.45418e-07,0.054828,0.995657,1.63844e-05,1.38185e-07,1
pmos,sky130_fd_pr__pfet_01v8,tt,27.0,0.5,16.0,0.9,0.5,0.1,5.95605e-07,0.0516757,1.02102,1.04304e-05,8.79103e-08,1
pmos,sky130_fd_pr__pfet_01v8,tt,27.0,0.5,16.0,0.9,0.5,0.2,3.82047e-07,0.0496311,1.04505,6.78241e-06,5.69869e-08,1
pmos,sky130_fd_pr__pfet_01v8,tt,27.0,0.5,16.0,0.9,0.5,0.3,2.48367e-07,0.0483346,1.06794,4.49778e-06,3.75099e-08,1
pmos,sky130_fd_pr__pfet_01v8,tt,27.0,0.5,16.0,0.9,0.8,0.0,9.83552e-07,0.0549906,0.994647,1.70352e-05,1.18951e-07,1
pmos,sky130_fd_pr__pfet_01v8,tt,27.0,0.5,16.0,0.9,0.8,0.1,6.19928e-07,0.0517921,1.02001,1.08494e-05,7.60421e-08,1
pmos,sky130_fd_pr__pfet_01v8,tt,27.0,0.5,16.0,0.9,0.8,0.2,3.97851e-07,0.0497138,1.04404,7.05692e-06,4.95029e-08,1
pmos,sky130_fd_pr__pfet_01v8,tt,27.0,0.5,16.0,0.9,0.8,0.3,2.58792e-07,0.0483931,1.06693,4.68111e-06,3.27194e-08,1
pmos,sky130_fd_pr__pfet_01v8,tt,27.0,0.5,16.0,0.9,1.2,0.0,1.02872e-06,0.0552104,0.993301,1.78006e-05,1.08456e-07,1
pmos,sky130_fd_pr__pfet_01v8,tt,27.0,0.5,16.0,0.9,1.2,0.1,6.48863e-07,0.0519499,1.01866,1.13448e-05,6.95988e-08,1
pmos,sky130_fd_pr__pfet_01v8,tt,27.0,0.5,16.0,0.9,1.2,0.2,4.16721e-07,0.0498259,1.04269,7.38277e-06,4.54619e-08,1
pmos,sky130_fd_pr__pfet_01v8,tt,27.0,0.5,16.0,0.9,1.2,0.3,2.71287e-07,0.0484724,1.06559,4.89937e-06,3.01508e-08,1
pmos,sky130_fd_pr__pfet_01v8,tt,27.0,0.5,16.0,0.9,1.5,0.0,1.06065e-06,0.0553777,0.992291,1.83391e-05,1.04785e-07,1
pmos,sky130_fd_pr__pfet_01v8,tt,27.0,0.5,16.0,0.9,1.5,0.1,6.69374e-07,0.05207,1.01765,1.16947e-05,6.73792e-08,1
pmos,sky130_fd_pr__pfet_01v8,tt,27.0,0.5,16.0,0.9,1.5,0.2,4.30131e-07,0.0499114,1.04168,7.61344e-06,4.4091e-08,1
pmos,sky130_fd_pr__pfet_01v8,tt,27.0,0.5,16.0,0.9,1.5,0.3,2.80189e-07,0.0485329,1.06458,5.05415e-06,2.92944e-08,1
pmos,sky130_fd_pr__pfet_01v8,tt,27.0,0.5,16.0,1.0,0.15,0.0,4.78741e-06,0.0829883,0.996835,7.66936e-05,2.43438e-06,1
pmos,sky130_fd_pr__pfet_01v8,tt,27.0,0.5,16.0,1.0,0.15,0.1,3.13049e-06,0.0734124,1.0222,5.26081e-05,1.40904e-06,1
pmos,sky130_fd_pr__pfet_01v8,tt,27.0,0.5,16.0,1.0,0.15,0.2,2.05563e-06,0.0660662,1.04623,3.55389e-05,8.51733e-07,1
pmos,sky130_fd_pr__pfet_01v8,tt,27.0,0.5,16.0,1.0,0.15,0.3,1.36235e-06,0.0605791,1.06912,2.39077e-05,5.33657e-07,1
pmos,sky130_fd_pr__pfet_01v8,tt,27.0,0.5,16.0,1.0,0.3,0.0,4.99004e-06,0.0832062,0.99633,8.04374e-05,9.53686e-07,1
pmos,sky130_fd_pr__pfet_01v8,tt,27.0,0.5,16.0,1.0,0.3,0.1,3.25672e-06,0.0735913,1.02169,5.49418e-05,6.21287e-07,1
pmos,sky130_fd_pr__pfet_01v8,tt,27.0,0.5,16.0,1.0,0.3,0.2,2.13594e-06,0.0662087,1.04572,3.70224e-05,4.07251e-07,1
pmos,sky130_fd_pr__pfet_01v8,tt,27.0,0.5,16.0,1.0,0.3,0.3,1.41448e-06,0.06069,1.06862,2.48665e-05,2.69655e-07,1
pmos,sky130_fd_pr__pfet_01v8,tt,27.0,0.5,16.0,1.0,0.5,0.0,5.15365e-06,0.0834981,0.995657,8.30324e-05,7.27714e-07,1
pmos,sky130_fd_pr__pfet_01v8,tt,27.0,0.5,16.0,1.0,0.5,0.1,3.36459e-06,0.073831,1.02102,5.67387e-05,4.83957e-07,1
pmos,sky130_fd_pr__pfet_01v8,tt,27.0,0.5,16.0,1.0,0.5,0.2,2.20726e-06,0.0663999,1.04505,3.82485e-05,3.21958e-07,1
pmos,sky130_fd_pr__pfet_01v8,tt,27.0,0.5,16.0,1.0,0.5,0.3,1.46198e-06,0.0608388,1.06794,2.56977e-05,2.1545e-07,1
pmos,sky130_fd_pr__pfet_01v8,tt,27.0,0.5,16.0,1.0,0.8,0.0,5.35141e-06,0.0839385,0.994647,8.60471e-05,6.08971e-07,1
pmos,sky130_fd_pr__pfet_01v8,tt,27.0,0.5,16.0,1.0,0.8,0.1,3.49701e-06,0.0741934,1.02001,5.88835e-05,4.10139e-07,1
pmos,sky130_fd_pr__pfet_01v8,tt,27.0,0.5,16.0,1.0,0.8,0.2,2.2958e-06,0.0666891,1.04404,3.97413e-05,2.75398e-07,1
pmos,sky130_fd_pr__pfet_01v8,tt,27.0,0.5,16.0,1.0,0.8,0.3,1.52145e-06,0.0610641,1.06693,2.67239e-05,1.85546e-07,1
pmos,sky130_fd_pr__pfet_01v8,tt,27.0,0.5,16.0,1.0,1.2,0.0,5.58004e-06,0.0845308,0.993301,8.94365e-05,5.43433e-07,1
pmos,sky130_fd_pr__pfet_01v8,tt,27.0,0.5,16.0,1.0,1.2,0.1,3.65179e-06,0.0746815,1.01866,6.13414e-05,3.69605e-07,1
pmos,sky130_fd_pr__pfet_01v8,tt,27.0,0.5,16.0,1.0,1.2,0.2,2.40013e-06,0.0670795,1.04269,4.14765e-05,2.49986e-07,1
pmos,sky130_fd_pr__pfet_01v8,tt,27.0,0.5,16.0,1.0,1.2,0.3,1.59194e-06,0.0613688,1.06559,2.79288e-05,1.69314e-07,1
pmos,sky130_fd_pr__pfet_01v8,tt,27.0,0.5,16.0,1.0,1.5,0.0,5.73908e-06,0.0849788,0.992291,9.17505e-05,5.19023e-07,1
pmos,sky130_fd_pr__pfet_01v8,tt,27.0,0.5,16.0,1.0,1.5,0.1,3.76025e-06,0.0750514,1.01765,6.30409e-05,3.54863e-07,1
pmos,sky130_fd_pr__pfet_01v8,tt,27.0,0.5,16.0,1.0,1.5,0.2,2.47363e-06,0.0673758,1.04168,4.26878e-05,2.40953e-07,1
pmos,sky130_fd_pr__pfet_01v8,tt,27.0,0.5,16.0,1.0,1.5,0.3,1.64179e-06,0.0616004,1.06458,2.87758e-05,1.6366e-07,1
pmos,sky130_fd_pr__pfet_01v8,tt,27.0,0.5,16.0,1.2,0.15,0.0,4.64344e-05,0.215102,0.996835,0.00030945,0.000150347,0
pmos,sky130_fd_pr__pfet_01v8,tt,27.0,0.5,16.0,1.2,0.15,0.1,3.88491e-05,0.197,1.0222,0.000295898,0.000109916,0
pmos,sky130_fd_pr__pfet_01v8,tt,27.0,0.5,16.0,1.2,0.15,0.2,3.19996e-05,0.179759,1.04623,0.000278195,7.64438e-05,0
pmos,sky130_fd_pr__pfet_01v8,tt,27.0,0.5,16.0,1.2,0.15,0.3,2.59043e-05,0.163433,1.06912,0.000255814,5.0386e-05,0
pmos,sky130_fd_pr__pfet_01v8,tt,27.0,0.5,16.0,1.2,0.3,0.0,5.52672e-05,0.215499,0.99633,0.000444764,1.65901e-05,1
pmos,sky130_fd_pr__pfet_01v8,tt,27.0,0.5,16.0,1.2,0.3,0.1,4.48262e-05,0.197394,1.02169,0.000398987,1.18641e-05,1
pmos,sky130_fd_pr__pfet_01v8,tt,27.0,0.5,16.0,1.2,0.3,0.2,3.59396e-05,0.180148,1.04572,0.000352938,8.63852e-06,1
pmos,sky130_fd_pr__pfet_01v8,tt,27.0,0.5,16.0,1.2,0.3,0.3,2.8456e-05,0.163813,1.06862,0.000307402,6.36599e-06,1
pmos,sky130_fd_pr__pfet_01v8,tt,27.0,0.5,16.0,1.2,0.5,0.0,5.73467e-05,0.216028,0.995657,0.000467087,7.63587e-06,1
pmos,sky130_fd_pr__pfet_01v8,tt,27.0,0.5,16.0,1.2,0.5,0.1,4.64233e-05,0.19792,1.02102,0.000416427,6.12238e-06,1
pmos,sky130_fd_pr__pfet_01v8,tt,27.0,0.5,16.0,1.2,0.5,0.2,3.71719e-05,0.180666,1.04505,0.000366817,4.8892e-06,1
pmos,sky130_fd_pr__pfet_01v8,tt,27.0,0.5,16.0,1.2,0.5,0.3,2.94075e-05,0.164319,1.06794,0.000318581,3.88146e-06,1
pmos,sky130_fd_pr__pfet_01v8,tt,27.0,0.5,16.0,1.2,0.8,0.0,5.92287e-05,0.216823,0.994647,0.000482284,5.35015e-06,1
pmos,sky130_fd_pr__pfet_01v8,tt,27.0,0.5,16.0,1.2,0.8,0.1,4.79575e-05,0.198709,1.02001,0.000429704,4.419e-06,1
pmos,sky130_fd_pr__pfet_01v8,tt,27.0,0.5,16.0,1.2,0.8,0.2,3.84157e-05,0.181444,1.04404,0.000378396,3.62618e-06,1
pmos,sky130_fd_pr__pfet_01v8,tt,27.0,0.5,16.0,1.2,0.8,0.3,3.04085e-05,0.16508,1.06693,0.000328639,2.95147e-06,1
pmos,sky130_fd_pr__pfet_01v8,tt,27.0,0.5,16.0,1.2,1.2,0.0,6.11131e-05,0.217883,0.993301,0.000495817,4.23301e-06,1
pmos,sky130_fd_pr__pfet_01v8,tt,27.0,0.5,16.0,1.2,1.2,0.1,4.95291e-05,0.199762,1.01866,0.000441929,3.56071e-06,1
pmos,sky130_fd_pr__pfet_01v8,tt,27.0,0.5,16.0,1.2,1.2,0.2,3.97173e-05,0.182484,1.04269,0.000389403,2.97332e-06,1
pmos,sky130_fd_pr__pfet_01v8,tt,27.0,0.5,16.0,1.2,1.2,0.3,3.14773e-05,0.166097,1.06559,0.000338495,2.46062e-06,1
pmos,sky130_fd_pr__pfet_01v8,tt,27.0,0.5,16.0,1.2,1.5,0.0,6.23137e-05,0.218678,0.992291,0.000503838,3.80506e-06,1
pmos,sky130_fd_pr__pfet_01v8,tt,27.0,0.5,16.0,1.2,1.5,0.1,5.05437e-05,0.200553,1.01765,0.000449311,3.2293e-06,1
pmos,sky130_fd_pr__pfet_01v8,tt,27.0,0.5,16.0,1.2,1.5,0.2,4.05683e-05,0.183264,1.04168,0.00039617,2.71984e-06,1
pmos,sky130_fd_pr__pfet_01v8,tt,27.0,0.5,16.0,1.2,1.5,0.3,3.21846e-05,0.166861,1.06458,0.000344664,2.26949e-06,1
pmos,sky130_fd_pr__pfet_01v8,tt,27.0,0.5,32.0,0.5,0.15,0.0,1.51776e-10,0.0437432,0.998552,4.51586e-09,5.77725e-11,1
pmos,sky130_fd_pr__pfet_01v8,tt,27.0,0.5,32.0,0.5,0.15,0.1,6.46189e-11,0.0441927,1.02394,1.95858e-09,2.47878e-11,1
pmos,sky130_fd_pr__pfet_01v8,tt,27.0,0.5,32.0,0.5,0.15,0.2,2.8388e-11,0.0445865,1.04799,8.73212e-10,1.0959e-11,1
pmos,sky130_fd_pr__pfet_01v8,tt,27.0,0.5,32.0,0.5,0.15,0.3,1.2832e-11,0.0449364,1.0709,3.99491e-10,4.98002e-12,1
pmos,sky130_fd_pr__pfet_01v8,tt,27.0,0.5,32.0,0.5,0.3,0.0,1.5824e-10,0.0437432,0.998048,4.70747e-09,3.63917e-11,1
pmos,sky130_fd_pr__pfet_01v8,tt,27.0,0.5,32.0,0.5,0.3,0.1,6.73945e-11,0.0441928,1.02343,2.04248e-09,1.56467e-11,1
pmos,sky130_fd_pr__pfet_01v8,tt,27.0,0.5,32.0,0.5,0.3,0.2,2.96158e-11,0.0445865,1.04748,9.10909e-10,6.92925e-12,1
pmos,sky130_fd_pr__pfet_01v8,tt,27.0,0.5,32.0,0.5,0.3,0.3,1.33902e-11,0.0449364,1.0704,4.16846e-10,3.15327e-12,1
pmos,sky130_fd_pr__pfet_01v8,tt,27.0,0.5,32.0,0.5,0.5,0.0,1.64917e-10,0.0437432,0.997374,4.90508e-09,3.13271e-11,1
pmos,sky130_fd_pr__pfet_01v8,tt,27.0,0.5,32.0,0.5,0.5,0.1,7.02694e-11,0.0441928,1.02276,2.1293e-09,1.35064e-11,1
pmos,sky130_fd_pr__pfet_01v8,tt,27.0,0.5,32.0,0.5,0.5,0.2,3.08906e-11,0.0445865,1.04681,9.50018e-10,5.99552e-12,1
pmos,sky130_fd_pr__pfet_01v8,tt,27.0,0.5,32.0,0.5,0.5,0.3,1.39709e-11,0.0449364,1.06972,4.34892e-10,2.73402e-12,1
pmos,sky130_fd_pr__pfet_01v8,tt,27.0,0.5,32.0,0.5,0.8,0.0,1.73862e-10,0.0437433,0.996364,5.16949e-09,2.8773e-11,1
pmos,sky130_fd_pr__pfet_01v8,tt,27.0,0.5,32.0,0.5,0.8,0.1,7.41314e-11,0.0441928,1.02175,2.24583e-09,1.24389e-11,1
pmos,sky130_fd_pr__pfet_01v8,tt,27.0,0.5,32.0,0.5,0.8,0.2,3.2607e-11,0.0445865,1.0458,1.00265e-09,5.53432e-12,1
pmos,sky130_fd_pr__pfet_01v8,tt,27.0,0.5,32.0,0.5,0.8,0.3,1.47544e-11,0.0449364,1.06871,4.59232e-10,2.52873e-12,1
pmos,sky130_fd_pr__pfet_01v8,tt,27.0,0.5,32.0,0.5,1.2,0.0,1.8513e-10,0.0437434,0.995018,5.50218e-09,2.78252e-11,1
pmos,sky130_fd_pr__pfet_01v8,tt,27.0,0.5,32.0,0.5,1.2,0.1,7.90093e-11,0.0441928,1.0204,2.39288e-09,1.20592e-11,1
pmos,sky130_fd_pr__pfet_01v8,tt,27.0,0.5,32.0,0.5,1.2,0.2,3.47796e-11,0.0445866,1.04446,1.06923e-09,5.37654e-12,1
pmos,sky130_fd_pr__pfet_01v8,tt,27.0,0.5,32.0,0.5,1.2,0.3,1.57481e-11,0.0449364,1.06737,4.90084e-10,2.46101e-12,1
pmos,sky130_fd_pr__pfet_01v8,tt,27.0,0.5,32.0,0.5,1.5,0.0,1.93466e-10,0.0437434,0.994008,5.74807e-09,2.78161e-11,1
pmos,sky130_fd_pr__pfet_01v8,tt,27.0,0.5,32.0,0.5,1.5,0.1,8.2625e-11,0.0441928,1.01939,2.50181e-09,1.20731e-11,1
pmos,sky130_fd_pr__pfet_01v8,tt,27.0,0.5,32.0,0.5,1.5,0.2,3.63927e-11,0.0445866,1.04345,1.11864e-09,5.38929e-12,1
pmos,sky130_fd_pr__pfet_01v8,tt,27.0,0.5,32.0,0.5,1.5,0.3,1.64868e-11,0.0449364,1.06636,5.13015e-10,2.46941e-12,1
pmos,sky130_fd_pr__pfet_01v8,tt,27.0,0.5,32.0,0.6,0.15,0.0,2.76154e-09,0.0437632,0.998552,7.70398e-08,1.03404e-09,1
pmos,sky130_fd_pr__pfet_01v8,tt,27.0,0.5,32.0,0.6,0.15,0.1,1.26717e-09,0.044202,1.02394,3.66332e-08,4.80144e-10,1
pmos,sky130_fd_pr__pfet_01v8,tt,27.0,0.5,32.0,0.6,0.15,0.2,5.90895e-10,0.0445909,1.04799,1.75597e-08,2.26043e-10,1
pmos,sky130_fd_pr__pfet_01v8,tt,27.0,0.5,32.0,0.6,0.15,0.3,2.80253e-10,0.0449385,1.0709,8.50886e-09,1.08039e-10,1
pmos,sky130_fd_pr__pfet_01v8,tt,27.0,0.5,32.0,0.6,0.3,0.0,2.87645e-09,0.0437636,0.998048,8.02001e-08,6.43437e-10,1
pmos,sky130_fd_pr__pfet_01v8,tt,27.0,0.5,32.0,0.6,0.3,0.1,1.32067e-09,0.0442021,1.02343,3.81631e-08,3.00347e-10,1
pmos,sky130_fd_pr__pfet_01v8,tt,27.0,0.5,32.0,0.6,0.3,0.2,6.16126e-10,0.0445909,1.04748,1.83036e-08,1.41978e-10,1
pmos,sky130_fd_pr__pfet_01v8,tt,27.0,0.5,32.0,0.6,0.3,0.3,2.9233e-10,0.0449385,1.0704,8.87338e-09,6.80769e-11,1
pmos,sky130_fd_pr__pfet_01v8,tt,27.0,0.5,32.0,0.6,0.5,0.0,2.99404e-09,0.043764,0.997374,8.34147e-08,5.49752e-10,1
pmos,sky130_fd_pr__pfet_01v8,tt,27.0,0.5,32.0,0.6,0.5,0.1,1.37569e-09,0.0442023,1.02276,3.97299e-08,2.57832e-10,1
pmos,sky130_fd_pr__pfet_01v8,tt,27.0,0.5,32.0,0.6,0.5,0.2,6.42189e-10,0.044591,1.04681,1.90695e-08,1.2235e-10,1
pmos,sky130_fd_pr__pfet_01v8,tt,27.0,0.5,32.0,0.6,0.5,0.3,3.04848e-10,0.0449385,1.06972,9.25033e-09,5.88519e-11,1
pmos,sky130_fd_pr__pfet_01v8,tt,27.0,0.5,32.0,0.6,0.8,0.0,3.1504e-09,0.0437646,0.996364,8.76692e-08,5.01144e-10,1
pmos,sky130_fd_pr__pfet_01v8,tt,27.0,0.5,32.0,0.6,0.8,0.1,1.4492e-09,0.0442026,1.02175,4.18159e-08,2.36137e-10,1
pmos,sky130_fd_pr__pfet_01v8,tt,27.0,0.5,32.0,0.6,0.8,0.2,6.77143e-10,0.0445912,1.0458,2.0094e-08,1.12479e-10,1
pmos,sky130_fd_pr__pfet_01v8,tt,27.0,0.5,32.0,0.6,0.8,0.3,3.21688e-10,0.0449386,1.06871,9.75652e-09,5.42713e-11,1
pmos,sky130_fd_pr__pfet_01v8,tt,27.0,0.5,32.0,0.6,1.2,0.0,3.34591e-09,0.0437655,0.995018,9.29639e-08,4.8106e-10,1
pmos,sky130_fd_pr__pfet_01v8,tt,27.0,0.5,32.0,0.6,1.2,0.1,1.54154e-09,0.0442031,1.0204,4.44269e-08,2.27672e-10,1
pmos,sky130_fd_pr__pfet_01v8,tt,27.0,0.5,32.0,0.6,1.2,0.2,7.21206e-10,0.0445914,1.04446,2.13824e-08,1.08831e-10,1
pmos,sky130_fd_pr__pfet_01v8,tt,27.0,0.5,32.0,0.6,1.2,0.3,3.42981e-10,0.0449387,1.06737,1.03953e-08,5.26619e-11,1
pmos,sky130_fd_pr__pfet_01v8,tt,27.0,0.5,32.0,0.6,1.5,0.0,3.4897e-09,0.0437662,0.994008,9.68436e-08,4.78692e-10,1
pmos,sky130_fd_pr__pfet_01v8,tt,27.0,0.5,32.0,0.6,1.5,0.1,1.60968e-09,0.0442034,1.01939,4.63485e-08,2.2715e-10,1
pmos,sky130_fd_pr__pfet_01v8,tt,27.0,0.5,32.0,0.6,1.5,0.2,7.53815e-10,0.0445915,1.04345,2.23338e-08,1.08812e-10,1
pmos,sky130_fd_pr__pfet_01v8,tt,27.0,0.5,32.0,0.6,1.5,0.3,3.58774e-10,0.0449388,1.06636,1.08684e-08,5.27428e-11,1
pmos,sky130_fd_pr__pfet_01v8,tt,27.0,0.5,32.0,0.7,0.15,0.0,3.64823e-08,0.0440208,0.998552,8.49721e-07,1.31178e-08,1
pmos,sky130_fd_pr__pfet_01v8,tt,27.0,0.5,32.0,0.7,0.15,0.1,1.91155e-08,0.0443388,1.02394,4.74767e-07,6.98737e-09,1
pmos,sky130_fd_pr__pfet_01v8,tt,27.0,0.5,32.0,0.7,0.15,0.2,9.98074e-09,0.044663,1.04799,2.62186e-07,3.70399e-09,1
pmos,sky130_fd_pr__pfet_01v8,tt,27.0,0.5,32.0,0.7,0.15,0.3,5.20036e-09,0.0449763,1.0709,1.43206e-07,1.95581e-09,1
pmos,sky130_fd_pr__pfet_01v8,tt,27.0,0.5,32.0,0.7,0.3,0.0,3.79128e-08,0.0440241,0.998048,8.81994e-07,7.89092e-09,1
pmos,sky130_fd_pr__pfet_01v8,tt,27.0,0.5,32.0,0.7,0.3,0.1,1.98817e-08,0.0443406,1.02343,4.9325e-07,4.24779e-09,1
pmos,sky130_fd_pr__pfet_01v8,tt,27.0,0.5,32.0,0.7,0.3,0.2,1.03888e-08,0.044664,1.04748,2.7264e-07,2.27278e-09,1
pmos,sky130_fd_pr__pfet_01v8,tt,27.0,0.5,32.0,0.7,0.3,0.3,5.41672e-09,0.0449769,1.0704,1.49041e-07,1.20965e-09,1
pmos,sky130_fd_pr__pfet_01v8,tt,27.0,0.5,32.0,0.7,0.5,0.0,3.93396e-08,0.0440285,0.997374,9.137e-07,6.60701e-09,1
pmos,sky130_fd_pr__pfet_01v8,tt,27.0,0.5,32.0,0.7,0.5,0.1,2.06528e-08,0.0443431,1.02276,5.11613e-07,3.58441e-09,1
pmos,sky130_fd_pr__pfet_01v8,tt,27.0,0.5,32.0,0.7,0.5,0.2,1.0803e-08,0.0446654,1.04681,2.83134e-07,1.93122e-09,1
pmos,sky130_fd_pr__pfet_01v8,tt,27.0,0.5,32.0,0.7,0.5,0.3,5.63783e-09,0.0449776,1.06972,1.54953e-07,1.03407e-09,1
pmos,sky130_fd_pr__pfet_01v8,tt,27.0,0.5,32.0,0.7,0.8,0.0,4.11992e-08,0.0440353,0.996364,9.54549e-07,5.90404e-09,1
pmos,sky130_fd_pr__pfet_01v8,tt,27.0,0.5,32.0,0.7,0.8,0.1,2.16658e-08,0.0443469,1.02175,5.35488e-07,3.22744e-09,1
pmos,sky130_fd_pr__pfet_01v8,tt,27.0,0.5,32.0,0.7,0.8,0.2,1.13507e-08,0.0446675,1.0458,2.96896e-07,1.75074e-09,1
pmos,sky130_fd_pr__pfet_01v8,tt,27.0,0.5,32.0,0.7,0.8,0.3,5.93201e-09,0.0449788,1.06871,1.62765e-07,9.42974e-10,1
pmos,sky130_fd_pr__pfet_01v8,tt,27.0,0.5,32.0,0.7,1.2,0.0,4.34798e-08,0.0440445,0.995018,1.00408e-06,5.56061e-09,1
pmos,sky130_fd_pr__pfet_01v8,tt,27.0,0.5,32.0,0.7,1.2,0.1,2.2917e-08,0.0443521,1.0204,5.64689e-07,3.06108e-09,1
pmos,sky130_fd_pr__pfet_01v8,tt,27.0,0.5,32.0,0.7,1.2,0.2,1.20317e-08,0.0446704,1.04446,3.13866e-07,1.67103e-09,1
pmos,sky130_fd_pr__pfet_01v8,tt,27.0,0.5,32.0,0.7,1.2,0.3,6.29986e-09,0.0449804,1.06737,1.72467e-07,9.05011e-10,1
pmos,sky130_fd_pr__pfet_01v8,tt,27.0,0.5,32.0,0.7,1.5,0.0,4.51322e-08,0.0440516,0.994008,1.03967e-06,5.47013e-09,1
pmos,sky130_fd_pr__pfet_01v8,tt,27.0,0.5,32.0,0.7,1.5,0.1,2.38286e-08,0.0443561,1.01939,5.858e-07,3.02363e-09,1
pmos,sky130_fd_pr__pfet_01v8,tt,27.0,0.5,32.0,0.7,1.5,0.2,1.25302e-08,0.0446726,1.04345,3.26208e-07,1.65676e-09,1
pmos,sky130_fd_pr__pfet_01v8,tt,27.0,0.5,32.0,0.7,1.5,0.3,6.57033e-09,0.0449816,1.06636,1.79563e-07,9.00239e-10,1
pmos,sky130_fd_pr__pfet_01v8,tt,27.0,0.5,32.0,0.8,0.15,0.0,2.9033e-07,0.0458719,0.998552,5.41404e-06,1.01207e-07,1
pmos,sky130_fd_pr__pfet_01v8,tt,27.0,0.5,32.0,0.8,0.15,0.1,1.73855e-07,0.0454913,1.02394,3.40478e-06,6.0976e-08,1
pmos,sky130_fd_pr__pfet_01v8,tt,27.0,0.5,32.0,0.8,0.15,0.2,1.0433e-07,0.0453752,1.04799,2.15971e-06,3.69475e-08,1
pmos,sky130_fd_pr__pfet_01v8,tt,27.0,0.5,32.0,0.8,0.15,0.3,6.24079e-08,0.0454121,1.0709,1.37028e-06,2.23663e-08,1
pmos,sky130_fd_pr__pfet_01v8,tt,27.0,0.5,32.0,0.8,0.3,0.0,3.01058e-07,0.0458911,0.998048,5.61064e-06,5.79528e-08,1
pmos,sky130_fd_pr__pfet_01v8,tt,27.0,0.5,32.0,0.8,0.3,0.1,1.80362e-07,0.0455038,1.02343,3.529e-06,3.53421e-08,1
pmos,sky130_fd_pr__pfet_01v8,tt,27.0,0.5,32.0,0.8,0.3,0.2,1.08297e-07,0.0453834,1.04748,2.23931e-06,2.16588e-08,1
pmos,sky130_fd_pr__pfet_01v8,tt,27.0,0.5,32.0,0.8,0.3,0.3,6.48237e-08,0.0454173,1.0704,1.42154e-06,1.32555e-08,1
pmos,sky130_fd_pr__pfet_01v8,tt,27.0,0.5,32.0,0.8,0.5,0.0,3.11398e-07,0.0459171,0.997374,5.79681e-06,4.73259e-08,1
pmos,sky130_fd_pr__pfet_01v8,tt,27.0,0.5,32.0,0.8,0.5,0.1,1.86691e-07,0.0455207,1.02276,3.6477e-06,2.90572e-08,1
pmos,sky130_fd_pr__pfet_01v8,tt,27.0,0.5,32.0,0.8,0.5,0.2,1.1219e-07,0.0453944,1.04681,2.31606e-06,1.7933e-08,1
pmos,sky130_fd_pr__pfet_01v8,tt,27.0,0.5,32.0,0.8,0.5,0.3,6.72152e-08,0.0454244,1.06972,1.47143e-06,1.10547e-08,1
pmos,sky130_fd_pr__pfet_01v8,tt,27.0,0.5,32.0,0.8,0.8,0.0,3.24557e-07,0.0459564,0.996364,6.03122e-06,4.13122e-08,1
pmos,sky130_fd_pr__pfet_01v8,tt,27.0,0.5,32.0,0.8,0.8,0.1,1.94796e-07,0.0455464,1.02175,3.79794e-06,2.55224e-08,1
pmos,sky130_fd_pr__pfet_01v8,tt,27.0,0.5,32.0,0.8,0.8,0.2,1.1721e-07,0.0454111,1.0458,2.41379e-06,1.58555e-08,1
pmos,sky130_fd_pr__pfet_01v8,tt,27.0,0.5,32.0,0.8,0.8,0.3,7.03207e-08,0.0454352,1.06871,1.53538e-06,9.84114e-09,1
pmos,sky130_fd_pr__pfet_01v8,tt,27.0,0.5,32.0,0.8,1.2,0.0,3.40338e-07,0.0460099,0.995018,6.30971e-06,3.8093e-08,1
pmos,sky130_fd_pr__pfet_01v8,tt,27.0,0.5,32.0,0.8,1.2,0.1,2.04574e-07,0.0455814,1.0204,3.97722e-06,2.36609e-08,1
pmos,sky130_fd_pr__pfet_01v8,tt,27.0,0.5,32.0,0.8,1.2,0.2,1.23303e-07,0.0454338,1.04446,2.53101e-06,1.47849e-08,1
pmos,sky130_fd_pr__pfet_01v8,tt,27.0,0.5,32.0,0.8,1.2,0.3,7.41146e-08,0.0454499,1.06737,1.61257e-06,9.23296e-09,1
pmos,sky130_fd_pr__pfet_01v8,tt,27.0,0.5,32.0,0.8,1.5,0.0,3.51587e-07,0.0460507,0.994008,6.5069e-06,3.70233e-08,1
pmos,sky130_fd_pr__pfet_01v8,tt,27.0,0.5,32.0,0.8,1.5,0.1,2.11572e-07,0.0456081,1.01939,4.10452e-06,2.30649e-08,1
pmos,sky130_fd_pr__pfet_01v8,tt,27.0,0.5,32.0,0.8,1.5,0.2,1.27683e-07,0.0454512,1.04345,2.61455e-06,1.44594e-08,1
pmos,sky130_fd_pr__pfet_01v8,tt,27.0,0.5,32.0,0.8,1.5,0.3,7.68548e-08,0.0454611,1.06636,1.66782e-06,9.06104e-09,1
pmos,sky130_fd_pr__pfet_01v8,tt,27.0,0.5,32.0,0.9,0.15,0.0,1.71318e-06,0.0543668,0.998552,2.96708e-05,6.32481e-07,1
pmos,sky130_fd_pr__pfet_01v8,tt,27.0,0.5,32.0,0.9,0.15,0.1,1.07847e-06,0.0513421,1.02394,1.88895e-05,3.88328e-07,1
pmos,sky130_fd_pr__pfet_01v8,tt,27.0,0.5,32.0,0.9,0.15,0.2,6.9101e-07,0.0493914,1.04799,1.22831e-05,2.4536e-07,1
pmos,sky130_fd_pr__pfet_01v8,tt,27.0,0.5,32.0,0.9,0.15,0.3,4.48524e-07,0.0481626,1.0709,8.14357e-06,1.58238e-07,1
pmos,sky130_fd_pr__pfet_01v8,tt,27.0,0.5,32.0,0.9,0.3,0.0,1.77698e-06,0.0544449,0.998048,3.08085e-05,3.35037e-07,1
pmos,sky130_fd_pr__pfet_01v8,tt,27.0,0.5,32.0,0.9,0.3,0.1,1.11834e-06,0.0513978,1.02343,1.95991e-05,2.1154e-07,1
pmos,sky130_fd_pr__pfet_01v8,tt,27.0,0.5,32.0,0.9,0.3,0.2,7.16506e-07,0.0494309,1.04748,1.27384e-05,1.3626e-07,1
pmos,sky130_fd_pr__pfet_01v8,tt,27.0,0.5,32.0,0.9,0.3,0.3,4.65111e-07,0.0481905,1.0704,8.44307e-06,8.9147e-08,1
pmos,sky130_fd_pr__pfet_01v8,tt,27.0,0.5,32.0,0.9,0.5,0.0,1.83613e-06,0.0545499,0.997374,3.18283e-05,2.68475e-07,1
pmos,sky130_fd_pr__pfet_01v8,tt,27.0,0.5,32.0,0.9,0.5,0.1,1.15583e-06,0.0514728,1.02276,2.02502e-05,1.70674e-07,1
pmos,sky130_fd_pr__pfet_01v8,tt,27.0,0.5,32.0,0.9,0.5,0.2,7.4073e-07,0.049484,1.04681,1.31626e-05,1.10557e-07,1
pmos,sky130_fd_pr__pfet_01v8,tt,27.0,0.5,32.0,0.9,0.5,0.3,4.81004e-07,0.0482279,1.06972,8.72515e-06,7.27063e-08,1
pmos,sky130_fd_pr__pfet_01v8,tt,27.0,0.5,32.0,0.9,0.8,0.0,1.91023e-06,0.0547089,0.996364,3.30932e-05,2.31161e-07,1
pmos,sky130_fd_pr__pfet_01v8,tt,27.0,0.5,32.0,0.9,0.8,0.1,1.20306e-06,0.0515865,1.02175,2.10638e-05,1.47663e-07,1
pmos,sky130_fd_pr__pfet_01v8,tt,27.0,0.5,32.0,0.9,0.8,0.2,7.71392e-07,0.0495646,1.0458,1.36955e-05,9.60574e-08,1
pmos,sky130_fd_pr__pfet_01v8,tt,27.0,0.5,32.0,0.9,0.8,0.3,5.01214e-07,0.0482848,1.06871,9.0809e-06,6.34364e-08,1
pmos,sky130_fd_pr__pfet_01v8,tt,27.0,0.5,32.0,0.9,1.2,0.0,1.99802e-06,0.0549242,0.995018,3.45814e-05,2.10805e-07,1
pmos,sky130_fd_pr__pfet_01v8,tt,27.0,0.5,32.0,0.9,1.2,0.1,1.25925e-06,0.0517406,1.0204,2.20262e-05,1.35172e-07,1
pmos,sky130_fd_pr__pfet_01v8,tt,27.0,0.5,32.0,0.9,1.2,0.2,8.08012e-07,0.0496739,1.04446,1.43281e-05,8.82311e-08,1
pmos,sky130_fd_pr__pfet_01v8,tt,27.0,0.5,32.0,0.9,1.2,0.3,5.25442e-07,0.048362,1.06737,9.50444e-06,5.84681e-08,1
pmos,sky130_fd_pr__pfet_01v8,tt,27.0,0.5,32.0,0.9,1.5,0.0,2.06008e-06,0.055088,0.994008,3.56287e-05,2.03688e-07,1
pmos,sky130_fd_pr__pfet_01v8,tt,27.0,0.5,32.0,0.9,1.5,0.1,1.29909e-06,0.051858,1.01939,2.27059e-05,1.30872e-07,1
pmos,sky130_fd_pr__pfet_01v8,tt,27.0,0.5,32.0,0.9,1.5,0.2,8.3404e-07,0.0497573,1.04345,1.47759e-05,8.55781e-08,1
pmos,sky130_fd_pr__pfet_01v8,tt,27.0,0.5,32.0,0.9,1.5,0.3,5.42706e-07,0.048421,1.06636,9.80483e-06,5.68136e-08,1
pmos,sky130_fd_pr__pfet_01v8,tt,27.0,0.5,32.0,1.0,0.15,0.0,9.318e-06,0.0822435,0.998552,0.00014976,4.69079e-06,1
pmos,sky130_fd_pr__pfet_01v8,tt,27.0,0.5,32.0,1.0,0.15,0.1,6.08218e-06,0.072794,1.02394,0.000102418,2.71768e-06,1
pmos,sky130_fd_pr__pfet_01v8,tt,27.0,0.5,32.0,1.0,0.15,0.2,3.98871e-06,0.0655675,1.04799,6.9029e-05,1.64397e-06,1
pmos,sky130_fd_pr__pfet_01v8,tt,27.0,0.5,32.0,1.0,0.15,0.3,2.64106e-06,0.0601861,1.0709,4.63647e-05,1.03059e-06,1
pmos,sky130_fd_pr__pfet_01v8,tt,27.0,0.5,32.0,1.0,0.3,0.0,9.71074e-06,0.0824587,0.998048,0.000157011,1.8552e-06,1
pmos,sky130_fd_pr__pfet_01v8,tt,27.0,0.5,32.0,1.0,0.3,0.1,6.32672e-06,0.0729701,1.02343,0.000106936,1.20666e-06,1
pmos,sky130_fd_pr__pfet_01v8,tt,27.0,0.5,32.0,1.0,0.3,0.2,4.14423e-06,0.0657074,1.04748,7.18997e-05,7.90004e-07,1
pmos,sky130_fd_pr__pfet_01v8,tt,27.0,0.5,32.0,1.0,0.3,0.3,2.74197e-06,0.0602946,1.0704,4.8219e-05,5.22638e-07,1
pmos,sky130_fd_pr__pfet_01v8,tt,27.0,0.5,32.0,1.0,0.5,0.0,1.00293e-05,0.0827468,0.997374,0.00016208,1.41769e-06,1
pmos,sky130_fd_pr__pfet_01v8,tt,27.0,0.5,32.0,1.0,0.5,0.1,6.53635e-06,0.0732062,1.02276,0.000110436,9.40971e-07,1
pmos,sky130_fd_pr__pfet_01v8,tt,27.0,0.5,32.0,1.0,0.5,0.2,4.28263e-06,0.0658951,1.04681,7.42823e-05,6.25052e-07,1
pmos,sky130_fd_pr__pfet_01v8,tt,27.0,0.5,32.0,1.0,0.5,0.3,2.83407e-06,0.0604403,1.06972,4.98311e-05,4.17825e-07,1
pmos,sky130_fd_pr__pfet_01v8,tt,27.0,0.5,32.0,1.0,0.8,0.0,1.04147e-05,0.0831818,0.996364,0.000167979,1.18734e-06,1
pmos,sky130_fd_pr__pfet_01v8,tt,27.0,0.5,32.0,1.0,0.8,0.1,6.79391e-06,0.0735629,1.02175,0.00011462,7.9795e-07,1
pmos,sky130_fd_pr__pfet_01v8,tt,27.0,0.5,32.0,1.0,0.8,0.2,4.45456e-06,0.0661791,1.0458,7.71862e-05,5.3491e-07,1
pmos,sky130_fd_pr__pfet_01v8,tt,27.0,0.5,32.0,1.0,0.8,0.3,2.94942e-06,0.060661,1.06871,5.18233e-05,3.59954e-07,1
pmos,sky130_fd_pr__pfet_01v8,tt,27.0,0.5,32.0,1.0,1.2,0.0,1.08607e-05,0.0837667,0.995018,0.000174621,1.06023e-06,1
pmos,sky130_fd_pr__pfet_01v8,tt,27.0,0.5,32.0,1.0,1.2,0.1,7.09512e-06,0.0740435,1.0204,0.00011942,7.1944e-07,1
pmos,sky130_fd_pr__pfet_01v8,tt,27.0,0.5,32.0,1.0,1.2,0.2,4.65725e-06,0.0665624,1.04446,8.05642e-05,4.85725e-07,1
pmos,sky130_fd_pr__pfet_01v8,tt,27.0,0.5,32.0,1.0,1.2,0.3,3.08618e-06,0.0609594,1.06737,5.41637e-05,3.2855e-07,1
pmos,sky130_fd_pr__pfet_01v8,tt,27.0,0.5,32.0,1.0,1.5,0.0,1.1171e-05,0.0842092,0.994008,0.000179159,1.01295e-06,1
pmos,sky130_fd_pr__pfet_01v8,tt,27.0,0.5,32.0,1.0,1.5,0.1,7.30627e-06,0.0744078,1.01939,0.000122741,6.90925e-07,1
pmos,sky130_fd_pr__pfet_01v8,tt,27.0,0.5,32.0,1.0,1.5,0.2,4.80008e-06,0.0668534,1.04345,8.29237e-05,4.68265e-07,1
pmos,sky130_fd_pr__pfet_01v8,tt,27.0,0.5,32.0,1.0,1.5,0.3,3.18294e-06,0.0611863,1.06636,5.58095e-05,3.17622e-07,1
pmos,sky130_fd_pr__pfet_01v8,tt,27.0,0.5,32.0,1.2,0.15,0.0,9.18292e-05,0.21373,0.998552,0.000617438,0.000294686,0
pmos,sky130_fd_pr__pfet_01v8,tt,27.0,0.5,32.0,1.2,0.15,0.1,7.6683e-05,0.195622,1.02394,0.000589627,0.000214396,0
pmos,sky130_fd_pr__pfet_01v8,tt,27.0,0.5,32.0,1.2,0.15,0.2,6.30272e-05,0.178386,1.04799,0.000553338,0.000148256,0
pmos,sky130_fd_pr__pfet_01v8,tt,27.0,0.5,32.0,1.2,0.15,0.3,5.09003e-05,0.162078,1.0709,0.000507588,9.71266e-05,0
pmos,sky130_fd_pr__pfet_01v8,tt,27.0,0.5,32.0,1.2,0.3,0.0,0.000109034,0.214126,0.998048,0.000883277,3.23928e-05,1
pmos,sky130_fd_pr__pfet_01v8,tt,27.0,0.5,32.0,1.2,0.3,0.1,8.82815e-05,0.196016,1.02343,0.000791197,2.31691e-05,1
pmos,sky130_fd_pr__pfet_01v8,tt,27.0,0.5,32.0,1.2,0.3,0.2,7.06462e-05,0.178774,1.04748,0.000698709,1.68676e-05,1
pmos,sky130_fd_pr__pfet_01v8,tt,27.0,0.5,32.0,1.2,0.3,0.3,5.58216e-05,0.162456,1.0704,0.000607392,1.24239e-05,1
pmos,sky130_fd_pr__pfet_01v8,tt,27.0,0.5,32.0,1.2,0.5,0.0,0.000113118,0.214655,0.997374,0.000927111,1.50461e-05,1
pmos,sky130_fd_pr__pfet_01v8,tt,27.0,0.5,32.0,1.2,0.5,0.1,9.14159e-05,0.196541,1.02276,0.000825465,1.20493e-05,1
pmos,sky130_fd_pr__pfet_01v8,tt,27.0,0.5,32.0,1.2,0.5,0.2,7.30625e-05,0.179291,1.04681,0.000725987,9.60905e-06,1
pmos,sky130_fd_pr__pfet_01v8,tt,27.0,0.5,32.0,1.2,0.5,0.3,5.7685e-05,0.162961,1.06972,0.00062936,7.61666e-06,1
pmos,sky130_fd_pr__pfet_01v8,tt,27.0,0.5,32.0,1.2,0.8,0.0,0.00011683,0.215449,0.996364,0.000957221,1.05642e-05,1
pmos,sky130_fd_pr__pfet_01v8,tt,27.0,0.5,32.0,1.2,0.8,0.1,9.44386e-05,0.197329,1.02175,0.000851751,8.71435e-06,1
pmos,sky130_fd_pr__pfet_01v8,tt,27.0,0.5,32.0,1.2,0.8,0.2,7.55095e-05,0.180068,1.0458,0.000748892,7.14054e-06,1
pmos,sky130_fd_pr__pfet_01v8,tt,27.0,0.5,32.0,1.2,0.8,0.3,5.96514e-05,0.16372,1.06871,0.000649236,5.80248e-06,1
pmos,sky130_fd_pr__pfet_01v8,tt,27.0,0.5,32.0,1.2,1.2,0.0,0.000120554,0.216508,0.995018,0.000984095,8.36847e-06,1
pmos,sky130_fd_pr__pfet_01v8,tt,27.0,0.5,32.0,1.2,1.2,0.1,9.75398e-05,0.198381,1.0204,0.000876013,7.03044e-06,1
pmos,sky130_fd_pr__pfet_01v8,tt,27.0,0.5,32.0,1.2,1.2,0.2,7.80743e-05,0.181105,1.04446,0.000770719,5.86223e-06,1
pmos,sky130_fd_pr__pfet_01v8,tt,27.0,0.5,32.0,1.2,1.2,0.3,6.1754e-05,0.164734,1.06737,0.00066876,4.84349e-06,1
pmos,sky130_fd_pr__pfet_01v8,tt,27.0,0.5,32.0,1.2,1.5,0.0,0.000122928,0.217302,0.994008,0.00100004,7.52681e-06,1
pmos,sky130_fd_pr__pfet_01v8,tt,27.0,0.5,32.0,1.2,1.5,0.1,9.95437e-05,0.19917,1.01939,0.000890681,6.3799e-06,1
pmos,sky130_fd_pr__pfet_01v8,tt,27.0,0.5,32.0,1.2,1.5,0.2,7.97526e-05,0.181884,1.04345,0.000784157,5.36573e-06,1
pmos,sky130_fd_pr__pfet_01v8,tt,27.0,0.5,32.0,1.2,1.5,0.3,6.31466e-05,0.165495,1.06636,0.000680998,4.47001e-06,1
pmos,sky130_fd_pr__pfet_01v8,tt,27.0,0.5,63.0,0.5,0.15,0.0,2.91452e-10,0.0437406,0.999397,8.67397e-09,1.10949e-10,1
pmos,sky130_fd_pr__pfet_01v8,tt,27.0,0.5,63.0,0.5,0.15,0.1,1.23982e-10,0.0441902,1.02479,3.75855e-09,4.75623e-11,1
pmos,sky130_fd_pr__pfet_01v8,tt,27.0,0.5,63.0,0.5,0.15,0.2,5.44259e-11,0.0445839,1.04886,1.67435e-09,2.10114e-11,1
pmos,sky130_fd_pr__pfet_01v8,tt,27.0,0.5,63.0,0.5,0.15,0.3,2.45845e-11,0.0449338,1.07178,7.65447e-10,9.54126e-12,1
pmos,sky130_fd_pr__pfet_01v8,tt,27.0,0.5,63.0,0.5,0.3,0.0,3.03867e-10,0.0437406,0.998892,9.04206e-09,6.98925e-11,1
pmos,sky130_fd_pr__pfet_01v8,tt,27.0,0.5,63.0,0.5,0.3,0.1,1.29308e-10,0.0441902,1.02429,3.91959e-09,3.00241e-11,1
pmos,sky130_fd_pr__pfet_01v8,tt,27.0,0.5,63.0,0.5,0.3,0.2,5.678e-11,0.0445839,1.04835,1.74664e-09,1.32859e-11,1
pmos,sky130_fd_pr__pfet_01v8,tt,27.0,0.5,63.0,0.5,0.3,0.3,2.56539e-11,0.0449338,1.07127,7.98701e-10,6.04161e-12,1
pmos,sky130_fd_pr__pfet_01v8,tt,27.0,0.5,63.0,0.5,0.5,0.0,3.16691e-10,0.0437407,0.998219,9.42171e-09,6.01674e-11,1
pmos,sky130_fd_pr__pfet_01v8,tt,27.0,0.5,63.0,0.5,0.5,0.1,1.34825e-10,0.0441902,1.02361,4.08621e-09,2.59177e-11,1
pmos,sky130_fd_pr__pfet_01v8,tt,27.0,0.5,63.0,0.5,0.5,0.2,5.92242e-11,0.0445839,1.04768,1.82164e-09,1.14958e-11,1
pmos,sky130_fd_pr__pfet_01v8,tt,27.0,0.5,63.0,0.5,0.5,0.3,2.67666e-11,0.0449338,1.0706,8.33282e-10,5.23841e-12,1
pmos,sky130_fd_pr__pfet_01v8,tt,27.0,0.5,63.0,0.5,0.8,0.0,3.33871e-10,0.0437407,0.997209,9.92973e-09,5.52635e-11,1
pmos,sky130_fd_pr__pfet_01v8,tt,27.0,0.5,63.0,0.5,0.8,0.1,1.42236e-10,0.0441902,1.02261,4.30988e-09,2.38698e-11,1
pmos,sky130_fd_pr__pfet_01v8,tt,27.0,0.5,63.0,0.5,0.8,0.2,6.25153e-11,0.0445839,1.04667,1.92257e-09,1.06117e-11,1
pmos,sky130_fd_pr__pfet_01v8,tt,27.0,0.5,63.0,0.5,0.8,0.3,2.82679e-11,0.0449338,1.06959,8.79922e-10,4.84513e-12,1
pmos,sky130_fd_pr__pfet_01v8,tt,27.0,0.5,63.0,0.5,1.2,0.0,3.55514e-10,0.0437408,0.995862,1.05689e-08,5.34447e-11,1
pmos,sky130_fd_pr__pfet_01v8,tt,27.0,0.5,63.0,0.5,1.2,0.1,1.51596e-10,0.0441902,1.02126,4.59214e-09,2.31417e-11,1
pmos,sky130_fd_pr__pfet_01v8,tt,27.0,0.5,63.0,0.5,1.2,0.2,6.66812e-11,0.044584,1.04532,2.05026e-09,1.03093e-11,1
pmos,sky130_fd_pr__pfet_01v8,tt,27.0,0.5,63.0,0.5,1.2,0.3,3.01717e-11,0.0449338,1.06824,9.39045e-10,4.71545e-12,1
pmos,sky130_fd_pr__pfet_01v8,tt,27.0,0.5,63.0,0.5,1.5,0.0,3.71526e-10,0.0437408,0.994853,1.10414e-08,5.34282e-11,1
pmos,sky130_fd_pr__pfet_01v8,tt,27.0,0.5,63.0,0.5,1.5,0.1,1.58535e-10,0.0441903,1.02025,4.80123e-09,2.31686e-11,1
pmos,sky130_fd_pr__pfet_01v8,tt,27.0,0.5,63.0,0.5,1.5,0.2,6.97742e-11,0.044584,1.04431,2.14501e-09,1.03339e-11,1
pmos,sky130_fd_pr__pfet_01v8,tt,27.0,0.5,63.0,0.5,1.5,0.3,3.15872e-11,0.0449338,1.06723,9.82987e-10,4.73158e-12,1
pmos,sky130_fd_pr__pfet_01v8,tt,27.0,0.5,63.0,0.6,0.15,0.0,5.31122e-09,0.0437602,0.999397,1.4831e-07,1.98925e-09,1
pmos,sky130_fd_pr__pfet_01v8,tt,27.0,0.5,63.0,0.6,0.15,0.1,2.43419e-09,0.0441992,1.02479,7.04222e-08,9.22513e-10,1
pmos,sky130_fd_pr__pfet_01v8,tt,27.0,0.5,63.0,0.6,0.15,0.2,1.13389e-09,0.0445881,1.04886,3.37147e-08,4.33824e-10,1
pmos,sky130_fd_pr__pfet_01v8,tt,27.0,0.5,63.0,0.6,0.15,0.3,5.37291e-10,0.0449358,1.07178,1.63196e-08,2.07149e-10,1
pmos,sky130_fd_pr__pfet_01v8,tt,27.0,0.5,63.0,0.6,0.3,0.0,5.53231e-09,0.0437605,0.998892,1.54396e-07,1.23806e-09,1
pmos,sky130_fd_pr__pfet_01v8,tt,27.0,0.5,63.0,0.6,0.3,0.1,2.53697e-09,0.0441993,1.02429,7.33644e-08,5.77155e-10,1
pmos,sky130_fd_pr__pfet_01v8,tt,27.0,0.5,63.0,0.6,0.3,0.2,1.18232e-09,0.0445882,1.04835,3.51433e-08,2.7252e-10,1
pmos,sky130_fd_pr__pfet_01v8,tt,27.0,0.5,63.0,0.6,0.3,0.3,5.60447e-10,0.0449358,1.07127,1.70189e-08,1.30541e-10,1
pmos,sky130_fd_pr__pfet_01v8,tt,27.0,0.5,63.0,0.6,0.5,0.0,5.75858e-09,0.0437609,0.998219,1.60589e-07,1.05791e-09,1
pmos,sky130_fd_pr__pfet_01v8,tt,27.0,0.5,63.0,0.6,0.5,0.1,2.64271e-09,0.0441995,1.02361,7.6378e-08,4.95498e-10,1
pmos,sky130_fd_pr__pfet_01v8,tt,27.0,0.5,63.0,0.6,0.5,0.2,1.23235e-09,0.0445883,1.04768,3.66145e-08,2.3486e-10,1
pmos,sky130_fd_pr__pfet_01v8,tt,27.0,0.5,63.0,0.6,0.5,0.3,5.84451e-10,0.0449359,1.0706,1.77422e-08,1.12857e-10,1
pmos,sky130_fd_pr__pfet_01v8,tt,27.0,0.5,63.0,0.6,0.8,0.0,6.05948e-09,0.0437615,0.997209,1.68786e-07,9.64473e-10,1
pmos,sky130_fd_pr__pfet_01v8,tt,27.0,0.5,63.0,0.6,0.8,0.1,2.78399e-09,0.0441998,1.02261,8.03907e-08,4.53843e-10,1
pmos,sky130_fd_pr__pfet_01v8,tt,27.0,0.5,63.0,0.6,0.8,0.2,1.29944e-09,0.0445884,1.04667,3.85827e-08,2.15927e-10,1
pmos,sky130_fd_pr__pfet_01v8,tt,27.0,0.5,63.0,0.6,0.8,0.3,6.16746e-10,0.0449359,1.06959,1.87134e-08,1.04079e-10,1
pmos,sky130_fd_pr__pfet_01v8,tt,27.0,0.5,63.0,0.6,1.2,0.0,6.43576e-09,0.0437624,0.995862,1.7899e-07,9.25919e-10,1
pmos,sky130_fd_pr__pfet_01v8,tt,27.0,0.5,63.0,0.6,1.2,0.1,2.96146e-09,0.0442002,1.02126,8.54141e-08,4.37612e-10,1
pmos,sky130_fd_pr__pfet_01v8,tt,27.0,0.5,63.0,0.6,1.2,0.2,1.38403e-09,0.0445886,1.04532,4.10578e-08,2.08937e-10,1
pmos,sky130_fd_pr__pfet_01v8,tt,27.0,0.5,63.0,0.6,1.2,0.3,6.57581e-10,0.044936,1.06824,1.99392e-08,1.00997e-10,1
pmos,sky130_fd_pr__pfet_01v8,tt,27.0,0.5,63.0,0.6,1.5,0.0,6.71253e-09,0.0437631,0.994853,1.86467e-07,9.21422e-10,1
pmos,sky130_fd_pr__pfet_01v8,tt,27.0,0.5,63.0,0.6,1.5,0.1,3.09245e-09,0.0442005,1.02025,8.91114e-08,4.36631e-10,1
pmos,sky130_fd_pr__pfet_01v8,tt,27.0,0.5,63.0,0.6,1.5,0.2,1.44664e-09,0.0445888,1.04431,4.28859e-08,2.08909e-10,1
pmos,sky130_fd_pr__pfet_01v8,tt,27.0,0.5,63.0,0.6,1.5,0.3,6.8787e-10,0.0449361,1.06723,2.08471e-08,1.01156e-10,1
pmos,sky130_fd_pr__pfet_01v8,tt,27.0,0.5,63.0,0.7,0.15,0.0,7.04385e-08,0.0440128,0.999397,1.64392e-06,2.53379e-08,1
pmos,sky130_fd_pr__pfet_01v8,tt,27.0,0.5,63.0,0.7,0.15,0.1,3.68477e-08,0.0443331,1.02479,9.16911e-07,1.34748e-08,1
pmos,sky130_fd_pr__pfet_01v8,tt,27.0,0.5,63.0,0.7,0.15,0.2,1.92094e-08,0.0446587,1.04886,5.05462e-07,7.13164e-09,1
pmos,sky130_fd_pr__pfet_01v8,tt,27.0,0.5,63.0,0.7,0.15,0.3,9.99451e-09,0.0449728,1.07178,2.75618e-07,3.76013e-09,1
pmos,sky130_fd_pr__pfet_01v8,tt,27.0,0.5,63.0,0.7,0.3,0.0,7.32023e-08,0.0440161,0.998892,1.7064e-06,1.52479e-08,1
pmos,sky130_fd_pr__pfet_01v8,tt,27.0,0.5,63.0,0.7,0.3,0.1,3.83256e-08,0.0443349,1.02429,9.52633e-07,8.19467e-09,1
pmos,sky130_fd_pr__pfet_01v8,tt,27.0,0.5,63.0,0.7,0.3,0.2,1.99953e-08,0.0446597,1.04835,5.25631e-07,4.37746e-09,1
pmos,sky130_fd_pr__pfet_01v8,tt,27.0,0.5,63.0,0.7,0.3,0.3,1.04105e-08,0.0449733,1.07127,2.86857e-07,2.32627e-09,1
pmos,sky130_fd_pr__pfet_01v8,tt,27.0,0.5,63.0,0.7,0.5,0.0,7.59596e-08,0.0440204,0.998219,1.76781e-06,1.27698e-08,1
pmos,sky130_fd_pr__pfet_01v8,tt,27.0,0.5,63.0,0.7,0.5,0.1,3.98134e-08,0.0443374,1.02361,9.88137e-07,6.91634e-09,1
pmos,sky130_fd_pr__pfet_01v8,tt,27.0,0.5,63.0,0.7,0.5,0.2,2.0793e-08,0.044661,1.04768,5.45885e-07,3.7203e-09,1
pmos,sky130_fd_pr__pfet_01v8,tt,27.0,0.5,63.0,0.7,0.5,0.3,1.08358e-08,0.0449741,1.0706,2.98246e-07,1.98895e-09,1
pmos,sky130_fd_pr__pfet_01v8,tt,27.0,0.5,63.0,0.7,0.8,0.0,7.95544e-08,0.044027,0.997209,1.84695e-06,1.14135e-08,1
pmos,sky130_fd_pr__pfet_01v8,tt,27.0,0.5,63.0,0.7,0.8,0.1,4.17682e-08,0.0443411,1.02261,1.03431e-06,6.22882e-09,1
pmos,sky130_fd_pr__pfet_01v8,tt,27.0,0.5,63.0,0.7,0.8,0.2,2.18482e-08,0.0446631,1.04667,5.72452e-07,3.37325e-09,1
pmos,sky130_fd_pr__pfet_01v8,tt,27.0,0.5,63.0,0.7,0.8,0.3,1.14017e-08,0.0449752,1.06959,3.13299e-07,1.81402e-09,1
pmos,sky130_fd_pr__pfet_01v8,tt,27.0,0.5,63.0,0.7,1.2,0.0,8.39636e-08,0.0440361,0.995862,1.94293e-06,1.07518e-08,1
pmos,sky130_fd_pr__pfet_01v8,tt,27.0,0.5,63.0,0.7,1.2,0.1,4.41833e-08,0.0443462,1.02126,1.0908e-06,5.9089e-09,1
pmos,sky130_fd_pr__pfet_01v8,tt,27.0,0.5,63.0,0.7,1.2,0.2,2.31605e-08,0.0446659,1.04532,6.05219e-07,3.22024e-09,1
pmos,sky130_fd_pr__pfet_01v8,tt,27.0,0.5,63.0,0.7,1.2,0.3,1.21094e-08,0.0449767,1.06824,3.31999e-07,1.74126e-09,1
pmos,sky130_fd_pr__pfet_01v8,tt,27.0,0.5,63.0,0.7,1.5,0.0,8.71587e-08,0.0440431,0.994853,2.0119e-06,1.05781e-08,1
pmos,sky130_fd_pr__pfet_01v8,tt,27.0,0.5,63.0,0.7,1.5,0.1,4.5943e-08,0.0443501,1.02025,1.13165e-06,5.8373e-09,1
pmos,sky130_fd_pr__pfet_01v8,tt,27.0,0.5,63.0,0.7,1.5,0.2,2.41213e-08,0.0446681,1.04431,6.29056e-07,3.1931e-09,1
pmos,sky130_fd_pr__pfet_01v8,tt,27.0,0.5,63.0,0.7,1.5,0.3,1.26298e-08,0.0449779,1.06723,3.45677e-07,1.73225e-09,1
pmos,sky130_fd_pr__pfet_01v8,tt,27.0,0.5,63.0,0.8,0.15,0.0,5.62764e-07,0.0458374,0.999397,1.05086e-05,1.9618e-07,1
pmos,sky130_fd_pr__pfet_01v8,tt,27.0,0.5,63.0,0.8,0.15,0.1,3.36639e-07,0.0454676,1.02479,6.60429e-06,1.18091e-07,1
pmos,sky130_fd_pr__pfet_01v8,tt,27.0,0.5,63.0,0.8,0.15,0.2,2.01769e-07,0.0453588,1.04886,4.18536e-06,7.14765e-08,1
pmos,sky130_fd_pr__pfet_01v8,tt,27.0,0.5,63.0,0.8,0.15,0.3,1.20529e-07,0.0454005,1.07178,2.65237e-06,4.3213e-08,1
pmos,sky130_fd_pr__pfet_01v8,tt,27.0,0.5,63.0,0.8,0.3,0.0,5.83565e-07,0.0458564,0.998892,1.08902e-05,1.12388e-07,1
pmos,sky130_fd_pr__pfet_01v8,tt,27.0,0.5,63.0,0.8,0.3,0.1,3.49245e-07,0.04548,1.02429,6.84528e-06,6.84769e-08,1
pmos,sky130_fd_pr__pfet_01v8,tt,27.0,0.5,63.0,0.8,0.3,0.2,2.09446e-07,0.0453668,1.04835,4.33969e-06,4.19187e-08,1
pmos,sky130_fd_pr__pfet_01v8,tt,27.0,0.5,63.0,0.8,0.3,0.3,1.25197e-07,0.0454056,1.07127,2.75165e-06,2.56221e-08,1
pmos,sky130_fd_pr__pfet_01v8,tt,27.0,0.5,63.0,0.8,0.5,0.0,6.0362e-07,0.0458819,0.998219,1.12517e-05,9.17951e-08,1
pmos,sky130_fd_pr__pfet_01v8,tt,27.0,0.5,63.0,0.8,0.5,0.1,3.61509e-07,0.0454967,1.02361,7.07564e-06,5.63109e-08,1
pmos,sky130_fd_pr__pfet_01v8,tt,27.0,0.5,63.0,0.8,0.5,0.2,2.16981e-07,0.0453776,1.04768,4.48853e-06,3.47155e-08,1
pmos,sky130_fd_pr__pfet_01v8,tt,27.0,0.5,63.0,0.8,0.5,0.3,1.29821e-07,0.0454126,1.0706,2.84831e-06,2.13734e-08,1
pmos,sky130_fd_pr__pfet_01v8,tt,27.0,0.5,63.0,0.8,0.8,0.0,6.29145e-07,0.0459208,0.997209,1.17068e-05,8.01428e-08,1
pmos,sky130_fd_pr__pfet_01v8,tt,27.0,0.5,63.0,0.8,0.8,0.1,3.77218e-07,0.045522,1.02261,7.36724e-06,4.94697e-08,1
pmos,sky130_fd_pr__pfet_01v8,tt,27.0,0.5,63.0,0.8,0.8,0.2,2.26699e-07,0.0453941,1.04667,4.67809e-06,3.07003e-08,1
pmos,sky130_fd_pr__pfet_01v8,tt,27.0,0.5,63.0,0.8,0.8,0.3,1.35826e-07,0.0454232,1.06959,2.97225e-06,1.90314e-08,1
pmos,sky130_fd_pr__pfet_01v8,tt,27.0,0.5,63.0,0.8,1.2,0.0,6.59762e-07,0.0459736,0.995862,1.22476e-05,7.39076e-08,1
pmos,sky130_fd_pr__pfet_01v8,tt,27.0,0.5,63.0,0.8,1.2,0.1,3.96171e-07,0.0455564,1.02126,7.71526e-06,4.5869e-08,1
pmos,sky130_fd_pr__pfet_01v8,tt,27.0,0.5,63.0,0.8,1.2,0.2,2.38498e-07,0.0454165,1.04532,4.90551e-06,2.86328e-08,1
pmos,sky130_fd_pr__pfet_01v8,tt,27.0,0.5,63.0,0.8,1.2,0.3,1.43163e-07,0.0454376,1.06824,3.12187e-06,1.78591e-08,1
pmos,sky130_fd_pr__pfet_01v8,tt,27.0,0.5,63.0,0.8,1.5,0.0,6.81589e-07,0.0460139,0.994853,1.26306e-05,7.18375e-08,1
pmos,sky130_fd_pr__pfet_01v8,tt,27.0,0.5,63.0,0.8,1.5,0.1,4.09738e-07,0.0455828,1.02025,7.96241e-06,4.47178e-08,1
pmos,sky130_fd_pr__pfet_01v8,tt,27.0,0.5,63.0,0.8,1.5,0.2,2.46981e-07,0.0454336,1.04431,5.0676e-06,2.80056e-08,1
pmos,sky130_fd_pr__pfet_01v8,tt,27.0,0.5,63.0,0.8,1.5,0.3,1.48464e-07,0.0454487,1.06723,3.22898e-06,1.75287e-08,1
pmos,sky130_fd_pr__pfet_01v8,tt,27.0,0.5,63.0,0.9,0.15,0.0,3.32451e-06,0.054234,0.999397,5.75856e-05,1.22596e-06,1
pmos,sky130_fd_pr__pfet_01v8,tt,27.0,0.5,63.0,0.9,0.15,0.1,2.09198e-06,0.0512455,1.02479,3.66505e-05,7.52704e-07,1
pmos,sky130_fd_pr__pfet_01v8,tt,27.0,0.5,63.0,0.9,0.15,0.2,1.33978e-06,0.0493215,1.04886,2.38278e-05,4.75506e-07,1
pmos,sky130_fd_pr__pfet_01v8,tt,27.0,0.5,63.0,0.9,0.15,0.3,8.69137e-07,0.048112,1.07178,1.5794e-05,3.06559e-07,1
pmos,sky130_fd_pr__pfet_01v8,tt,27.0,0.5,63.0,0.9,0.3,0.0,3.44827e-06,0.0543114,0.998892,5.97918e-05,6.50144e-07,1
pmos,sky130_fd_pr__pfet_01v8,tt,27.0,0.5,63.0,0.9,0.3,0.1,2.16931e-06,0.0513006,1.02429,3.80264e-05,4.10366e-07,1
pmos,sky130_fd_pr__pfet_01v8,tt,27.0,0.5,63.0,0.9,0.3,0.2,1.38922e-06,0.0493605,1.04835,2.47105e-05,2.64236e-07,1
pmos,sky130_fd_pr__pfet_01v8,tt,27.0,0.5,63.0,0.9,0.3,0.3,9.01283e-07,0.0481395,1.07127,1.63747e-05,1.72797e-07,1
pmos,sky130_fd_pr__pfet_01v8,tt,27.0,0.5,63.0,0.9,0.5,0.0,3.56306e-06,0.0544152,0.998219,6.17711e-05,5.2108e-07,1
pmos,sky130_fd_pr__pfet_01v8,tt,27.0,0.5,63.0,0.9,0.5,0.1,2.24204e-06,0.0513747,1.02361,3.92897e-05,3.31141e-07,1
pmos,sky130_fd_pr__pfet_01v8,tt,27.0,0.5,63.0,0.9,0.5,0.2,1.43619e-06,0.0494129,1.04768,2.55334e-05,2.14423e-07,1
pmos,sky130_fd_pr__pfet_01v8,tt,27.0,0.5,63.0,0.9,0.5,0.3,9.32091e-07,0.0481764,1.0706,1.69218e-05,1.40951e-07,1
pmos,sky130_fd_pr__pfet_01v8,tt,27.0,0.5,63.0,0.9,0.8,0.0,3.70689e-06,0.0545726,0.997209,6.42266e-05,4.48709e-07,1
pmos,sky130_fd_pr__pfet_01v8,tt,27.0,0.5,63.0,0.9,0.8,0.1,2.33368e-06,0.0514872,1.02261,4.08684e-05,2.86524e-07,1
pmos,sky130_fd_pr__pfet_01v8,tt,27.0,0.5,63.0,0.9,0.8,0.2,1.49567e-06,0.0494925,1.04667,2.65672e-05,1.86322e-07,1
pmos,sky130_fd_pr__pfet_01v8,tt,27.0,0.5,63.0,0.9,0.8,0.3,9.71273e-07,0.0482326,1.06959,1.76118e-05,1.22995e-07,1
pmos,sky130_fd_pr__pfet_01v8,tt,27.0,0.5,63.0,0.9,1.2,0.0,3.8773e-06,0.0547856,0.995862,6.71159e-05,4.09232e-07,1
pmos,sky130_fd_pr__pfet_01v8,tt,27.0,0.5,63.0,0.9,1.2,0.1,2.44271e-06,0.0516395,1.02126,4.2736e-05,2.62307e-07,1
pmos,sky130_fd_pr__pfet_01v8,tt,27.0,0.5,63.0,0.9,1.2,0.2,1.5667e-06,0.0496005,1.04532,2.77944e-05,1.71155e-07,1
pmos,sky130_fd_pr__pfet_01v8,tt,27.0,0.5,63.0,0.9,1.2,0.3,1.01825e-06,0.0483088,1.06824,1.84334e-05,1.13373e-07,1
pmos,sky130_fd_pr__pfet_01v8,tt,27.0,0.5,63.0,0.9,1.5,0.0,3.99779e-06,0.0549477,0.994853,6.91495e-05,3.95435e-07,1
pmos,sky130_fd_pr__pfet_01v8,tt,27.0,0.5,63.0,0.9,1.5,0.1,2.52002e-06,0.0517555,1.02025,4.40551e-05,2.53973e-07,1
pmos,sky130_fd_pr__pfet_01v8,tt,27.0,0.5,63.0,0.9,1.5,0.2,1.61719e-06,0.0496828,1.04431,2.86633e-05,1.66016e-07,1
pmos,sky130_fd_pr__pfet_01v8,tt,27.0,0.5,63.0,0.9,1.5,0.3,1.05173e-06,0.048367,1.06723,1.90161e-05,1.10171e-07,1
pmos,sky130_fd_pr__pfet_01v8,tt,27.0,0.5,63.0,1.0,0.15,0.0,1.81006e-05,0.0818807,0.999397,0.00029137,9.06788e-06,1
pmos,sky130_fd_pr__pfet_01v8,tt,27.0,0.5,63.0,1.0,0.15,0.1,1.18046e-05,0.0724935,1.02479,0.000198969,5.25605e-06,1
pmos,sky130_fd_pr__pfet_01v8,tt,27.0,0.5,63.0,1.0,0.15,0.2,7.73668e-06,0.0653256,1.04886,0.000133956,3.1806e-06,1
pmos,sky130_fd_pr__pfet_01v8,tt,27.0,0.5,63.0,1.0,0.15,0.3,5.12045e-06,0.0599958,1.07178,8.99064e-05,1.9944e-06,1
pmos,sky130_fd_pr__pfet_01v8,tt,27.0,0.5,63.0,1.0,0.3,0.0,1.8862e-05,0.0820946,0.998892,0.000305424,3.60287e-06,1
pmos,sky130_fd_pr__pfet_01v8,tt,27.0,0.5,63.0,1.0,0.3,0.1,1.22786e-05,0.0726682,1.02429,0.000207725,2.34156e-06,1
pmos,sky130_fd_pr__pfet_01v8,tt,27.0,0.5,63.0,1.0,0.3,0.2,8.03805e-06,0.0654642,1.04835,0.000139516,1.53212e-06,1
pmos,sky130_fd_pr__pfet_01v8,tt,27.0,0.5,63.0,1.0,0.3,0.3,5.31596e-06,0.0601032,1.07127,9.34973e-05,1.01317e-06,1
pmos,sky130_fd_pr__pfet_01v8,tt,27.0,0.5,63.0,1.0,0.5,0.0,1.94809e-05,0.0823809,0.998219,0.000315286,2.75516e-06,1
pmos,sky130_fd_pr__pfet_01v8,tt,27.0,0.5,63.0,1.0,0.5,0.1,1.26855e-05,0.0729024,1.02361,0.000214526,1.82695e-06,1
pmos,sky130_fd_pr__pfet_01v8,tt,27.0,0.5,63.0,1.0,0.5,0.2,8.30652e-06,0.0656502,1.04768,0.000144141,1.21269e-06,1
pmos,sky130_fd_pr__pfet_01v8,tt,27.0,0.5,63.0,1.0,0.5,0.3,5.49454e-06,0.0602474,1.0706,9.66238e-05,8.10216e-07,1
pmos,sky130_fd_pr__pfet_01v8,tt,27.0,0.5,63.0,1.0,0.8,0.0,2.02301e-05,0.0828131,0.997209,0.000326777,2.30842e-06,1
pmos,sky130_fd_pr__pfet_01v8,tt,27.0,0.5,63.0,1.0,0.8,0.1,1.31857e-05,0.0732564,1.02261,0.000222662,1.54974e-06,1
pmos,sky130_fd_pr__pfet_01v8,tt,27.0,0.5,63.0,1.0,0.8,0.2,8.64014e-06,0.0659316,1.04667,0.00014978,1.03803e-06,1
pmos,sky130_fd_pr__pfet_01v8,tt,27.0,0.5,63.0,1.0,0.8,0.3,5.71823e-06,0.0604658,1.06959,0.000100489,6.98113e-07,1
pmos,sky130_fd_pr__pfet_01v8,tt,27.0,0.5,63.0,1.0,1.2,0.0,2.10972e-05,0.0833944,0.995862,0.000339721,2.06192e-06,1
pmos,sky130_fd_pr__pfet_01v8,tt,27.0,0.5,63.0,1.0,1.2,0.1,1.37707e-05,0.0737334,1.02126,0.000232,1.39759e-06,1
pmos,sky130_fd_pr__pfet_01v8,tt,27.0,0.5,63.0,1.0,1.2,0.2,9.03349e-06,0.0663115,1.04532,0.000156343,9.4275e-07,1
pmos,sky130_fd_pr__pfet_01v8,tt,27.0,0.5,63.0,1.0,1.2,0.3,5.9835e-06,0.0607612,1.06824,0.00010503,6.37285e-07,1
pmos,sky130_fd_pr__pfet_01v8,tt,27.0,0.5,63.0,1.0,1.5,0.0,2.17008e-05,0.0838342,0.994853,0.00034857,1.97029e-06,1
pmos,sky130_fd_pr__pfet_01v8,tt,27.0,0.5,63.0,1.0,1.5,0.1,1.4181e-05,0.0740949,1.02025,0.000238463,1.34237e-06,1
pmos,sky130_fd_pr__pfet_01v8,tt,27.0,0.5,63.0,1.0,1.5,0.2,9.31074e-06,0.0665999,1.04431,0.000160928,9.08947e-07,1
pmos,sky130_fd_pr__pfet_01v8,tt,27.0,0.5,63.0,1.0,1.5,0.3,6.17118e-06,0.0609857,1.06723,0.000108225,6.1613e-07,1
pmos,sky130_fd_pr__pfet_01v8,tt,27.0,0.5,63.0,1.2,0.15,0.0,0.000179784,0.213056,0.999397,0.00121414,0.000574373,0
pmos,sky130_fd_pr__pfet_01v8,tt,27.0,0.5,63.0,1.2,0.15,0.1,0.00014999,0.194946,1.02479,0.00115869,0.000416872,0
pmos,sky130_fd_pr__pfet_01v8,tt,27.0,0.5,63.0,1.2,0.15,0.2,0.000123148,0.177713,1.04886,0.00108638,0.00028745,0
pmos,sky130_fd_pr__pfet_01v8,tt,27.0,0.5,63.0,1.2,0.15,0.3,9.9336e-05,0.161413,1.07178,0.000995348,0.000187755,0
pmos,sky130_fd_pr__pfet_01v8,tt,27.0,0.5,63.0,1.2,0.3,0.0,0.000213216,0.213452,0.998892,0.00173288,6.3026e-05,1
pmos,sky130_fd_pr__pfet_01v8,tt,27.0,0.5,63.0,1.2,0.3,0.1,0.000172485,0.195339,1.02429,0.00155109,4.50833e-05,1
pmos,sky130_fd_pr__pfet_01v8,tt,27.0,0.5,63.0,1.2,0.3,0.2,0.0001379,0.1781,1.04835,0.00136864,3.28189e-05,1
pmos,sky130_fd_pr__pfet_01v8,tt,27.0,0.5,63.0,1.2,0.3,0.3,0.000108853,0.161791,1.07127,0.00118863,2.41665e-05,1
pmos,sky130_fd_pr__pfet_01v8,tt,27.0,0.5,63.0,1.2,0.5,0.0,0.000221183,0.21398,0.998219,0.00181841,2.94055e-05,1
pmos,sky130_fd_pr__pfet_01v8,tt,27.0,0.5,63.0,1.2,0.5,0.1,0.000178599,0.195864,1.02361,0.00161797,2.35344e-05,1
pmos,sky130_fd_pr__pfet_01v8,tt,27.0,0.5,63.0,1.2,0.5,0.2,0.000142611,0.178617,1.04768,0.00142188,1.87554e-05,1
pmos,sky130_fd_pr__pfet_01v8,tt,27.0,0.5,63.0,1.2,0.5,0.3,0.000112483,0.162295,1.0706,0.0012315,1.48552e-05,1
pmos,sky130_fd_pr__pfet_01v8,tt,27.0,0.5,63.0,1.2,0.8,0.0,0.000228443,0.214774,0.997209,0.00187741,2.06673e-05,1
pmos,sky130_fd_pr__pfet_01v8,tt,27.0,0.5,63.0,1.2,0.8,0.1,0.000184506,0.196651,1.02261,0.00166947,1.70374e-05,1
pmos,sky130_fd_pr__pfet_01v8,tt,27.0,0.5,63.0,1.2,0.8,0.2,0.00014739,0.179393,1.04667,0.00146673,1.39505e-05,1
pmos,sky130_fd_pr__pfet_01v8,tt,27.0,0.5,63.0,1.2,0.8,0.3,0.00011632,0.163053,1.06959,0.0012704,1.13272e-05,1
pmos,sky130_fd_pr__pfet_01v8,tt,27.0,0.5,63.0,1.2,1.2,0.0,0.00023573,0.215832,0.995862,0.00193013,1.63814e-05,1
pmos,sky130_fd_pr__pfet_01v8,tt,27.0,0.5,63.0,1.2,1.2,0.1,0.000190571,0.197702,1.02126,0.00171705,1.37535e-05,1
pmos,sky130_fd_pr__pfet_01v8,tt,27.0,0.5,63.0,1.2,1.2,0.2,0.000152402,0.180429,1.04532,0.00150952,1.146e-05,1
pmos,sky130_fd_pr__pfet_01v8,tt,27.0,0.5,63.0,1.2,1.2,0.3,0.000120426,0.164065,1.06824,0.00130866,9.46083e-06,1
pmos,sky130_fd_pr__pfet_01v8,tt,27.0,0.5,63.0,1.2,1.5,0.0,0.000240378,0.216626,0.994853,0.00196144,1.47381e-05,1
pmos,sky130_fd_pr__pfet_01v8,tt,27.0,0.5,63.0,1.2,1.5,0.1,0.000194492,0.198491,1.02025,0.00174584,1.24846e-05,1
pmos,sky130_fd_pr__pfet_01v8,tt,27.0,0.5,63.0,1.2,1.5,0.2,0.000155684,0.181207,1.04431,0.00153588,1.04926e-05,1
pmos,sky130_fd_pr__pfet_01v8,tt,27.0,0.5,63.0,1.2,1.5,0.3,0.000123147,0.164825,1.06723,0.00133266,8.73395e-06,1
pmos,sky130_fd_pr__pfet_01v8,tt,27.0,0.5,100.0,0.5,0.15,0.0,4.5824e-10,0.0437396,0.999719,1.36391e-08,1.74446e-10,1
pmos,sky130_fd_pr__pfet_01v8,tt,27.0,0.5,100.0,0.5,0.15,0.1,1.94871e-10,0.0441892,1.02512,5.90795e-09,7.4758e-11,1
pmos,sky130_fd_pr__pfet_01v8,tt,27.0,0.5,100.0,0.5,0.15,0.2,8.55198e-11,0.0445829,1.04919,2.63105e-09,3.30158e-11,1
pmos,sky130_fd_pr__pfet_01v8,tt,27.0,0.5,100.0,0.5,0.15,0.3,3.86194e-11,0.0449328,1.07211,1.20247e-09,1.49883e-11,1
pmos,sky130_fd_pr__pfet_01v8,tt,27.0,0.5,100.0,0.5,0.3,0.0,4.7776e-10,0.0437396,0.999214,1.42179e-08,1.09896e-10,1
pmos,sky130_fd_pr__pfet_01v8,tt,27.0,0.5,100.0,0.5,0.3,0.1,2.03242e-10,0.0441892,1.02461,6.16109e-09,4.71926e-11,1
pmos,sky130_fd_pr__pfet_01v8,tt,27.0,0.5,100.0,0.5,0.3,0.2,8.92188e-11,0.0445829,1.04868,2.74465e-09,2.08768e-11,1
pmos,sky130_fd_pr__pfet_01v8,tt,27.0,0.5,100.0,0.5,0.3,0.3,4.02994e-11,0.0449328,1.07161,1.25471e-09,9.49088e-12,1
pmos,sky130_fd_pr__pfet_01v8,tt,27.0,0.5,100.0,0.5,0.5,0.0,4.97923e-10,0.0437397,0.998541,1.48149e-08,9.46052e-11,1
pmos,sky130_fd_pr__pfet_01v8,tt,27.0,0.5,100.0,0.5,0.5,0.1,2.11913e-10,0.0441892,1.02394,6.42302e-09,4.07383e-11,1
pmos,sky130_fd_pr__pfet_01v8,tt,27.0,0.5,100.0,0.5,0.5,0.2,9.30595e-11,0.0445829,1.04801,2.8625e-09,1.8064e-11,1
pmos,sky130_fd_pr__pfet_01v8,tt,27.0,0.5,100.0,0.5,0.5,0.3,4.20473e-11,0.0449328,1.07094,1.30904e-09,8.22915e-12,1
pmos,sky130_fd_pr__pfet_01v8,tt,27.0,0.5,100.0,0.5,0.8,0.0,5.24937e-10,0.0437397,0.997531,1.56138e-08,8.68955e-11,1
pmos,sky130_fd_pr__pfet_01v8,tt,27.0,0.5,100.0,0.5,0.8,0.1,2.23562e-10,0.0441892,1.02293,6.77462e-09,3.75197e-11,1
pmos,sky130_fd_pr__pfet_01v8,tt,27.0,0.5,100.0,0.5,0.8,0.2,9.82311e-11,0.044583,1.047,3.02112e-09,1.66748e-11,1
pmos,sky130_fd_pr__pfet_01v8,tt,27.0,0.5,100.0,0.5,0.8,0.3,4.44057e-11,0.0449328,1.06993,1.38231e-09,7.61139e-12,1
pmos,sky130_fd_pr__pfet_01v8,tt,27.0,0.5,100.0,0.5,1.2,0.0,5.58968e-10,0.0437398,0.996185,1.66191e-08,8.40365e-11,1
pmos,sky130_fd_pr__pfet_01v8,tt,27.0,0.5,100.0,0.5,1.2,0.1,2.38275e-10,0.0441892,1.02159,7.21833e-09,3.63755e-11,1
pmos,sky130_fd_pr__pfet_01v8,tt,27.0,0.5,100.0,0.5,1.2,0.2,1.04777e-10,0.044583,1.04565,3.22177e-09,1.61999e-11,1
pmos,sky130_fd_pr__pfet_01v8,tt,27.0,0.5,100.0,0.5,1.2,0.3,4.73966e-11,0.0449328,1.06858,1.47519e-09,7.40771e-12,1
pmos,sky130_fd_pr__pfet_01v8,tt,27.0,0.5,100.0,0.5,1.5,0.0,5.84146e-10,0.0437398,0.995175,1.73621e-08,8.40112e-11,1
pmos,sky130_fd_pr__pfet_01v8,tt,27.0,0.5,100.0,0.5,1.5,0.1,2.49182e-10,0.0441893,1.02058,7.54702e-09,3.6418e-11,1
pmos,sky130_fd_pr__pfet_01v8,tt,27.0,0.5,100.0,0.5,1.5,0.2,1.09637e-10,0.044583,1.04464,3.37068e-09,1.62385e-11,1
pmos,sky130_fd_pr__pfet_01v8,tt,27.0,0.5,100.0,0.5,1.5,0.3,4.96202e-11,0.0449328,1.06757,1.54423e-09,7.43307e-12,1
pmos,sky130_fd_pr__pfet_01v8,tt,27.0,0.5,100.0,0.6,0.15,0.0,8.35558e-09,0.043759,0.999719,2.33403e-07,3.12977e-09,1
pmos,sky130_fd_pr__pfet_01v8,tt,27.0,0.5,100.0,0.6,0.15,0.1,3.82768e-09,0.0441981,1.02512,1.10767e-07,1.45073e-09,1
pmos,sky130_fd_pr__pfet_01v8,tt,27.0,0.5,100.0,0.6,0.15,0.2,1.78229e-09,0.0445871,1.04919,5.30051e-08,6.81938e-10,1
pmos,sky130_fd_pr__pfet_01v8,tt,27.0,0.5,100.0,0.6,0.15,0.3,8.44237e-10,0.0449348,1.07211,2.56469e-08,3.25502e-10,1
pmos,sky130_fd_pr__pfet_01v8,tt,27.0,0.5,100.0,0.6,0.3,0.0,8.70345e-09,0.0437593,0.999214,2.42984e-07,1.94803e-09,1
pmos,sky130_fd_pr__pfet_01v8,tt,27.0,0.5,100.0,0.6,0.3,0.1,3.98933e-09,0.0441982,1.02461,1.15396e-07,9.07678e-10,1
pmos,sky130_fd_pr__pfet_01v8,tt,27.0,0.5,100.0,0.6,0.3,0.2,1.85842e-09,0.0445872,1.04868,5.52514e-08,4.284e-10,1
pmos,sky130_fd_pr__pfet_01v8,tt,27.0,0.5,100.0,0.6,0.3,0.3,8.80625e-10,0.0449348,1.07161,2.67459e-08,2.05132e-10,1
pmos,sky130_fd_pr__pfet_01v8,tt,27.0,0.5,100.0,0.6,0.5,0.0,9.05947e-09,0.0437597,0.998541,2.52733e-07,1.66464e-09,1
pmos,sky130_fd_pr__pfet_01v8,tt,27.0,0.5,100.0,0.6,0.5,0.1,4.15562e-09,0.0441984,1.02394,1.20137e-07,7.79283e-10,1
pmos,sky130_fd_pr__pfet_01v8,tt,27.0,0.5,100.0,0.6,0.5,0.2,1.93706e-09,0.0445873,1.04801,5.75648e-08,3.69209e-10,1
pmos,sky130_fd_pr__pfet_01v8,tt,27.0,0.5,100.0,0.6,0.5,0.3,9.18345e-10,0.0449349,1.07094,2.78826e-08,1.77348e-10,1
pmos,sky130_fd_pr__pfet_01v8,tt,27.0,0.5,100.0,0.6,0.8,0.0,9.53296e-09,0.0437604,0.997531,2.65638e-07,1.51768e-09,1
pmos,sky130_fd_pr__pfet_01v8,tt,27.0,0.5,100.0,0.6,0.8,0.1,4.37782e-09,0.0441987,1.02293,1.2645e-07,7.13795e-10,1
pmos,sky130_fd_pr__pfet_01v8,tt,27.0,0.5,100.0,0.6,0.8,0.2,2.04255e-09,0.0445874,1.047,6.06597e-08,3.39454e-10,1
pmos,sky130_fd_pr__pfet_01v8,tt,27.0,0.5,100.0,0.6,0.8,0.3,9.69095e-10,0.0449349,1.06993,2.94092e-08,1.63556e-10,1
pmos,sky130_fd_pr__pfet_01v8,tt,27.0,0.5,100.0,0.6,1.2,0.0,1.01251e-08,0.0437612,0.996185,2.81701e-07,1.45707e-09,1
pmos,sky130_fd_pr__pfet_01v8,tt,27.0,0.5,100.0,0.6,1.2,0.1,4.65695e-09,0.0441991,1.02159,1.34354e-07,6.88288e-10,1
pmos,sky130_fd_pr__pfet_01v8,tt,27.0,0.5,100.0,0.6,1.2,0.2,2.17553e-09,0.0445876,1.04565,6.45519e-08,3.28474e-10,1
pmos,sky130_fd_pr__pfet_01v8,tt,27.0,0.5,100.0,0.6,1.2,0.3,1.03327e-09,0.044935,1.06858,3.1336e-08,1.58717e-10,1
pmos,sky130_fd_pr__pfet_01v8,tt,27.0,0.5,100.0,0.6,1.5,0.0,1.05606e-08,0.0437619,0.995175,2.93474e-07,1.45003e-09,1
pmos,sky130_fd_pr__pfet_01v8,tt,27.0,0.5,100.0,0.6,1.5,0.1,4.86297e-09,0.0441995,1.02058,1.40171e-07,6.86758e-10,1
pmos,sky130_fd_pr__pfet_01v8,tt,27.0,0.5,100.0,0.6,1.5,0.2,2.27395e-09,0.0445877,1.04464,6.74268e-08,3.28435e-10,1
pmos,sky130_fd_pr__pfet_01v8,tt,27.0,0.5,100.0,0.6,1.5,0.3,1.08087e-09,0.0449351,1.06757,3.2763e-08,1.58968e-10,1
pmos,sky130_fd_pr__pfet_01v8,tt,27.0,0.5,100.0,0.7,0.15,0.0,1.10977e-07,0.0440098,0.999719,2.59203e-06,3.99268e-08,1
pmos,sky130_fd_pr__pfet_01v8,tt,27.0,0.5,100.0,0.7,0.15,0.1,5.80184e-08,0.044331,1.02512,1.44476e-06,2.122e-08,1
pmos,sky130_fd_pr__pfet_01v8,tt,27.0,0.5,100.0,0.7,0.15,0.2,3.02282e-08,0.044657,1.04919,7.95909e-07,1.12241e-08,1
pmos,sky130_fd_pr__pfet_01v8,tt,27.0,0.5,100.0,0.7,0.15,0.3,1.57189e-08,0.0449714,1.07211,4.33714e-07,5.91451e-09,1
pmos,sky130_fd_pr__pfet_01v8,tt,27.0,0.5,100.0,0.7,0.3,0.0,1.15333e-07,0.044013,0.999214,2.69057e-06,2.40309e-08,1
pmos,sky130_fd_pr__pfet_01v8,tt,27.0,0.5,100.0,0.7,0.3,0.1,6.03459e-08,0.0443328,1.02461,1.50106e-06,1.29068e-08,1
pmos,sky130_fd_pr__pfet_01v8,tt,27.0,0.5,100.0,0.7,0.3,0.2,3.14652e-08,0.044658,1.04868,8.27677e-07,6.89032e-09,1
pmos,sky130_fd_pr__pfet_01v8,tt,27.0,0.5,100.0,0.7,0.3,0.3,1.63733e-08,0.044972,1.07161,4.51404e-07,3.65952e-09,1
pmos,sky130_fd_pr__pfet_01v8,tt,27.0,0.5,100.0,0.7,0.5,0.0,1.19679e-07,0.0440173,0.998541,2.78743e-06,2.0127e-08,1
pmos,sky130_fd_pr__pfet_01v8,tt,27.0,0.5,100.0,0.7,0.5,0.1,6.26895e-08,0.0443352,1.02394,1.55703e-06,1.08942e-08,1
pmos,sky130_fd_pr__pfet_01v8,tt,27.0,0.5,100.0,0.7,0.5,0.2,3.27208e-08,0.0446593,1.04801,8.59583e-07,5.85634e-09,1
pmos,sky130_fd_pr__pfet_01v8,tt,27.0,0.5,100.0,0.7,0.5,0.3,1.70423e-08,0.0449727,1.07094,4.69333e-07,3.12906e-09,1
pmos,sky130_fd_pr__pfet_01v8,tt,27.0,0.5,100.0,0.7,0.8,0.0,1.25345e-07,0.0440239,0.997531,2.91227e-06,1.79908e-08,1
pmos,sky130_fd_pr__pfet_01v8,tt,27.0,0.5,100.0,0.7,0.8,0.1,6.57686e-08,0.0443389,1.02293,1.62982e-06,9.81206e-09,1
pmos,sky130_fd_pr__pfet_01v8,tt,27.0,0.5,100.0,0.7,0.8,0.2,3.43819e-08,0.0446614,1.047,9.01437e-07,5.31041e-09,1
pmos,sky130_fd_pr__pfet_01v8,tt,27.0,0.5,100.0,0.7,0.8,0.3,1.79326e-08,0.0449738,1.06993,4.93031e-07,2.85404e-09,1
pmos,sky130_fd_pr__pfet_01v8,tt,27.0,0.5,100.0,0.7,1.2,0.0,1.32295e-07,0.0440329,0.996185,3.06371e-06,1.6949e-08,1
pmos,sky130_fd_pr__pfet_01v8,tt,27.0,0.5,100.0,0.7,1.2,0.1,6.95732e-08,0.044344,1.02159,1.71889e-06,9.30879e-09,1
pmos,sky130_fd_pr__pfet_01v8,tt,27.0,0.5,100.0,0.7,1.2,0.2,3.64479e-08,0.0446642,1.04565,9.53064e-07,5.06988e-09,1
pmos,sky130_fd_pr__pfet_01v8,tt,27.0,0.5,100.0,0.7,1.2,0.3,1.90461e-08,0.0449753,1.06858,5.22474e-07,2.73974e-09,1
pmos,sky130_fd_pr__pfet_01v8,tt,27.0,0.5,100.0,0.7,1.5,0.0,1.37332e-07,0.0440399,0.995175,3.17252e-06,1.6676e-08,1
pmos,sky130_fd_pr__pfet_01v8,tt,27.0,0.5,100.0,0.7,1.5,0.1,7.23454e-08,0.0443479,1.02058,1.78329e-06,9.19641e-09,1
pmos,sky130_fd_pr__pfet_01v8,tt,27.0,0.5,100.0,0.7,1.5,0.2,3.79606e-08,0.0446664,1.04464,9.90623e-07,5.02736e-09,1
pmos,sky130_fd_pr__pfet_01v8,tt,27.0,0.5,100.0,0.7,1.5,0.3,1.98649e-08,0.0449765,1.06757,5.44011e-07,2.72565e-09,1
pmos,sky130_fd_pr__pfet_01v8,tt,27.0,0.5,100.0,0.8,0.15,0.0,8.87982e-07,0.0458243,0.999719,1.65901e-05,3.09553e-07,1
pmos,sky130_fd_pr__pfet_01v8,tt,27.0,0.5,100.0,0.8,0.15,0.1,5.30966e-07,0.0454587,1.02512,1.04236e-05,1.86273e-07,1
pmos,sky130_fd_pr__pfet_01v8,tt,27.0,0.5,100.0,0.8,0.15,0.2,3.18091e-07,0.0453526,1.04919,6.60347e-06,1.12697e-07,1
pmos,sky130_fd_pr__pfet_01v8,tt,27.0,0.5,100.0,0.8,0.15,0.3,1.89915e-07,0.0453961,1.07211,4.18288e-06,6.81004e-08,1
pmos,sky130_fd_pr__pfet_01v8,tt,27.0,0.5,100.0,0.8,0.3,0.0,9.20808e-07,0.0458432,0.999214,1.71926e-05,1.77369e-07,1
pmos,sky130_fd_pr__pfet_01v8,tt,27.0,0.5,100.0,0.8,0.3,0.1,5.50853e-07,0.045471,1.02461,1.0804e-05,1.08032e-07,1
pmos,sky130_fd_pr__pfet_01v8,tt,27.0,0.5,100.0,0.8,0.3,0.2,3.30197e-07,0.0453606,1.04868,6.847e-06,6.61046e-08,1
pmos,sky130_fd_pr__pfet_01v8,tt,27.0,0.5,100.0,0.8,0.3,0.3,1.97274e-07,0.0454012,1.07161,4.3395e-06,4.03856e-08,1
pmos,sky130_fd_pr__pfet_01v8,tt,27.0,0.5,100.0,0.8,0.5,0.0,9.52459e-07,0.0458686,0.998541,1.77633e-05,1.44879e-07,1
pmos,sky130_fd_pr__pfet_01v8,tt,27.0,0.5,100.0,0.8,0.5,0.1,5.70201e-07,0.0454876,1.02394,1.11677e-05,8.8845e-08,1
pmos,sky130_fd_pr__pfet_01v8,tt,27.0,0.5,100.0,0.8,0.5,0.2,3.4208e-07,0.0453713,1.04801,7.08191e-06,5.47501e-08,1
pmos,sky130_fd_pr__pfet_01v8,tt,27.0,0.5,100.0,0.8,0.5,0.3,2.04561e-07,0.0454081,1.07094,4.49198e-06,3.36919e-08,1
pmos,sky130_fd_pr__pfet_01v8,tt,27.0,0.5,100.0,0.8,0.8,0.0,9.92746e-07,0.0459073,0.997531,1.84819e-05,1.26496e-07,1
pmos,sky130_fd_pr__pfet_01v8,tt,27.0,0.5,100.0,0.8,0.8,0.1,5.94987e-07,0.0455128,1.02293,1.1628e-05,7.80567e-08,1
pmos,sky130_fd_pr__pfet_01v8,tt,27.0,0.5,100.0,0.8,0.8,0.2,3.57408e-07,0.0453877,1.047,7.38109e-06,4.84216e-08,1
pmos,sky130_fd_pr__pfet_01v8,tt,27.0,0.5,100.0,0.8,0.8,0.3,2.14028e-07,0.0454186,1.06993,4.68754e-06,3.00028e-08,1
pmos,sky130_fd_pr__pfet_01v8,tt,27.0,0.5,100.0,0.8,1.2,0.0,1.04107e-06,0.0459598,0.996185,1.93358e-05,1.16661e-07,1
pmos,sky130_fd_pr__pfet_01v8,tt,27.0,0.5,100.0,0.8,1.2,0.1,6.24894e-07,0.045547,1.02159,1.21775e-05,7.23799e-08,1
pmos,sky130_fd_pr__pfet_01v8,tt,27.0,0.5,100.0,0.8,1.2,0.2,3.76018e-07,0.0454099,1.04565,7.74005e-06,4.5164e-08,1
pmos,sky130_fd_pr__pfet_01v8,tt,27.0,0.5,100.0,0.8,1.2,0.3,2.25596e-07,0.045433,1.06858,4.92362e-06,2.81569e-08,1
pmos,sky130_fd_pr__pfet_01v8,tt,27.0,0.5,100.0,0.8,1.5,0.0,1.07553e-06,0.0459999,0.995175,1.99405e-05,1.13396e-07,1
pmos,sky130_fd_pr__pfet_01v8,tt,27.0,0.5,100.0,0.8,1.5,0.1,6.46303e-07,0.0455732,1.02058,1.25677e-05,7.05657e-08,1
pmos,sky130_fd_pr__pfet_01v8,tt,27.0,0.5,100.0,0.8,1.5,0.2,3.89399e-07,0.045427,1.04464,7.99591e-06,4.41765e-08,1
pmos,sky130_fd_pr__pfet_01v8,tt,27.0,0.5,100.0,0.8,1.5,0.3,2.33953e-07,0.045444,1.06757,5.09264e-06,2.76373e-08,1
pmos,sky130_fd_pr__pfet_01v8,tt,27.0,0.5,100.0,0.9,0.15,0.0,5.24801e-06,0.0541837,0.999719,9.09084e-05,1.93444e-06,1
pmos,sky130_fd_pr__pfet_01v8,tt,27.0,0.5,100.0,0.9,0.15,0.1,3.30185e-06,0.0512089,1.02512,5.78526e-05,1.18769e-06,1
pmos,sky130_fd_pr__pfet_01v8,tt,27.0,0.5,100.0,0.9,0.15,0.2,2.11426e-06,0.049295,1.04919,3.76091e-05,7.50247e-07,1
pmos,sky130_fd_pr__pfet_01v8,tt,27.0,0.5,100.0,0.9,0.15,0.3,1.37125e-06,0.0480928,1.07211,2.49267e-05,4.8362e-07,1
pmos,sky130_fd_pr__pfet_01v8,tt,27.0,0.5,100.0,0.9,0.3,0.0,5.44333e-06,0.0542607,0.999214,9.439e-05,1.0263e-06,1
pmos,sky130_fd_pr__pfet_01v8,tt,27.0,0.5,100.0,0.9,0.3,0.1,3.42389e-06,0.0512638,1.02461,6.00239e-05,6.47712e-07,1
pmos,sky130_fd_pr__pfet_01v8,tt,27.0,0.5,100.0,0.9,0.3,0.2,2.19226e-06,0.0493338,1.04868,3.90022e-05,4.17007e-07,1
pmos,sky130_fd_pr__pfet_01v8,tt,27.0,0.5,100.0,0.9,0.3,0.3,1.42197e-06,0.0481202,1.07161,2.58431e-05,2.72655e-07,1
pmos,sky130_fd_pr__pfet_01v8,tt,27.0,0.5,100.0,0.9,0.5,0.0,5.62455e-06,0.0543642,0.998541,9.75148e-05,8.22621e-07,1
pmos,sky130_fd_pr__pfet_01v8,tt,27.0,0.5,100.0,0.9,0.5,0.1,3.53869e-06,0.0513376,1.02394,6.20179e-05,5.22697e-07,1
pmos,sky130_fd_pr__pfet_01v8,tt,27.0,0.5,100.0,0.9,0.5,0.2,2.2664e-06,0.049386,1.04801,4.0301e-05,3.38413e-07,1
pmos,sky130_fd_pr__pfet_01v8,tt,27.0,0.5,100.0,0.9,0.5,0.3,1.47058e-06,0.0481569,1.07094,2.67066e-05,2.22418e-07,1
pmos,sky130_fd_pr__pfet_01v8,tt,27.0,0.5,100.0,0.9,0.8,0.0,5.85161e-06,0.0545209,0.997531,0.000101391,7.08402e-07,1
pmos,sky130_fd_pr__pfet_01v8,tt,27.0,0.5,100.0,0.9,0.8,0.1,3.68334e-06,0.0514495,1.02293,6.451e-05,4.52287e-07,1
pmos,sky130_fd_pr__pfet_01v8,tt,27.0,0.5,100.0,0.9,0.8,0.2,2.36027e-06,0.0494653,1.047,4.19327e-05,2.94074e-07,1
pmos,sky130_fd_pr__pfet_01v8,tt,27.0,0.5,100.0,0.9,0.8,0.3,1.53241e-06,0.0482128,1.06993,2.77956e-05,1.94093e-07,1
pmos,sky130_fd_pr__pfet_01v8,tt,27.0,0.5,100.0,0.9,1.2,0.0,6.12066e-06,0.0547331,0.996185,0.000105953,6.46099e-07,1
pmos,sky130_fd_pr__pfet_01v8,tt,27.0,0.5,100.0,0.9,1.2,0.1,3.85546e-06,0.0516011,1.02159,6.74582e-05,4.14072e-07,1
pmos,sky130_fd_pr__pfet_01v8,tt,27.0,0.5,100.0,0.9,1.2,0.2,2.47239e-06,0.0495727,1.04565,4.38698e-05,2.70145e-07,1
pmos,sky130_fd_pr__pfet_01v8,tt,27.0,0.5,100.0,0.9,1.2,0.3,1.60654e-06,0.0482886,1.06858,2.90924e-05,1.78917e-07,1
pmos,sky130_fd_pr__pfet_01v8,tt,27.0,0.5,100.0,0.9,1.5,0.0,6.31089e-06,0.0548945,0.995175,0.000109164,6.24326e-07,1
pmos,sky130_fd_pr__pfet_01v8,tt,27.0,0.5,100.0,0.9,1.5,0.1,3.9775e-06,0.0517167,1.02058,6.95405e-05,4.00923e-07,1
pmos,sky130_fd_pr__pfet_01v8,tt,27.0,0.5,100.0,0.9,1.5,0.2,2.55208e-06,0.0496547,1.04464,4.52413e-05,2.62038e-07,1
pmos,sky130_fd_pr__pfet_01v8,tt,27.0,0.5,100.0,0.9,1.5,0.3,1.65938e-06,0.0483465,1.06757,3.00122e-05,1.73867e-07,1
pmos,sky130_fd_pr__pfet_01v8,tt,27.0,0.5,100.0,1.0,0.15,0.0,2.85843e-05,0.0817428,0.999719,0.000460402,1.42936e-05,1
pmos,sky130_fd_pr__pfet_01v8,tt,27.0,0.5,100.0,1.0,0.15,0.1,1.86357e-05,0.0723793,1.02512,0.000314221,8.28651e-06,1
pmos,sky130_fd_pr__pfet_01v8,tt,27.0,0.5,100.0,1.0,0.15,0.2,1.22108e-05,0.0652338,1.04919,0.00021146,5.0151e-06,1
pmos,sky130_fd_pr__pfet_01v8,tt,27.0,0.5,100.0,1.0,0.15,0.3,8.08025e-06,0.0599236,1.07211,0.000141884,3.14502e-06,1
pmos,sky130_fd_pr__pfet_01v8,tt,27.0,0.5,100.0,1.0,0.3,0.0,2.97857e-05,0.0819561,0.999214,0.000482575,5.68906e-06,1
pmos,sky130_fd_pr__pfet_01v8,tt,27.0,0.5,100.0,1.0,0.3,0.1,1.93835e-05,0.0725536,1.02461,0.000328034,3.69632e-06,1
pmos,sky130_fd_pr__pfet_01v8,tt,27.0,0.5,100.0,1.0,0.3,0.2,1.26863e-05,0.0653719,1.04868,0.000220232,2.41803e-06,1
pmos,sky130_fd_pr__pfet_01v8,tt,27.0,0.5,100.0,1.0,0.3,0.3,8.38867e-06,0.0600306,1.07161,0.000147548,1.59876e-06,1
pmos,sky130_fd_pr__pfet_01v8,tt,27.0,0.5,100.0,1.0,0.5,0.0,3.07631e-05,0.0822418,0.998541,0.000498161,4.35166e-06,1
pmos,sky130_fd_pr__pfet_01v8,tt,27.0,0.5,100.0,1.0,0.5,0.1,2.00259e-05,0.0727871,1.02394,0.000338776,2.88454e-06,1
pmos,sky130_fd_pr__pfet_01v8,tt,27.0,0.5,100.0,1.0,0.5,0.2,1.311e-05,0.0655573,1.04801,0.000227532,1.91417e-06,1
pmos,sky130_fd_pr__pfet_01v8,tt,27.0,0.5,100.0,1.0,0.5,0.3,8.6705e-06,0.0601742,1.07094,0.000152482,1.27863e-06,1
pmos,sky130_fd_pr__pfet_01v8,tt,27.0,0.5,100.0,1.0,0.8,0.0,3.19466e-05,0.082673,0.997531,0.000516325,3.64662e-06,1
pmos,sky130_fd_pr__pfet_01v8,tt,27.0,0.5,100.0,1.0,0.8,0.1,2.08156e-05,0.07314,1.02293,0.000351629,2.44714e-06,1
pmos,sky130_fd_pr__pfet_01v8,tt,27.0,0.5,100.0,1.0,0.8,0.2,1.36366e-05,0.0658377,1.047,0.000236437,1.63863e-06,1
pmos,sky130_fd_pr__pfet_01v8,tt,27.0,0.5,100.0,1.0,0.8,0.3,9.02352e-06,0.0603918,1.06993,0.000158583,1.10179e-06,1
pmos,sky130_fd_pr__pfet_01v8,tt,27.0,0.5,100.0,1.0,1.2,0.0,3.33165e-05,0.0832529,0.996185,0.000536792,3.2576e-06,1
pmos,sky130_fd_pr__pfet_01v8,tt,27.0,0.5,100.0,1.0,1.2,0.1,2.17395e-05,0.0736156,1.02159,0.000366384,2.20709e-06,1
pmos,sky130_fd_pr__pfet_01v8,tt,27.0,0.5,100.0,1.0,1.2,0.2,1.42576e-05,0.0662163,1.04565,0.000246801,1.48831e-06,1
pmos,sky130_fd_pr__pfet_01v8,tt,27.0,0.5,100.0,1.0,1.2,0.3,9.44218e-06,0.060686,1.06858,0.000165752,1.00583e-06,1
pmos,sky130_fd_pr__pfet_01v8,tt,27.0,0.5,100.0,1.0,1.5,0.0,3.42701e-05,0.0836916,0.995175,0.000550785,3.11303e-06,1
pmos,sky130_fd_pr__pfet_01v8,tt,27.0,0.5,100.0,1.0,1.5,0.1,2.23874e-05,0.073976,1.02058,0.000376599,2.11998e-06,1
pmos,sky130_fd_pr__pfet_01v8,tt,27.0,0.5,100.0,1.0,1.5,0.2,1.46953e-05,0.0665037,1.04464,0.000254043,1.43499e-06,1
pmos,sky130_fd_pr__pfet_01v8,tt,27.0,0.5,100.0,1.0,1.5,0.3,9.73841e-06,0.0609097,1.06757,0.000170795,9.72469e-07,1
pmos,sky130_fd_pr__pfet_01v8,tt,27.0,0.5,100.0,1.2,0.15,0.0,0.000284763,0.212798,0.999719,0.00192632,0.000908203,0
pmos,sky130_fd_pr__pfet_01v8,tt,27.0,0.5,100.0,1.2,0.15,0.1,0.000237485,0.194688,1.02512,0.00183788,0.000658549,0
pmos,sky130_fd_pr__pfet_01v8,tt,27.0,0.5,100.0,1.2,0.15,0.2,0.000194906,0.177455,1.04919,0.00172258,0.000453602,0
pmos,sky130_fd_pr__pfet_01v8,tt,27.0,0.5,100.0,1.2,0.15,0.3,0.000157148,0.161159,1.07211,0.0015775,0.000295943,0
pmos,sky130_fd_pr__pfet_01v8,tt,27.0,0.5,100.0,1.2,0.3,0.0,0.000337564,0.213194,0.999214,0.00274691,9.95925e-05,1
pmos,sky130_fd_pr__pfet_01v8,tt,27.0,0.5,100.0,1.2,0.3,0.1,0.00027299,0.195081,1.02461,0.00245806,7.12418e-05,1
pmos,sky130_fd_pr__pfet_01v8,tt,27.0,0.5,100.0,1.2,0.3,0.2,0.000218174,0.177843,1.04868,0.00216823,5.18596e-05,1
pmos,sky130_fd_pr__pfet_01v8,tt,27.0,0.5,100.0,1.2,0.3,0.3,0.000172151,0.161537,1.07161,0.00188236,3.81834e-05,1
pmos,sky130_fd_pr__pfet_01v8,tt,27.0,0.5,100.0,1.2,0.5,0.0,0.000350167,0.213723,0.998541,0.00288221,4.65446e-05,1
pmos,sky130_fd_pr__pfet_01v8,tt,27.0,0.5,100.0,1.2,0.5,0.1,0.000282659,0.195605,1.02394,0.00256387,3.72429e-05,1
pmos,sky130_fd_pr__pfet_01v8,tt,27.0,0.5,100.0,1.2,0.5,0.2,0.000225623,0.178359,1.04801,0.00225247,2.96725e-05,1
pmos,sky130_fd_pr__pfet_01v8,tt,27.0,0.5,100.0,1.2,0.5,0.3,0.000177891,0.162041,1.07094,0.0019502,2.34951e-05,1
pmos,sky130_fd_pr__pfet_01v8,tt,27.0,0.5,100.0,1.2,0.8,0.0,0.000361662,0.214516,0.997531,0.0029757,3.2726e-05,1
pmos,sky130_fd_pr__pfet_01v8,tt,27.0,0.5,100.0,1.2,0.8,0.1,0.000292009,0.196393,1.02293,0.00264545,2.69717e-05,1
pmos,sky130_fd_pr__pfet_01v8,tt,27.0,0.5,100.0,1.2,0.8,0.2,0.000233185,0.179135,1.047,0.00232351,2.20786e-05,1
pmos,sky130_fd_pr__pfet_01v8,tt,27.0,0.5,100.0,1.2,0.8,0.3,0.000183961,0.162798,1.06993,0.0020118,1.79214e-05,1
pmos,sky130_fd_pr__pfet_01v8,tt,27.0,0.5,100.0,1.2,1.2,0.0,0.000373201,0.215574,0.996185,0.00305927,2.59454e-05,1
pmos,sky130_fd_pr__pfet_01v8,tt,27.0,0.5,100.0,1.2,1.2,0.1,0.000301612,0.197443,1.02159,0.00272087,2.1778e-05,1
pmos,sky130_fd_pr__pfet_01v8,tt,27.0,0.5,100.0,1.2,1.2,0.2,0.000241119,0.18017,1.04565,0.00239132,1.81414e-05,1
pmos,sky130_fd_pr__pfet_01v8,tt,27.0,0.5,100.0,1.2,1.2,0.3,0.000190458,0.16381,1.06858,0.00207241,1.4972e-05,1
pmos,sky130_fd_pr__pfet_01v8,tt,27.0,0.5,100.0,1.2,1.5,0.0,0.000380563,0.216368,0.995175,0.00310892,2.33452e-05,1
pmos,sky130_fd_pr__pfet_01v8,tt,27.0,0.5,100.0,1.2,1.5,0.1,0.000307821,0.198232,1.02058,0.00276651,1.97709e-05,1
pmos,sky130_fd_pr__pfet_01v8,tt,27.0,0.5,100.0,1.2,1.5,0.2,0.000246314,0.180948,1.04464,0.00243311,1.66118e-05,1
pmos,sky130_fd_pr__pfet_01v8,tt,27.0,0.5,100.0,1.2,1.5,0.3,0.000194763,0.16457,1.06757,0.00211044,1.38233e-05,1
