point_index,point_status,generation_status,witness_rank,w_m1_um,i_m5_target_a,i_half_target_a,vbias_v,vtail_v,vx_v,vy_v,vout_v,w_m3_um,w_m5_um,w_m6_um,w_m7_um,id_m1_a,id_m2_a,id_m3_a,id_m4_a,id_m5_a,id_m6_a,id_m7_a,tail_kcl_rel,x_kcl_rel,y_kcl_rel,mirror_balance_rel,output_kcl_rel,i5_target_rel,max_abs_residual,rms_residual,m1_sat_headroom_v,m2_sat_headroom_v,m3_sat_headroom_v,m4_sat_headroom_v,m5_sat_headroom_v,m6_sat_headroom_v,m7_sat_headroom_v,all_saturated_50mv,stage1_feasible,stage2_feasible,stage3_feasible,stage4_feasible,stage5_feasible,complete_candidates,point_elapsed_s
49,PASS,WITNESS,1,50.0,1.0316e-05,5.158e-06,0.607,0.2995,0.5291666666666668,0.5291666666666668,0.6414867629466983,0.5344241978961313,19.16418487570231,0.6601497488116522,11.83632017569477,5.428113154490524e-06,5.428113154490524e-06,5.574258801123537e-06,5.574258801123537e-06,1.0316396438601379e-05,6.378017418399818e-06,6.378821231555314e-06,-0.04972537003333133,0.026217951452766463,0.026217951452766463,0.0,-7.791907284761542e-05,3.8428011538486236e-05,0.04972537003333133,0.02532252597262283,0.1824013245411844,0.1824013245411844,0.9120248349008924,0.9120248349008924,0.23846014889242176,0.8083004204247625,0.5808771115077075,True,464,43386,179,64,36263,123,1.9815027159638703
49,PASS,WITNESS,2,50.0,1.0316e-05,5.158e-06,0.607,0.2995,0.5291666666666668,0.5291666666666668,1.3882224562764942,0.5344241978961313,19.16418487570231,0.4679088782003598,8.389489362677569,5.428113154490524e-06,5.428113154490524e-06,5.574258801123537e-06,5.574258801123537e-06,1.0316396438601379e-05,4.746834087979092e-06,4.692855502302583e-06,-0.04972537003333133,0.026217951452766463,0.026217951452766463,0.0,0.005232511213310261,3.8428011538486236e-05,0.04972537003333133,0.025412447842282766,0.1824013245411844,0.1824013245411844,0.9120248349008924,0.9120248349008924,0.23846014889242176,0.05080158452464795,1.328948857708339,True,464,43386,179,64,36263,123,1.9815027159638703
49,PASS,WITNESS,3,50.0,1.0316e-05,5.158e-06,0.607,0.2995,0.5291666666666668,0.5291666666666668,0.5,0.5344241978961313,19.16418487570231,0.5953853021921566,10.675109817635912,5.428113154490524e-06,5.428113154490524e-06,5.574258801123537e-06,5.574258801123537e-06,1.0316396438601379e-05,5.984131368318443e-06,5.444952571349225e-06,-0.04972537003333133,0.026217951452766463,0.026217951452766463,0.0,0.05226626570077723,3.8428011538486236e-05,0.05226626570077723,0.03311378964703194,0.1824013245411844,0.1824013245411844,0.9120248349008924,0.9120248349008924,0.23846014889242176,0.94527267313177,0.4397171199178173,True,464,43386,179,64,36263,123,1.9815027159638703
49,PASS,WITNESS,4,50.0,1.0316e-05,5.158e-06,0.6880000000000001,0.299,0.5033333333333334,0.5033333333333334,1.0109244217519657,0.42,5.363027180295652,0.46790887820035987,2.9873905139168784,5.44391218599746e-06,5.44391218599746e-06,5.407993680409307e-06,5.407993680409307e-06,1.0315451153811585e-05,5.652476809734352e-06,5.6514457450952895e-06,-0.052570026722286486,-0.006597921560994446,-0.006597921560994446,0.0,9.994810382535115e-05,-5.320339166493559e-05,0.052570026722286486,0.021797116275845334,0.15701293427424273,0.15701293427424273,0.9081491746412272,0.9081491746412272,0.2084423733102077,0.40574524245153676,0.9210953722567105,True,464,43386,179,64,36263,123,1.9815027159638703
49,PASS,WITNESS,5,50.0,1.0316e-05,5.158e-06,0.6880000000000001,0.299,0.5033333333333334,0.5033333333333334,1.3646413291187112,0.42,5.363027180295652,0.4367823195660525,2.788661252030144,5.44391218599746e-06,5.44391218599746e-06,5.407993680409307e-06,5.407993680409307e-06,1.0315451153811585e-05,5.138448904234001e-06,5.395702039170755e-06,-0.052570026722286486,-0.006597921560994446,-0.006597921560994446,0.0,-0.024937294972543093,-5.320339166493559e-05,0.052570026722286486,0.024057377103432306,0.15701293427424273,0.15701293427424273,0.9081491746412272,0.9081491746412272,0.2084423733102077,0.05078736865945599,1.2745070484141956,True,464,43386,179,64,36263,123,1.9815027159638703
2001,PASS,NO_WITNESS,0,3.0416666666666665,8.33163e-05,4.165815e-05,,,,,,,,,,,,,,,,,,,,,,,,,,,,,,,,False,0,0,0,0,0,0,0.003344584023579955
1906,PASS,WITNESS,1,13.25,7.83193e-05,3.915965e-05,0.71075,0.16599999999999998,0.54,0.54,0.8301357802089624,6.370163603444466,22.763075569225393,5.030155431370876,8.987352235924643,3.8956431094528365e-05,3.8956431094528365e-05,3.924221311086883e-05,3.924221311086883e-05,7.83403641720011e-05,3.086927937122987e-05,3.0869426895522464e-05,0.005456982329132004,0.007282515273362938,0.007282515273362938,0.0,-1.8836262912637517e-06,0.0002688801899727996,0.007282515273362938,0.004759569547388988,0.2695185173271386,0.2695185173271386,0.9887011607994873,0.9887011607994873,0.053848790768246946,0.6953866880264602,0.7225910076823512,True,543,15839,330,64,173142,192,2.2018532659858465
1906,PASS,WITNESS,2,13.25,7.83193e-05,3.915965e-05,0.71075,0.16599999999999998,0.54,0.54,1.4668262134691044,6.370163603444466,22.763075569225393,3.3281584383648664,5.946403165994846,3.8956431094528365e-05,3.8956431094528365e-05,3.924221311086883e-05,3.924221311086883e-05,7.83403641720011e-05,1.912754482047608e-05,1.9563455029147515e-05,0.005456982329132004,0.007282515273362938,0.007282515273362938,0.0,-0.00556580828316183,0.0002688801899727996,0.007282515273362938,0.005274138665151251,0.2695185173271386,0.2695185173271386,0.9887011607994873,0.9887011607994873,0.053848790768246946,0.05076160973319016,1.3617297042004526,True,543,15839,330,64,173142,192,2.2018532659858465
1906,PASS,WITNESS,3,13.25,7.83193e-05,3.915965e-05,0.71075,0.16599999999999998,0.48000000000000004,0.48000000000000004,1.286037571926101,4.362357885482179,22.763075569225393,2.527080354244826,6.5932372564638415,3.8297783799310255e-05,3.8297783799310255e-05,3.9391949428874904e-05,3.9391949428874904e-05,7.83403641720011e-05,2.183706869575871e-05,2.183909691068208e-05,0.022271999777149207,0.027776376783287832,0.027776376783287832,0.0,-2.5896744778994036e-05,0.0002688801899727996,0.027776376783287832,0.018435333627238877,0.20966761708123927,0.20966761708123927,0.9928775057140169,0.9928775057140169,0.053848790768246946,0.17608920717837595,1.1807211167844511,True,543,15839,330,64,173142,192,2.2018532659858465
1906,PASS,WITNESS,4,13.25,7.83193e-05,3.915965e-05,0.71075,0.16599999999999998,0.48000000000000004,0.48000000000000004,1.4118035834342773,4.362357885482179,22.763075569225393,2.441579859697595,6.370163603444466,3.8297783799310255e-05,3.8297783799310255e-05,3.9391949428874904e-05,3.9391949428874904e-05,7.83403641720011e-05,2.053570342766543e-05,2.1180233641168313e-05,0.022271999777149207,0.027776376783287832,0.027776376783287832,0.0,-0.008229519588439671,0.0002688801899727996,0.027776376783287832,0.01873896776639858,0.20966761708123927,0.20966761708123927,0.9928775057140169,0.9928775057140169,0.053848790768246946,0.050112301426736394,1.3065262130782604,True,543,15839,330,64,173142,192,2.2018532659858465
1906,PASS,WITNESS,5,13.25,7.83193e-05,3.915965e-05,0.6633125,0.16749999999999998,0.5850000000000001,0.5850000000000001,0.6336263872274372,8.987352235924643,46.8966057999129,5.772632041224323,15.060990276041606,3.8224018483356954e-05,3.8224018483356954e-05,3.9506930897362535e-05,3.9506930897362535e-05,7.836644033686632e-05,2.597597527816538e-05,2.5976111773718268e-05,0.02447990953660723,0.03247309737469959,0.03247309737469959,0.0,-1.7428086421527474e-06,0.0006015372991765925,0.03247309737469959,0.021247085789560253,0.3139770885075796,0.3139770885075796,0.9828207049503102,0.9828207049503102,0.08142337673190171,0.9298268805399809,0.5490297046201992,True,543,15839,330,64,173142,192,2.2018532659858465
2024,PASS,WITNESS,1,50.0,8.33163e-05,4.165815e-05,0.6925625,0.22875000000000004,0.7050000000000001,0.7050000000000001,1.2624564434096768,32.115309880421194,29.97891298216905,17.974704471849297,8.389489362677569,4.199618858083277e-05,4.199618858083277e-05,4.156543936664007e-05,4.156543936664007e-05,8.335797428958134e-05,2.249245218414106e-05,2.2493121331901184e-05,-0.007553100573199899,-0.010256864461964449,-0.010256864461964449,0.0,-8.031414742659176e-06,0.0004999436459020903,0.010256864461964449,0.006679644122304119,0.4076815805180804,0.4076815805180804,0.9572990115569184,0.9572990115569184,0.12690405525634055,0.4001889336077664,1.1656384171150158,True,463,25154,322,64,224870,192,2.214832440018654
2024,PASS,WITNESS,2,50.0,8.33163e-05,4.165815e-05,0.6925625,0.22875000000000004,0.7050000000000001,0.7050000000000001,1.6083129744408706,32.115309880421194,29.97891298216905,8.724715770964364,4.0721620913169945,4.199618858083277e-05,4.199618858083277e-05,4.156543936664007e-05,4.156543936664007e-05,8.335797428958134e-05,1.0434327836948053e-05,9.48913867059355e-06,-0.007553100573199899,-0.010256864461964449,-0.010256864461964449,0.0,0.011344588830210936,0.0004999436459020903,0.011344588830210936,0.00812819685648582,0.4076815805180804,0.4076815805180804,0.9572990115569184,0.9572990115569184,0.12690405525634055,0.05298810918762589,1.514234384156249,True,463,25154,322,64,224870,192,2.214832440018654
2024,PASS,WITNESS,3,50.0,8.33163e-05,4.165815e-05,0.6925625,0.22750000000000004,0.5700000000000001,0.5700000000000001,0.89301878526272,8.389489362677569,29.97891298216905,5.974781027833756,10.675109817635912,4.199989826297883e-05,4.199989826297883e-05,4.1415700883210196e-05,4.1415700883210196e-05,8.330424750973679e-05,2.9322086953919737e-05,2.932306124524676e-05,-0.008280365488813292,-0.013909495116172283,-0.013909495116172283,0.0,-1.1693886154595825e-05,-0.00014465945155037714,0.013909495116172283,0.00871333866844265,0.2734072094606268,0.2734072094606268,0.9854259260762422,0.9854259260762422,0.1256533580201596,0.6597559494927758,0.7943721458224088,True,463,25154,322,64,224870,192,2.214832440018654
2024,PASS,WITNESS,4,50.0,8.33163e-05,4.165815e-05,0.6925625,0.22750000000000004,0.5700000000000001,0.5700000000000001,1.498267714567309,8.389489362677569,29.97891298216905,4.383176250115449,7.831397937775255,4.199989826297883e-05,4.199989826297883e-05,4.1415700883210196e-05,4.1415700883210196e-05,8.330424750973679e-05,2.00250688778014e-05,2.1096219935802964e-05,-0.008280365488813292,-0.013909495116172283,-0.013909495116172283,0.0,-0.01285644055246769,-0.00014465945155037714,0.013909495116172283,0.01017203315827298,0.2734072094606268,0.2734072094606268,0.9854259260762422,0.9854259260762422,0.1256533580201596,0.0503897813401295,1.4019551449443415,True,463,25154,322,64,224870,192,2.214832440018654
2024,PASS,WITNESS,5,50.0,8.33163e-05,4.165815e-05,0.6925625,0.22875000000000004,0.765,0.765,1.6397544772618882,73.36128687723026,29.97891298216905,25.35963131901495,5.181576093702661,4.2509002562621436e-05,4.2509002562621436e-05,4.178897899787384e-05,4.178897899787384e-05,8.335797428958134e-05,1.275872325924107e-05,1.2758762665650059e-05,-0.01952563851875948,-0.01693814301304549,-0.01693814301304549,0.0,-4.729735836585725e-07,0.0004999436459020903,0.01952563851875948,0.012618121102200657,0.4676830244398168,0.4676830244398168,0.9349244173151268,0.9349244173151268,0.12690405525634055,0.06115418533708607,1.5451202144657317,True,463,25154,322,64,224870,192,2.214832440018654
700,PASS,NO_WITNESS,0,1.0,2.57377e-05,1.286885e-05,,,,,,,,,,,,,,,,,,,,,,,,,,,,,,,,False,0,0,0,0,0,0,0.0029268129728734493
1876,PASS,NO_WITNESS,0,3.0416666666666665,7.78759e-05,3.893795e-05,,,,,,,,,,,,,,,,,,,,,,,,,,,,,,,,False,0,0,0,0,0,0,0.00264887697994709
1548,PASS,WITNESS,1,47.95833333333333,5.89396e-05,2.94698e-05,0.640625,0.24000000000000005,0.6675000000000001,0.6675000000000001,0.5707433814733491,14.551421154185402,51.99789518643481,11.490428615257594,20.529888333673995,2.9707115388914276e-05,2.9707115388914276e-05,2.9611261111673622e-05,2.9611261111673622e-05,5.8928263264631926e-05,2.382721595635629e-05,2.3827592768318257e-05,-0.008179311704191486,-0.0032266437177008397,-0.0032266437177008397,0.0,-6.393188314252593e-06,-0.0001923449661700274,0.008179311704191486,0.0038244964107524058,0.3639924470853322,0.3639924470853322,0.9662639682079288,0.9662639682079288,0.1651347762836784,1.0620144413487567,0.49627885592876675,True,444,25350,347,64,227873,192,2.355610226979479
1548,PASS,WITNESS,2,47.95833333333333,5.89396e-05,2.94698e-05,0.640625,0.24000000000000005,0.6675000000000001,0.6675000000000001,1.5768714735387586,14.551421154185402,51.99789518643481,4.695535946106053,8.389489362677569,2.9707115388914276e-05,2.9707115388914276e-05,2.9611261111673622e-05,2.9611261111673622e-05,5.8928263264631926e-05,9.207673064546626e-06,9.425642553227645e-06,-0.008179311704191486,-0.0032266437177008397,-0.0032266437177008397,0.0,-0.003698184050808273,-0.0001923449661700274,0.008179311704191486,0.004111714183807529,0.3639924470853322,0.3639924470853322,0.9662639682079288,0.9662639682079288,0.1651347762836784,0.050183522391781504,1.5054022152883144,True,444,25350,347,64,227873,192,2.355610226979479
1548,PASS,WITNESS,3,47.95833333333333,5.89396e-05,2.94698e-05,0.640625,0.24125000000000002,0.7200000000000001,0.7200000000000001,1.3410602019609281,27.037811038194604,51.99789518643481,9.346467991343602,8.987352235924643,2.9073501169810053e-05,2.9073501169810053e-05,2.9157636158478077e-05,2.9157636158478077e-05,5.8961552684949917e-05,9.979797215792469e-06,9.979789041926996e-06,0.013814940554266077,0.002854956215109177,0.002854956215109177,0.0,1.3868206558493763e-07,0.00037232202936065883,0.013814940554266077,0.005877822105324762,0.4157503119415657,0.4157503119415657,0.9521471786150613,0.9521471786150613,0.16638451914693075,0.32988729182263854,1.269157193576805,True,444,25350,347,64,227873,192,2.355610226979479
1548,PASS,WITNESS,4,47.95833333333333,5.89396e-05,2.94698e-05,0.640625,0.24125000000000002,0.7200000000000001,0.7200000000000001,1.6161733521350636,27.037811038194604,51.99789518643481,5.5773225040602865,5.363027180295652,2.9073501169810053e-05,2.9073501169810053e-05,2.9157636158478077e-05,2.9157636158478077e-05,5.8961552684949917e-05,5.8520782691825035e-06,5.3378428143949355e-06,0.013814940554266077,0.002854956215109177,0.002854956215109177,0.0,0.008724786981716333,0.00037232202936065883,0.013814940554266077,0.0068728289186253885,0.4157503119415657,0.4157503119415657,0.9521471786150613,0.9521471786150613,0.16638451914693075,0.051429043727378304,1.5464180487655335,True,444,25350,347,64,227873,192,2.355610226979479
1548,PASS,WITNESS,5,47.95833333333333,5.89396e-05,2.94698e-05,0.640625,0.24000000000000005,0.6150000000000001,0.6150000000000001,1.0187847974712267,8.683276799798922,51.99789518643481,4.536668561900395,13.583421432721881,2.9325855425934306e-05,2.9325855425934306e-05,2.9892991988696486e-05,2.9892991988696486e-05,5.8928263264631926e-05,1.6021203701777913e-05,1.602259122254845e-05,0.0046921325011251265,0.01897222476012548,0.01897222476012548,0.0,-2.3541401206278158e-05,-0.0001923449661700274,0.01897222476012548,0.011120134013649394,0.3115253803687731,0.3115253803687731,0.9763206752919953,0.9763206752919953,0.1651347762836784,0.5650454919991459,0.9449161764493016,True,444,25350,347,64,227873,192,2.355610226979479
1953,PASS,WITNESS,1,7.125,8.1363e-05,4.06815e-05,0.6271875,0.11923394733519471,0.7575000000000001,0.7575000000000001,1.1524111835361153,63.92554955912125,100.0,11.4904286152576,8.987352235924643,4.0949651402017264e-05,4.0949651402017264e-05,4.0679270825754395e-05,4.0679270825754395e-05,8.089275694545957e-05,7.468166463257594e-06,7.467726514103566e-06,-0.012290041845452359,-0.006602756482795099,-0.006602756482795099,0.0,5.407238597739212e-06,-0.0057795687786884676,0.012290041845452359,0.0067285629893632706,0.5044961208290776,0.5044961208290776,0.938312919127223,0.938312919127223,0.05017046049517146,0.5419329579297903,1.0859476063509408,True,751,781,331,64,203676,192,2.2238399459747598
1953,PASS,WITNESS,2,7.125,8.1363e-05,4.06815e-05,0.6271875,0.11923394733519471,0.7575000000000001,0.7575000000000001,1.6397544772618882,63.92554955912125,100.0,5.577322504060289,4.362357885482179,4.0949651402017264e-05,4.0949651402017264e-05,4.0679270825754395e-05,4.0679270825754395e-05,8.089275694545957e-05,3.5440777570498654e-06,3.193717537248909e-06,-0.012290041845452359,-0.006602756482795099,-0.006602756482795099,0.0,0.0043061369394068105,-0.0057795687786884676,0.012290041845452359,0.0069544247966512865,0.5044961208290776,0.5044961208290776,0.938312919127223,0.938312919127223,0.05017046049517146,0.05140563435094922,1.5753024215138347,True,751,781,331,64,203676,192,2.2238399459747598
1953,PASS,WITNESS,3,7.125,8.1363e-05,4.06815e-05,0.6271875,0.11923394733519471,0.7575000000000001,0.7575000000000001,0.5,63.92554955912125,100.0,14.620864514742372,11.435853594985783,4.0949651402017264e-05,4.0949651402017264e-05,4.0679270825754395e-05,4.0679270825754395e-05,8.089275694545957e-05,9.97091900394216e-06,9.025879298680372e-06,-0.012290041845452359,-0.006602756482795099,-0.006602756482795099,0.0,0.011615103981684412,-0.0057795687786884676,0.012290041845452359,0.008231564965404888,0.5044961208290776,0.5044961208290776,0.938312919127223,0.938312919127223,0.05017046049517146,1.1936615194194202,0.4325241446687012,True,751,781,331,64,203676,192,2.2238399459747598
1953,PASS,WITNESS,4,7.125,8.1363e-05,4.06815e-05,0.6271875,0.11923394733519471,0.5775,0.5775,1.1131093050098433,8.683276799798922,100.0,2.0555608875320455,11.83632017569477,3.997830949267462e-05,3.997830949267462e-05,4.04818098016624e-05,4.04818098016624e-05,8.089275694545957e-05,1.0542278326786182e-05,1.0541608380450248e-05,0.011505696202331876,0.012376640708621352,0.012376640708621352,0.0,8.23404171348143e-06,-0.0057795687786884676,0.012376640708621352,0.00887080415960126,0.32470144452202543,0.32470144452202543,0.9841378811471375,0.9841378811471375,0.05017046049517146,0.4242206533811691,1.0452211803531637,True,751,781,331,64,203676,192,2.2238399459747598
1953,PASS,WITNESS,5,7.125,8.1363e-05,4.06815e-05,0.6271875,0.11923394733519471,0.5775,0.5775,1.4825469631568002,8.683276799798922,100.0,1.6720206602271657,9.627820803005408,3.997830949267462e-05,3.997830949267462e-05,4.04818098016624e-05,4.04818098016624e-05,8.089275694545957e-05,8.55052648944469e-06,8.576691327681615e-06,0.011505696202331876,0.012376640708621352,0.012376640708621352,0.0,-0.00032158153259988995,-0.0057795687786884676,0.012376640708621352,0.008871774958735338,0.32470144452202543,0.32470144452202543,0.9841378811471375,0.9841378811471375,0.05017046049517146,0.05085568516811301,1.4154746246115892,True,751,781,331,64,203676,192,2.2238399459747598
476,PASS,WITNESS,1,3.0416666666666665,1.77821e-05,8.89105e-06,0.681875,0.14799999999999996,0.5066666666666666,0.5066666666666666,0.515720751438522,0.865286168209724,9.627820803005408,0.9313729898270454,5.181576093702661,8.887446403262594e-06,8.887446403262594e-06,8.796888279176241e-06,8.796888279176241e-06,1.777982607930045e-05,9.298531542716771e-06,9.298951940188814e-06,0.00027742914364795496,-0.010185312655575332,-0.010185312655575332,0.0,-2.364160993596743e-05,-0.00012787694926636833,0.010185312655575332,0.005881823217241195,0.25062339005042156,0.25062339005042156,0.9354149077785808,0.9354149077785808,0.056721520107973156,0.9292908913672745,0.4278777767322517,True,772,19431,321,64,124941,191,2.292784953955561
476,PASS,WITNESS,2,3.0416666666666665,1.77821e-05,8.89105e-06,0.681875,0.14799999999999996,0.5066666666666666,0.5066666666666666,1.3803620805572332,0.865286168209724,9.627820803005408,0.6162348097687339,3.4283445980090392,8.887446403262594e-06,8.887446403262594e-06,8.796888279176241e-06,8.796888279176241e-06,1.777982607930045e-05,6.276429633806433e-06,6.274808761568936e-06,0.00027742914364795496,-0.010185312655575332,-0.010185312655575332,0.0,9.115190205299864e-05,-0.00012787694926636833,0.010185312655575332,0.005881933014137343,0.25062339005042156,0.25062339005042156,0.9354149077785808,0.9354149077785808,0.056721520107973156,0.05060000734035658,1.292722174652432,True,772,19431,321,64,124941,191,2.292784953955561
476,PASS,WITNESS,3,3.0416666666666665,1.77821e-05,8.89105e-06,0.5819375,0.14949999999999997,0.6266666666666667,0.6266666666666667,1.3803620805572332,2.515077715685437,57.65408941012277,1.1851149119772388,13.583421432721881,8.816658597754336e-06,8.816658597754336e-06,8.931083386651247e-06,8.931083386651247e-06,1.7784287695966315e-05,5.0334989011304205e-06,5.033230260301674e-06,0.008488982130663876,0.012811971845200215,0.012811971845200215,0.0,1.5107373636789524e-05,0.00012301285290220219,0.012811971845200215,0.008168755751172206,0.36984867886155204,0.36984867886155204,0.9521776700722948,0.9521776700722948,0.09547029991400371,0.17611982199939946,1.3261672393400368,True,772,19431,321,64,124941,191,2.292784953955561
476,PASS,WITNESS,4,3.0416666666666665,1.77821e-05,8.89105e-06,0.5819375,0.14949999999999997,0.6266666666666667,0.6266666666666667,1.5061280920654094,2.515077715685437,57.65408941012277,1.1851149119772388,13.583421432721881,8.816658597754336e-06,8.816658597754336e-06,8.931083386651247e-06,8.931083386651247e-06,1.7784287695966315e-05,4.8694254565731156e-06,5.146621125003098e-06,0.008488982130663876,0.012811971845200215,0.012811971845200215,0.0,-0.015588466403292206,0.00012301285290220219,0.015588466403292206,0.01035512336726516,0.36984867886155204,0.36984867886155204,0.9521776700722948,0.9521776700722948,0.09547029991400371,0.050524367619637106,1.4518615888146358,True,772,19431,321,64,124941,191,2.292784953955561
476,PASS,WITNESS,5,3.0416666666666665,1.77821e-05,8.89105e-06,0.6111875,0.15099999999999997,0.7933333333333333,0.7933333333333333,1.238875317610535,23.560204612887244,31.02872991761893,11.101664828022274,7.310432257371184,8.758799925960059e-06,8.758799925960059e-06,8.911384406638614e-06,8.911384406638614e-06,1.7783155953345885e-05,4.177511194881404e-06,4.177429120273901e-06,0.01493301313458949,0.017122421580746314,0.017122421580746314,0.0,4.615574510504597e-06,5.9379412105196703e-05,0.017122421580746314,0.01161430920656029,0.5358154067385849,0.5358154067385849,0.9199949966316106,0.9199949966316106,0.08826281889122685,0.4739492436003046,1.179121891981508,True,772,19431,321,64,124941,191,2.292784953955561
1455,PASS,WITNESS,1,11.208333333333332,5.53724e-05,2.76862e-05,0.6809375,0.175,0.7875000000000001,0.7875000000000001,0.7279508958585693,68.4810965156903,25.23918303639099,57.92923048920141,10.675109817635912,2.782502762494259e-05,2.782502762494259e-05,2.766904234784925e-05,2.766904234784925e-05,5.536491121648052e-05,2.3585960005898095e-05,2.3585991337513325e-05,-0.005123876914843717,-0.005605934311939953,-0.005605934311939953,0.0,-5.65834517375664e-07,-0.0001352439756896826,0.005605934311939953,0.0038541191149031005,0.5149747932551637,0.5149747932551637,0.9237782625012214,0.9237782625012214,0.08008718887708281,0.9832218678697368,0.6358094600967041,True,627,19739,345,64,167386,192,2.3928617789642885
1455,PASS,WITNESS,2,11.208333333333332,5.53724e-05,2.76862e-05,0.6503125,0.17375,0.5775,0.5775,0.7043697687007863,5.745214307628796,42.295781928615,3.6901867563785617,13.583421432721881,2.746722500723799e-05,2.746722500723799e-05,2.7466687771376907e-05,2.7466687771376907e-05,5.539522444027567e-05,1.828434822194694e-05,1.828297105250775e-05,0.008317944921343804,-1.9404463634714387e-05,-1.9404463634714387e-05,0.0,2.48710447658068e-05,0.0004120290242759228,0.008317944921343804,0.0033999840015957084,0.30555548608094546,0.30555548608094546,0.9797414307563721,0.9797414307563721,0.09434692586101782,0.8436867435456987,0.6263790972669232,True,627,19739,345,64,167386,192,2.3928617789642885
1455,PASS,WITNESS,3,11.208333333333332,5.53724e-05,2.76862e-05,0.6503125,0.17375,0.5775,0.5775,1.4904073406268874,5.745214307628796,42.295781928615,2.2791593923717337,8.389489362677569,2.746722500723799e-05,2.746722500723799e-05,2.7466687771376907e-05,2.7466687771376907e-05,5.539522444027567e-05,1.0677150821011075e-05,1.1166824594487476e-05,0.008317944921343804,-1.9404463634714387e-05,-1.9404463634714387e-05,0.0,-0.00884328245617673,0.0004120290242759228,0.00884328245617673,0.0049592064771408735,0.30555548608094546,0.30555548608094546,0.9797414307563721,0.9797414307563721,0.09434692586101782,0.05035352551877681,1.4147818031074515,True,627,19739,345,64,167386,192,2.3928617789642885
1455,PASS,WITNESS,4,11.208333333333332,5.53724e-05,2.76862e-05,0.6809375,0.175,0.7875000000000001,0.7875000000000001,1.6554752307313687,68.4810965156903,25.23918303639099,15.6627958755505,2.8863160206121603,2.782502762494259e-05,2.782502762494259e-05,2.766904234784925e-05,2.766904234784925e-05,5.536491121648052e-05,5.693032752902647e-06,5.154373062133552e-06,-0.005123876914843717,-0.005605934311939953,-0.005605934311939953,0.0,0.009727945524649383,-0.0001352439756896826,0.009727945524649383,0.005534111321635812,0.5149747932551637,0.5149747932551637,0.9237782625012214,0.9237782625012214,0.08008718887708281,0.05590016551055599,1.5684823204429952,True,627,19739,345,64,167386,192,2.3928617789642885
1455,PASS,WITNESS,5,11.208333333333332,5.53724e-05,2.76862e-05,0.6503125,0.17375,0.6525000000000001,0.6525000000000001,1.325339450522406,11.435853594985783,42.295781928615,4.695535946106047,8.683276799798922,2.786659902398337e-05,2.786659902398337e-05,2.743641860992651e-05,2.743641860992651e-05,5.539522444027567e-05,1.1427790794418586e-05,1.1427419074859329e-05,-0.006064134475114709,-0.015437133669832692,-0.015437133669832692,0.0,6.713083761176197e-06,0.0004120290242759228,0.015437133669832692,0.009251610056229657,0.3804450507927945,0.3804450507927945,0.9691928454905289,0.9691928454905289,0.09434692586101782,0.289440252939499,1.2495091925923916,True,627,19739,345,64,167386,192,2.3928617789642885
1626,PASS,NO_WITNESS,0,3.0416666666666665,6.48065e-05,3.240325e-05,,,,,,,,,,,,,,,,,,,,,,,,,,,,,,,,False,766,0,0,0,0,0,0.6052054199390113
456,PASS,WITNESS,1,13.25,1.74013e-05,8.70065e-06,0.8131250000000001,0.23375000000000004,0.6799999999999999,0.6799999999999999,0.8694376588052675,4.362357885482179,2.1174385760647425,1.853898668295673,0.44993059480841036,8.664931748380147e-06,8.664931748380147e-06,8.742689075145854e-06,8.742689075145854e-06,1.7405822340222247e-05,4.352567624162798e-06,4.353006606188583e-06,0.004363990507154847,0.008893982857832595,0.008893982857832595,0.0,-2.5226967283175637e-05,0.00025981767099840714,0.008893982857832595,0.005436273492620643,0.3808881647693602,0.3808881647693602,0.9521726788575497,0.9521726788575497,0.07021569535053662,0.7462805417490267,0.6828677221543384,True,619,28180,366,64,120048,192,2.342609122977592
456,PASS,WITNESS,2,13.25,1.74013e-05,8.70065e-06,0.8131250000000001,0.23375000000000004,0.6799999999999999,0.6799999999999999,1.5611507221002365,4.362357885482179,2.1174385760647425,1.730572336419448,0.42,8.664931748380147e-06,8.664931748380147e-06,8.742689075145854e-06,8.742689075145854e-06,1.7405822340222247e-05,3.814731247809565e-06,4.1456026780059525e-06,0.004363990507154847,0.008893982857832595,0.008893982857832595,0.0,-0.019014178837005718,0.00025981767099840714,0.019014178837005718,0.009476785472627106,0.3808881647693602,0.3808881647693602,0.9521726788575497,0.9521726788575497,0.07021569535053662,0.05578263896408206,1.3792172379247927,True,619,28180,366,64,120048,192,2.342609122977592
456,PASS,WITNESS,3,13.25,1.74013e-05,8.70065e-06,0.8131250000000001,0.23375000000000004,0.6133333333333333,0.6133333333333333,1.105248930383098,2.1174385760647425,2.1174385760647425,1.730572336419448,0.865286168209724,8.528565552025493e-06,8.528565552025493e-06,8.6464440596557e-06,8.6464440596557e-06,1.7405822340222247e-05,7.223005589422119e-06,7.223314260780515e-06,0.020033022821650256,0.013548241525656953,0.013548241525656953,0.0,-1.7738407957807037e-05,0.00025981767099840714,0.020033022821650256,0.011317387214084287,0.3142756550576853,0.3142756550576853,0.9515266765639526,0.9515266765639526,0.07021569535053662,0.4568719139293509,0.9410432058348892,True,619,28180,366,64,120048,192,2.342609122977592
456,PASS,WITNESS,4,13.25,1.74013e-05,8.70065e-06,0.8131250000000001,0.23375000000000004,0.6799999999999999,0.6799999999999999,0.5,4.362357885482179,2.1174385760647425,1.853898668295673,0.44993059480841036,8.664931748380147e-06,8.664931748380147e-06,8.742689075145854e-06,8.742689075145854e-06,1.7405822340222247e-05,4.479920553747009e-06,4.097100839552898e-06,0.004363990507154847,0.008893982857832595,0.008893982857832595,0.0,0.02199948935965194,0.00025981767099840714,0.02199948935965194,0.010498375371178308,0.3808881647693602,0.3808881647693602,0.9521726788575497,0.9521726788575497,0.07021569535053662,1.1142292248204897,0.31407361234409353,True,619,28180,366,64,120048,192,2.342609122977592
456,PASS,WITNESS,5,13.25,1.74013e-05,8.70065e-06,0.5870000000000001,0.23125000000000004,0.5466666666666666,0.5466666666666666,0.8772980345245285,1.139579696185867,48.538855170767334,0.7841209379198351,16.699285170420158,8.924222298447397e-06,8.924222298447397e-06,8.683667155793682e-06,8.683667155793682e-06,1.7414543826804355e-05,6.529539165432986e-06,6.528473949591531e-06,-0.02431028472732729,-0.02695530597613714,-0.02695530597613714,0.0,6.121472771889538e-05,0.0007605038028025598,0.02695530597613714,0.018460539434764802,0.24915097598850988,0.24915097598850988,0.9399049551037263,0.9399049551037263,0.17589350396608128,0.5945395213335897,0.821873001657503,True,619,28180,366,64,120048,192,2.342609122977592
1924,PASS,WITNESS,1,50.0,7.83193e-05,3.915965e-05,0.8027500000000001,0.22875000000000004,0.48000000000000004,0.48000000000000004,0.7908339016126574,4.362357885482179,8.683276799798922,4.09159556227199,4.0721620913169945,3.941954042171794e-05,3.941954042171794e-05,3.9391949428874904e-05,3.9391949428874904e-05,7.829188612611064e-05,3.625251729679063e-05,3.625346639906163e-05,-0.00694065318204172,-0.0006999318751020476,-0.0006999318751020476,0.0,-1.211837019735763e-05,-0.0003500270544982078,0.00694065318204172,0.002865750095138866,0.18284721614302576,0.18284721614302576,0.9928775057140169,0.9928775057140169,0.06492617049886329,0.6812790681963617,0.6297067381212895,True,460,26204,317,64,224431,192,2.5507962619885802
1924,PASS,WITNESS,2,50.0,7.83193e-05,3.915965e-05,0.8027500000000001,0.22875000000000004,0.48000000000000004,0.48000000000000004,1.4118035834342773,4.362357885482179,8.683276799798922,2.4415798596975944,2.429983314886263,3.941954042171794e-05,3.941954042171794e-05,3.9391949428874904e-05,3.9391949428874904e-05,7.829188612611064e-05,2.053570342766543e-05,2.1077769814456523e-05,-0.00694065318204172,-0.0006999318751020476,-0.0006999318751020476,0.0,-0.006921236359251083,-0.0003500270544982078,0.00694065318204172,0.0040244773476907,0.18284721614302576,0.18284721614302576,0.9928775057140169,0.9928775057140169,0.06492617049886329,0.050112301426736394,1.2516862861957907,True,460,26204,317,64,224431,192,2.5507962619885802
1924,PASS,WITNESS,3,50.0,7.83193e-05,3.915965e-05,0.6979375,0.23125000000000004,0.78,0.78,1.5532903463809755,87.13798827725083,26.123021680049693,41.059776667348004,6.154637358888604,3.997469496074507e-05,3.997469496074507e-05,3.953347837604403e-05,3.953347837604403e-05,7.833529708442916e-05,1.6960277602945104e-05,1.6960313626541496e-05,-0.020188932506502107,-0.011037397161737381,-0.011037397161737381,0.0,-4.5995809962008713e-07,0.00020421297964720922,0.020188932506502107,0.010418596923423135,0.4813676237663238,0.4813676237663238,0.927591971616703,0.927591971616703,0.1265153909238268,0.15569934562547327,1.4553666419615667,True,460,26204,317,64,224431,192,2.5507962619885802
1924,PASS,WITNESS,4,50.0,7.83193e-05,3.915965e-05,0.6979375,0.23125000000000004,0.78,0.78,1.6554752307313687,87.13798827725083,26.123021680049693,21.350219635271834,3.200281882980057,3.997469496074507e-05,3.997469496074507e-05,3.953347837604403e-05,3.953347837604403e-05,7.833529708442916e-05,8.562658140785197e-06,7.7325228207781e-06,-0.020188932506502107,-0.011037397161737381,-0.011037397161737381,0.0,0.010599371036348606,0.00020421297964720922,0.020188932506502107,0.011281471810533678,0.4813676237663238,0.4813676237663238,0.927591971616703,0.927591971616703,0.1265153909238268,0.052788284982662165,1.5591061948676188,True,460,26204,317,64,224431,192,2.5507962619885802
1924,PASS,WITNESS,5,50.0,7.83193e-05,3.915965e-05,0.78125,0.23000000000000004,0.48750000000000004,0.48750000000000004,0.6493471386659593,4.515121169107457,10.313931287154782,5.206303991625189,5.946403165994846,3.8273405822831236e-05,3.8273405822831236e-05,3.906025244842294e-05,3.906025244842294e-05,7.83047652861679e-05,4.405139675537754e-05,4.405315518089162e-05,0.02244598254204818,0.020093300772394646,0.020093300772394646,0.0,-2.2452007539452123e-05,-0.0001855827852406024,0.02244598254204818,0.014783653975481289,0.18969005480446177,0.18969005480446177,0.9923091733006013,0.9923091733006013,0.07814808350560376,0.8341386150965864,0.5013604770365986,True,460,26204,317,64,224431,192,2.5507962619885802
1019,PASS,WITNESS,1,39.791666666666664,3.32256e-05,1.66128e-05,0.60275,0.255,0.7441666666666668,0.7441666666666668,1.5297092192231925,21.24881448247751,63.92554955912125,5.772632041224321,8.683276799798922,1.6581676736026642e-05,1.6581676736026642e-05,1.6751788957994126e-05,1.6751788957994126e-05,3.321297537006696e-05,4.5954327212182225e-06,4.595323943021507e-06,0.0014934838803114506,0.010154868975131444,0.010154868975131444,0.0,3.27392723428444e-06,-0.0003799669511774758,0.010154868975131444,0.005896575383326481,0.43130682571649287,0.43130682571649287,0.9428447283908934,0.9428447283908934,0.19495255827985764,0.15354282619490114,1.4714484823037812,True,547,29699,340,64,186555,192,2.5030135229462758
1019,PASS,WITNESS,2,39.791666666666664,3.32256e-05,1.66128e-05,0.60275,0.255,0.7441666666666668,0.7441666666666668,1.6318941035735857,21.24881448247751,63.92554955912125,5.206303991625187,7.831397937775255,1.6581676736026642e-05,1.6581676736026642e-05,1.6751788957994126e-05,1.6751788957994126e-05,3.321297537006696e-05,4.037488122786893e-06,4.081289198831562e-06,0.0014934838803114506,0.010154868975131444,0.010154868975131444,0.0,-0.0013182930043300557,-0.0003799669511774758,0.010154868975131444,0.005921085109366597,0.43130682571649287,0.43130682571649287,0.9428447283908934,0.9428447283908934,0.19495255827985764,0.05038179841779286,1.574187773261721,True,547,29699,340,64,186555,192,2.5030135229462758
1019,PASS,WITNESS,3,39.791666666666664,3.32256e-05,1.66128e-05,0.63525,0.253,0.59375,0.59375,1.4511054620305823,3.801270902863189,33.23994025710431,1.9860136441447425,8.683276799798922,1.6861805673678407e-05,1.6861805673678407e-05,1.6838806680984046e-05,1.6838806680984046e-05,3.3214523105146565e-05,8.739481802591078e-06,8.738089347924294e-06,-0.015095899337902622,-0.0013639697396265948,-0.0013639697396265948,0.0,4.190909018299027e-05,-0.00033338434380229066,0.015095899337902622,0.006214497904280701,0.28227665054983414,0.28227665054983414,0.9677160647136683,0.9677160647136683,0.18074320112082226,0.10027449399307028,1.381614198541324,True,547,29699,340,64,186555,192,2.5030135229462758
1019,PASS,WITNESS,4,39.791666666666664,3.32256e-05,1.66128e-05,0.63525,0.253,0.59375,0.59375,1.4982677163461484,3.801270902863189,33.23994025710431,1.7911744052094276,7.831397937775255,1.6861805673678407e-05,1.6861805673678407e-05,1.6838806680984046e-05,1.6838806680984046e-05,3.3214523105146565e-05,7.992940734179433e-06,7.681134934389452e-06,-0.015095899337902622,-0.0013639697396265948,-0.0013639697396265948,0.0,0.009384504712931617,-0.00033338434380229066,0.015095899337902622,0.0073005373951631255,0.28227665054983414,0.28227665054983414,0.9677160647136683,0.9677160647136683,0.18074320112082226,0.05072762749563087,1.4295042091918098,True,547,29699,340,64,186555,192,2.5030135229462758
1019,PASS,WITNESS,5,39.791666666666664,3.32256e-05,1.66128e-05,0.60275,0.255,0.7441666666666668,0.7441666666666668,0.5,21.24881448247751,63.92554955912125,10.363152187405321,15.58840375050076,1.6581676736026642e-05,1.6581676736026642e-05,1.6751788957994126e-05,1.6751788957994126e-05,3.321297537006696e-05,8.689943795475086e-06,7.851869978129136e-06,0.0014934838803114506,0.010154868975131444,0.010154868975131444,0.0,0.025223737640432353,-0.0003799669511774758,0.025223737640432353,0.011866300584303683,0.43130682571649287,0.43130682571649287,0.9428447283908934,0.9428447283908934,0.19495255827985764,1.184853468238839,0.4402658596270422,True,547,29699,340,64,186555,192,2.5030135229462758
1336,PASS,WITNESS,1,23.458333333333332,4.84558e-05,2.42279e-05,0.6421875,0.21850000000000003,0.6375000000000001,0.6375000000000001,1.0345055489097488,8.683276799798922,42.295781928615,4.859966629772521,11.83632017569477,2.4057375511864686e-05,2.4057375511864686e-05,2.4411642718966153e-05,2.4411642718966153e-05,4.844951588940587e-05,1.3982410453414232e-05,1.398264976719696e-05,0.006908664508201261,0.014512223170717887,0.014512223170717887,0.0,-4.938805730733333e-06,-0.0001296874800153362,0.014512223170717887,0.00884077420473453,0.3455311573914478,0.3455311573914478,0.9713588888976198,0.9713588888976198,0.14299861997014895,0.5684595512906687,0.9604925653838035,True,405,25008,338,64,215040,192,3.3099069710588083
1336,PASS,WITNESS,2,23.458333333333332,4.84558e-05,2.42279e-05,0.6421875,0.21850000000000003,0.6375000000000001,0.6375000000000001,1.5454299706617145,8.683276799798922,42.295781928615,3.2155545031818145,7.831397937775255,2.4057375511864686e-05,2.4057375511864686e-05,2.4411642718966153e-05,2.4411642718966153e-05,4.844951588940587e-05,8.879331484157098e-06,8.828677998482297e-06,0.006908664508201261,0.014512223170717887,0.014512223170717887,0.0,0.0010453544400216576,-0.0001296874800153362,0.014512223170717887,0.008851068417127841,0.3455311573914478,0.3455311573914478,0.9713588888976198,0.9713588888976198,0.14299861997014895,0.05010432458750458,1.4738268529544016,True,405,25008,338,64,215040,192,3.3099069710588083
1336,PASS,WITNESS,3,23.458333333333332,4.84558e-05,2.42279e-05,0.6421875,0.21850000000000003,0.5850000000000001,0.5850000000000001,0.7751131501741354,5.363027180295652,42.295781928615,3.690186756378564,14.551421154185402,2.374642737455463e-05,2.374642737455463e-05,2.4408083104702543e-05,2.4408083104702543e-05,4.844951588940587e-05,1.721377210192233e-05,1.721323399462566e-05,0.01974296452223701,0.02710805790481913,0.02710805790481913,0.0,1.1105116346658674e-05,-0.0001296874800153362,0.02710805790481913,0.01760442745937531,0.29308451326657203,0.29308451326657203,0.977058626772065,0.977058626772065,0.14299861997014895,0.7791965593838026,0.7005344460237496,True,405,25008,338,64,215040,192,3.3099069710588083
1336,PASS,WITNESS,4,23.458333333333332,4.84558e-05,2.42279e-05,0.6421875,0.21850000000000003,0.5850000000000001,0.5850000000000001,1.4982677163461484,5.363027180295652,42.295781928615,2.5270803542448252,9.964972765002278,2.374642737455463e-05,2.374642737455463e-05,2.4408083104702543e-05,2.4408083104702543e-05,4.844951588940587e-05,1.0998746607739099e-05,1.2018383135122968e-05,0.01974296452223701,0.02710805790481913,0.02710805790481913,0.0,-0.021042610531326895,-0.0001296874800153362,0.02710805790481913,0.01958862991501254,0.29308451326657203,0.29308451326657203,0.977058626772065,0.977058626772065,0.14299861997014895,0.05034350010051136,1.4248910770413559,True,405,25008,338,64,215040,192,3.3099069710588083
1336,PASS,WITNESS,5,23.458333333333332,4.84558e-05,2.42279e-05,0.7884375,0.21700000000000003,0.45,0.45,0.9716225431556607,2.191588125057724,6.5932372564638415,1.7305723364194487,2.603151995812593,2.3509621930815477e-05,2.3509621930815477e-05,2.395535912407861e-05,2.395535912407861e-05,4.8455935624596234e-05,1.89915701772311e-05,1.8991841364890666e-05,0.02964944839979555,0.01839768173317262,0.01839768173317262,0.0,-5.596598540621701e-06,2.798926374825007e-06,0.02964944839979555,0.016104032703426956,0.15899185262288432,0.15899185262288432,0.981852928164296,0.981852928164296,0.06466793007886015,0.45622851030961925,0.8214461742129762,True,405,25008,338,64,215040,192,3.3099069710588083
2012,PASS,WITNESS,1,25.5,8.33163e-05,4.165815e-05,0.7623125,0.19875,0.6225,0.6225,1.4904073388620547,13.123843941175021,13.123843941175021,6.856689196018078,3.4283445980090392,4.196466950899583e-05,4.196466950899583e-05,4.157236162338933e-05,4.157236162338933e-05,8.33358592358238e-05,2.0243914097130562e-05,2.024363337360193e-05,-0.00707118379713014,-0.009348527944975317,-0.009348527944975317,0.0,3.369371043013366e-06,0.00023470371582121562,0.009348527944975317,0.00612163767516022,0.33894958596967406,0.33894958596967406,0.9765365800208669,0.9765365800208669,0.05701523762802524,0.10741005677560361,1.3549681889945555,True,534,24409,330,64,199138,192,3.5741913280216977
2012,PASS,WITNESS,2,25.5,8.33163e-05,4.165815e-05,0.7623125,0.19875,0.6225,0.6225,1.5454299687988353,13.123843941175021,13.123843941175021,5.772632041224321,2.8863160206121603,4.196466950899583e-05,4.196466950899583e-05,4.157236162338933e-05,4.157236162338933e-05,8.33358592358238e-05,1.686055629967684e-05,1.6589405470032248e-05,-0.00707118379713014,-0.009348527944975317,-0.009348527944975317,0.0,0.0032544751704599506,0.00023470371582121562,0.009348527944975317,0.006264161080279429,0.33894958596967406,0.33894958596967406,0.9765365800208669,0.9765365800208669,0.05701523762802524,0.05043539086257176,1.410583850445333,True,534,24409,330,64,199138,192,3.5741913280216977
2012,PASS,WITNESS,3,25.5,8.33163e-05,4.165815e-05,0.632375,0.2,0.675,0.675,0.8379961553259392,22.763075569225393,87.13798827725083,8.144324182633985,15.58840375050076,4.123701649168662e-05,4.123701649168662e-05,4.202091541182008e-05,4.202091541182008e-05,8.339500042710136e-05,1.5564728569233202e-05,1.556417828553889e-05,0.011043437124665097,0.01865497008932251,0.01865497008932251,0.0,6.6047543435097715e-06,0.0009437067773644189,0.01865497008932251,0.011682350988406186,0.3909304576151895,0.3909304576151895,0.9653450398560688,0.9653450398560688,0.1286967729694976,0.7993197024668277,0.7673925083767459,True,534,24409,330,64,199138,192,3.5741913280216977
2012,PASS,WITNESS,4,25.5,8.33163e-05,4.165815e-05,0.632375,0.2,0.675,0.675,1.5847318473251073,22.763075569225393,87.13798827725083,5.388621012417744,10.313931287154782,4.123701649168662e-05,4.123701649168662e-05,4.202091541182008e-05,4.202091541182008e-05,8.339500042710136e-05,9.558411322364636e-06,1.0535559545950964e-05,0.011043437124665097,0.01865497008932251,0.01865497008932251,0.0,-0.011728175922194429,0.0009437067773644189,0.01865497008932251,0.012625463783805139,0.3909304576151895,0.3909304576151895,0.9653450398560688,0.9653450398560688,0.1286967729694976,0.05038396518293925,1.515180591854662,True,534,24409,330,64,199138,192,3.5741913280216977
2012,PASS,WITNESS,5,25.5,8.33163e-05,4.165815e-05,0.632375,0.2,0.675,0.675,0.5,22.763075569225393,87.13798827725083,7.868771510081049,15.060990276041606,4.123701649168662e-05,4.123701649168662e-05,4.202091541182008e-05,4.202091541182008e-05,8.339500042710136e-05,1.5517384786648444e-05,1.3989514930622074e-05,0.011043437124665097,0.01865497008932251,0.01865497008932251,0.0,0.018338186597657003,0.0009437067773644189,0.01865497008932251,0.013875355801838,0.3909304576151895,0.3909304576151895,0.9653450398560688,0.9653450398560688,0.1286967729694976,1.1361726547606623,0.4296871846022022,True,534,24409,330,64,199138,192,3.5741913280216977
300,PASS,NO_WITNESS,0,1.0,1.61297e-05,8.06485e-06,,,,,,,,,,,,,,,,,,,,,,,,,,,,,,,,False,1316,0,0,0,0,0,0.8711171229369938
1714,PASS,WITNESS,1,29.583333333333332,6.75895e-05,3.379475e-05,0.764875,0.21250000000000002,0.465,0.465,1.1602715604179248,3.4283445980090392,10.675109817635912,2.527080354244828,3.934385755040525,3.393515114534816e-05,3.393515114534816e-05,3.389793607612871e-05,3.389793607612871e-05,6.756813586534972e-05,2.3939542918889312e-05,2.3938370483705855e-05,-0.004452115507787076,-0.0010966525258737174,-0.0010966525258737174,0.0,1.7346410070459553e-05,-0.0003160865911166792,0.004452115507787076,0.001929025559305124,0.1758088680188152,0.1758088680188152,0.9893434474443878,0.9893434474443878,0.07070313910348308,0.2890641030613217,1.0232090320888494,True,494,25794,324,64,226572,192,3.8330460590077564
1714,PASS,WITNESS,2,29.583333333333332,6.75895e-05,3.379475e-05,0.764875,0.21250000000000002,0.465,0.465,1.3960828319957552,3.4283445980090392,10.675109817635912,2.0555608875320477,3.200281882980057,3.393515114534816e-05,3.393515114534816e-05,3.389793607612871e-05,3.389793607612871e-05,6.756813586534972e-05,1.922457014293908e-05,1.910160739190575e-05,-0.004452115507787076,-0.0010966525258737174,-0.0010966525258737174,0.0,0.001819258184086747,-0.0003160865911166792,0.004452115507787076,0.002067052534937084,0.1758088680188152,0.1758088680188152,0.9893434474443878,0.9893434474443878,0.07070313910348308,0.05031636821445873,1.2594198867550233,True,494,25794,324,64,226572,192,3.8330460590077564
1714,PASS,WITNESS,3,29.583333333333332,6.75895e-05,3.379475e-05,0.764875,0.21375000000000002,0.51,0.51,1.2152941904527519,4.362357885482179,10.675109817635912,2.900090309870711,3.5484001257624547,3.348946011077188e-05,3.348946011077188e-05,3.3350924542018346e-05,3.3350924542018346e-05,6.763250180008693e-05,2.128928723858598e-05,2.1287429559342853e-05,0.009663720269805727,-0.0040993221951200936,-0.0040993221951200936,0.0,2.7484731254509385e-05,0.000635815605550749,0.009663720269805727,0.004607989280705423,0.22019958356467684,0.22019958356467684,0.9871845331829543,0.9871845331829543,0.07195559179246006,0.27389163055239085,1.0785217519344537,True,494,25794,324,64,226572,192,3.8330460590077564
1714,PASS,WITNESS,4,29.583333333333332,6.75895e-05,3.379475e-05,0.764875,0.21375000000000002,0.51,0.51,1.4353847105920603,4.362357885482179,10.675109817635912,2.2791593923717355,2.788661252030144,3.348946011077188e-05,3.348946011077188e-05,3.3350924542018346e-05,3.3350924542018346e-05,6.763250180008693e-05,1.641358013728341e-05,1.6297391957382776e-05,0.009663720269805727,-0.0040993221951200936,-0.0040993221951200936,0.0,0.0017190270663436525,0.000635815605550749,0.009663720269805727,0.004661110202354271,0.22019958356467684,0.22019958356467684,0.9871845331829543,0.9871845331829543,0.07195559179246006,0.050003321839574955,1.2992293137315647,True,494,25794,324,64,226572,192,3.8330460590077564
1714,PASS,WITNESS,5,29.583333333333332,6.75895e-05,3.379475e-05,0.788625,0.21500000000000002,0.675,0.675,1.5454299706617145,17.88933168952953,8.683276799798922,6.400563765960112,1.5533801882359948,3.392921569446934e-05,3.392921569446934e-05,3.33082788787341e-05,3.33082788787341e-05,6.755904306607537e-05,1.1333877593463198e-05,1.1333696496782008e-05,-0.004411954664075927,-0.01830094810698665,-0.01830094810698665,0.0,2.679361160971045e-06,-0.00045061635201663387,0.01830094810698665,0.010720057598281044,0.3844706612937863,0.3844706612937863,0.9648374735101575,0.9648374735101575,0.060101942694942956,0.09182563971439778,1.3959210718489843,True,494,25794,324,64,226572,192,3.8330460590077564
51,PASS,WITNESS,1,3.0416666666666665,1.24957e-05,6.24785e-06,0.7168125000000001,0.16799999999999998,0.75,0.75,0.8144150287704405,8.10564184342366,4.515121169107457,7.602541805726374,2.1174385760647425,6.290255181150366e-06,6.290255181150366e-06,6.247461892320989e-06,6.247461892320989e-06,1.249810808479955e-05,5.864534488803525e-06,5.864528800714504e-06,-0.006549994803717322,-0.006803108553944314,-0.006803108553944314,0.0,4.5520371175092643e-07,0.00019267594608811376,0.006803108553944314,0.00475226486617409,0.48714950992381045,0.48714950992381045,0.9378177659619407,0.9378177659619407,0.0616600812637057,0.8731660296539855,0.7102893986315517,True,794,25142,291,64,151840,192,3.9489380880258977
51,PASS,WITNESS,2,3.0416666666666665,1.24957e-05,6.24785e-06,0.57075,0.16649999999999998,0.546,0.546,0.6965093929815253,0.7284825834509796,51.99789518643481,0.5369746162966185,19.16418487570231,6.292224212647885e-06,6.292224212647885e-06,6.317241166575234e-06,6.317241166575234e-06,1.2497295355929991e-05,5.10594446724703e-06,5.1053419592212775e-06,-0.006925458027273902,0.003960107469019049,0.003960107469019049,0.0,4.821722878687614e-05,0.00012765609554347867,0.006925458027273902,0.0036365160112341675,0.28405060382411895,0.28405060382411895,0.9212544528462019,0.9212544528462019,0.1150471167109443,0.7589878927196914,0.6448681075754878,True,794,25142,291,64,151840,192,3.9489380880258977
51,PASS,WITNESS,3,3.0416666666666665,1.24957e-05,6.24785e-06,0.7168125000000001,0.16799999999999998,0.75,0.75,1.6318941035735857,8.10564184342366,4.515121169107457,4.091595562271986,1.139579696185867,6.290255181150366e-06,6.290255181150366e-06,6.247461892320989e-06,6.247461892320989e-06,1.249810808479955e-05,3.1084657286858453e-06,3.253282429109744e-06,-0.006549994803717322,-0.006803108553944314,-0.006803108553944314,0.0,-0.011589322760941668,0.00019267594608811376,0.011589322760941668,0.006705924370779741,0.48714950992381045,0.48714950992381045,0.9378177659619407,0.9378177659619407,0.0616600812637057,0.0501142305276851,1.5276752267491345,True,794,25142,291,64,151840,192,3.9489380880258977
51,PASS,WITNESS,4,3.0416666666666665,1.24957e-05,6.24785e-06,0.7168125000000001,0.16799999999999998,0.672,0.672,1.223154566172013,2.694310506208873,4.515121169107457,2.0555608875320455,1.722352797923163,6.226015703869471e-06,6.226015703869471e-06,6.2992228161440764e-06,6.2992228161440764e-06,1.249810808479955e-05,4.874990266669743e-06,4.87519503320882e-06,0.0036866921575632243,0.011621610222611167,0.011621610222611167,0.0,-1.6386960240509125e-05,0.00019267594608811376,0.011621610222611167,0.006876926880881045,0.40924969930155763,0.40924969930155763,0.9439359029157122,0.9439359029157122,0.0616600812637057,0.39012954036622716,1.11893295479715,True,794,25142,291,64,151840,192,3.9489380880258977
51,PASS,WITNESS,5,3.0416666666666665,1.24957e-05,6.24785e-06,0.7168125000000001,0.16799999999999998,0.672,0.672,1.5611507221002365,2.694310506208873,4.515121169107457,1.791174405209427,1.5008235791471873,6.226015703869471e-06,6.226015703869471e-06,6.2992228161440764e-06,6.2992228161440764e-06,1.249810808479955e-05,4.186072244975309e-06,4.35541569926631e-06,0.0036866921575632243,0.011621610222611167,0.011621610222611167,0.0,-0.013552138278848023,0.00019267594608811376,0.013552138278848023,0.008826219682915007,0.40924969930155763,0.40924969930155763,0.9439359029157122,0.9439359029157122,0.0616600812637057,0.05060506034038434,1.4565925681721572,True,794,25142,291,64,151840,192,3.9489380880258977
858,PASS,WITNESS,1,17.333333333333332,3.01268e-05,1.50634e-05,0.7239375,0.22500000000000003,0.7995833333333334,0.7995833333333334,1.2152941904527519,45.30991981197273,8.389489362677569,37.031578945592024,3.4283445980090392,1.5156770230846563e-05,1.5156770230846563e-05,1.5197905364411249e-05,1.5197905364411249e-05,3.0121035492110636e-05,1.1942168004563354e-05,1.194280431995153e-05,-0.006350461432433353,0.0027066317744688546,0.0027066317744688546,0.0,-2.1121240496033024e-05,-0.0001913415261284049,0.006350461432433353,0.0030281217835586237,0.5047502559875331,0.5047502559875331,0.9170738441064467,0.9170738441064467,0.11114453290967963,0.5019382434392367,1.1042495543794257,True,500,27809,381,64,185650,192,4.96119128994178
858,PASS,WITNESS,2,17.333333333333332,3.01268e-05,1.50634e-05,0.7239375,0.22500000000000003,0.7995833333333334,0.7995833333333334,1.6633356064506297,45.30991981197273,8.389489362677569,5.772632041224317,0.5344241978961313,1.5156770230846563e-05,1.5156770230846563e-05,1.5197905364411249e-05,1.5197905364411249e-05,3.0121035492110636e-05,1.92829022717897e-06,2.10210932242405e-06,-0.006350461432433353,0.0027066317744688546,0.0027066317744688546,0.0,-0.005769583734252557,-0.0001913415261284049,0.006350461432433353,0.003836334612972065,0.5047502559875331,0.5047502559875331,0.9170738441064467,0.9170738441064467,0.11114453290967963,0.05003841759500846,1.5285250867018556,True,500,27809,381,64,185650,192,4.96119128994178
858,PASS,WITNESS,3,17.333333333333332,3.01268e-05,1.50634e-05,0.7239375,0.22500000000000003,0.7362500000000001,0.7362500000000001,1.0659470517867928,16.699285170420158,8.389489362677569,14.1261864786369,3.5484001257624547,1.4958906146763486e-05,1.4958906146763486e-05,1.4821964959875127e-05,1.4821964959875127e-05,3.0121035492110636e-05,1.2272723071952972e-05,1.2273428209902196e-05,0.006745595236920743,-0.009090987883768557,-0.009090987883768557,0.0,-2.3405670340834152e-05,-0.0001913415261284049,0.009090987883768557,0.005927792392774993,0.4414016032379684,0.4414016032379684,0.9454500896740479,0.9454500896740479,0.11114453290967963,0.6161087423737459,0.9550109521456355,True,500,27809,381,64,185650,192,4.96119128994178
858,PASS,WITNESS,4,17.333333333333332,3.01268e-05,1.50634e-05,0.7239375,0.22500000000000003,0.7362500000000001,0.7362500000000001,1.6318941035735857,16.699285170420158,8.389489362677569,9.030242338214913,2.268334280950198,1.4958906146763486e-05,1.4958906146763486e-05,1.4821964959875127e-05,1.4821964959875127e-05,3.0121035492110636e-05,7.19683592590667e-06,7.616231806511535e-06,0.006745595236920743,-0.009090987883768557,-0.009090987883768557,0.0,-0.013921023162262987,-0.0001913415261284049,0.013921023162262987,0.008212050839771036,0.4414016032379684,0.4414016032379684,0.9454500896740479,0.9454500896740479,0.11114453290967963,0.050074660801653695,1.5217200682434011,True,500,27809,381,64,185650,192,4.96119128994178
858,PASS,WITNESS,5,17.333333333333332,3.01268e-05,1.50634e-05,0.6005625,0.22375000000000003,0.5858333333333334,0.5858333333333334,0.7908339016126574,3.200281882980057,61.76271128912809,1.9188194417654267,18.51578947279603,1.4905858978622129e-05,1.4905858978622129e-05,1.5248907611610473e-05,1.5248907611610473e-05,3.0127677218152783e-05,9.694887931887587e-06,9.695170069264127e-06,0.010487342207654543,0.022496603804402895,0.022496603804402895,0.0,-9.364996499453355e-06,2.9116687172078443e-05,0.022496603804402895,0.013675889048063343,0.2917227893992336,0.2917227893992336,0.9651387849422073,0.9651387849422073,0.16442956298428443,0.7504399936065111,0.7315038714182819,True,500,27809,381,64,185650,192,4.96119128994178
1877,PASS,NO_WITNESS,0,5.083333333333333,7.78759e-05,3.893795e-05,,,,,,,,,,,,,,,,,,,,,,,,,,,,,,,,False,1051,0,0,0,0,0,1.375320540042594
1327,PASS,WITNESS,1,5.083333333333333,4.84558e-05,2.42279e-05,0.61875,0.128,0.7725000000000001,0.7725000000000001,1.6083129764158026,46.8966057999129,70.87920264192343,7.602541805726377,5.745214307628796,2.4051210498710297e-05,2.4051210498710297e-05,2.3989866555052873e-05,2.3989866555052873e-05,4.846798545527936e-05,3.785124679359568e-06,3.784728517318003e-06,0.007542390186529715,-0.0025319546331883575,-0.0025319546331883575,0.0,8.17574039774494e-06,0.00025141245638533996,0.007542390186529715,0.003410095632111229,0.5187901085262506,0.5187901085262506,0.9313012863107724,0.9313012863107724,0.06231546804101393,0.09364147016327143,1.546520822303785,True,1027,9267,342,64,149273,192,5.394951922004111
1327,PASS,WITNESS,2,5.083333333333333,4.84558e-05,2.42279e-05,0.61875,0.128,0.7725000000000001,0.7725000000000001,1.6476148550121077,46.8966057999129,70.87920264192343,5.577322504060289,4.2147631499312395,2.4051210498710297e-05,2.4051210498710297e-05,2.3989866555052873e-05,2.3989866555052873e-05,4.846798545527936e-05,2.8517796231903053e-06,2.5871224416429537e-06,0.007542390186529715,-0.0025319546331883575,-0.0025319546331883575,0.0,0.005461826686327573,0.00025141245638533996,0.007542390186529715,0.0040743915134576324,0.5187901085262506,0.5187901085262506,0.9313012863107724,0.9313012863107724,0.06231546804101393,0.05195160976023826,1.5860631633185833,True,1027,9267,342,64,149273,192,5.394951922004111
1327,PASS,WITNESS,3,5.083333333333333,4.84558e-05,2.42279e-05,0.61875,0.128,0.7725000000000001,0.7725000000000001,0.5,46.8966057999129,70.87920264192343,14.62086451474237,11.048936282958636,2.4051210498710297e-05,2.4051210498710297e-05,2.3989866555052873e-05,2.3989866555052873e-05,4.846798545527936e-05,8.018730413810927e-06,7.273059294599493e-06,0.007542390186529715,-0.0025319546331883575,-0.0025319546331883575,0.0,0.015388686580583403,0.00025141245638533996,0.015388686580583403,0.007148241288988049,0.5187901085262506,0.5187901085262506,0.9313012863107724,0.9313012863107724,0.06231546804101393,1.2019114088449805,0.43572766305875993,True,1027,9267,342,64,149273,192,5.394951922004111
1327,PASS,WITNESS,4,5.083333333333333,4.84558e-05,2.42279e-05,0.61875,0.128,0.6525000000000001,0.6525000000000001,0.7829735258933964,9.964972765002278,70.87920264192343,4.091595562271991,14.551421154185402,2.3688057723541385e-05,2.3688057723541385e-05,2.4065052323675775e-05,2.4065052323675775e-05,4.846798545527936e-05,1.0772309228339291e-05,1.0772617137831521e-05,0.022527654036787643,0.015560349850147561,0.015560349850147561,0.0,-6.35444038133563e-06,0.00025141245638533996,0.022527654036787643,0.012856952852583352,0.3989295854320666,0.3989295854320666,0.9686132011472686,0.9686132011472686,0.06231546804101393,0.8272011498588151,0.7178586210594392,True,1027,9267,342,64,149273,192,5.394951922004111
1327,PASS,WITNESS,5,5.083333333333333,4.84558e-05,2.42279e-05,0.61875,0.128,0.6525000000000001,0.6525000000000001,1.5532903463809755,9.964972765002278,70.87920264192343,2.6155749489189857,9.302075941475236,2.3688057723541385e-05,2.3688057723541385e-05,2.4065052323675775e-05,2.4065052323675775e-05,4.846798545527936e-05,6.510737648362665e-06,7.005565991753993e-06,0.022527654036787643,0.015560349850147561,0.015560349850147561,0.0,-0.01021195281867862,0.00025141245638533996,0.022527654036787643,0.013515986583260784,0.3989295854320666,0.3989295854320666,0.9686132011472686,0.9686132011472686,0.06231546804101393,0.05015288636926818,1.4894797578092767,True,1027,9267,342,64,149273,192,5.394951922004111
1053,PASS,WITNESS,1,7.125,3.44082e-05,1.72041e-05,0.6447499999999999,0.16749999999999998,0.46708333333333335,0.46708333333333335,1.246735693329796,1.607777251590908,29.97891298216905,0.9977457221461191,9.302075941475236,1.7094110758754947e-05,1.7094110758754947e-05,1.702553745144179e-05,1.702553745144179e-05,3.439536066375208e-05,1.1143085665722674e-05,1.1142239191355612e-05,0.006020051797018828,-0.003985870072433667,-0.003985870072433667,0.0,2.4600948816341676e-05,-0.00037314757086751585,0.006020051797018828,0.0033703409427870775,0.20138033884654585,0.20138033884654585,0.970246273162752,0.970246273162752,0.09101788063510352,0.17035170597248672,1.1728709392489596,True,666,21129,359,64,151093,192,5.378030176041648
1053,PASS,WITNESS,2,7.125,3.44082e-05,1.72041e-05,0.6447499999999999,0.16749999999999998,0.46708333333333335,0.46708333333333335,1.3646413291187112,1.607777251590908,29.97891298216905,0.9313729898270452,8.683276799798922,1.7094110758754947e-05,1.7094110758754947e-05,1.702553745144179e-05,1.702553745144179e-05,3.439536066375208e-05,1.0298152125870297e-05,1.035209351768905e-05,0.006020051797018828,-0.003985870072433667,-0.003985870072433667,0.0,-0.001567690022109679,-0.00037314757086751585,0.006020051797018828,0.003430554746745316,0.20138033884654585,0.20138033884654585,0.970246273162752,0.970246273162752,0.09101788063510352,0.05024246342674188,1.2912358904981889,True,666,21129,359,64,151093,192,5.378030176041648
1053,PASS,WITNESS,3,7.125,3.44082e-05,1.72041e-05,0.7118125,0.16999999999999998,0.8233333333333334,0.8233333333333334,1.105248930383098,75.93029001006303,11.048936282958636,57.92923048920145,4.2147631499312395,1.734198402159715e-05,1.734198402159715e-05,1.7087575571507404e-05,1.7087575571507404e-05,3.440350718756077e-05,1.2683467165817082e-05,1.2683270694471579e-05,-0.00808618135284431,-0.01467008906091208,-0.01467008906091208,0.0,5.710015214485794e-06,-0.00013638645553178707,0.01467008906091208,0.009090544435939998,0.5562547187247431,0.5562547187247431,0.9026956513571822,0.9026956513571822,0.060742583000900074,0.621251152457912,1.0008238546117696,True,666,21129,359,64,151093,192,5.378030176041648
1053,PASS,WITNESS,4,7.125,3.44082e-05,1.72041e-05,0.7118125,0.16999999999999998,0.8233333333333334,0.8233333333333334,1.6711959821698907,75.93029001006303,11.048936282958636,5.772632041224319,0.42,1.734198402159715e-05,1.734198402159715e-05,1.7087575571507404e-05,1.7087575571507404e-05,3.440350718756077e-05,1.3128306358695357e-06,1.2707390940589614e-06,-0.00808618135284431,-0.01467008906091208,-0.01467008906091208,0.0,0.0012232997311854214,-0.00013638645553178707,0.01467008906091208,0.009104251923129494,0.5562547187247431,0.5562547187247431,0.9026956513571822,0.9026956513571822,0.060742583000900074,0.052111811547786574,1.5574804419746946,True,666,21129,359,64,151093,192,5.378030176041648
1053,PASS,WITNESS,5,7.125,3.44082e-05,1.72041e-05,0.6447499999999999,0.16749999999999998,0.5541666666666667,0.5541666666666667,0.8615772830860065,2.8863160206121603,29.97891298216905,2.055560887532046,10.675109817635912,1.746531248111392e-05,1.746531248111392e-05,1.723920087891948e-05,1.723920087891948e-05,3.439536066375208e-05,1.2545928624105615e-05,1.2545195116502109e-05,-0.015323639329515927,-0.012946324461067896,-0.012946324461067896,0.0,2.1317813878850395e-05,-0.00037314757086751585,0.015323639329515927,0.009748232745498114,0.28819096876918865,0.28819096876918865,0.9687723470863303,0.9687723470863303,0.09101788063510352,0.6557283377240739,0.7870734353987932,True,666,21129,359,64,151093,192,5.378030176041648
215,PASS,WITNESS,1,31.624999999999996,1.5237e-05,7.6185e-06,0.673875,0.273,0.6325000000000001,0.6325000000000001,1.286037571926101,2.191588125057724,8.987352235924643,1.9860136441447431,4.0721620913169945,7.647107872901829e-06,7.647107872901829e-06,7.608445709078715e-06,7.608445709078715e-06,1.5237804011338037e-05,6.693105834836836e-06,6.693505385540589e-06,-0.0036884359030373397,-0.005055788994440165,-0.005055788994440165,0.0,-2.6222399668792582e-05,5.276425247617852e-05,0.005055788994440165,0.003284560746989954,0.30696219743362674,0.30696219743362674,0.9484440213137746,0.9484440213137746,0.1865924219580079,0.29576756808741306,1.202062270159281,True,1011,36911,329,64,117199,183,5.244699683971703
215,PASS,WITNESS,2,31.624999999999996,1.5237e-05,7.6185e-06,0.673875,0.273,0.6325000000000001,0.6325000000000001,1.5297092192231925,2.191588125057724,8.987352235924643,1.7911744052094276,3.67265981950097,7.647107872901829e-06,7.647107872901829e-06,7.608445709078715e-06,7.608445709078715e-06,1.5237804011338037e-05,5.92959045244968e-06,6.055818932462091e-06,-0.0036884359030373397,-0.005055788994440165,-0.005055788994440165,0.0,-0.008284339437711577,5.276425247617852e-05,0.008284339437711577,0.00471451001534946,0.30696219743362674,0.30696219743362674,0.9484440213137746,0.9484440213137746,0.1865924219580079,0.05069920390929178,1.4457414535410518,True,1011,36911,329,64,117199,183,5.244699683971703
215,PASS,WITNESS,3,31.624999999999996,1.5237e-05,7.6185e-06,0.6133125,0.27225,0.51,0.51,0.5,0.7284825834509796,24.38524792983424,0.7841209379198347,13.123843941175021,7.47684864766539e-06,7.47684864766539e-06,7.572596432139665e-06,7.572596432139665e-06,1.5237186686946973e-05,8.02011111592543e-06,8.020192021342841e-06,0.01860510062917623,0.012567800022875159,0.012567800022875159,0.0,-5.309799659443442e-06,1.2252061407978407e-05,0.01860510062917623,0.010504357370148168,0.18519496927153842,0.18519496927153842,0.9278604429301358,0.9278604429301358,0.2088773153094413,0.9408348821172392,0.4371319461765802,True,1011,36911,329,64,117199,183,5.244699683971703
215,PASS,WITNESS,4,31.624999999999996,1.5237e-05,7.6185e-06,0.673875,0.273,0.7258333333333333,0.7258333333333333,0.7515320230163524,7.063093239318447,8.987352235924643,9.030242338214906,5.745214307628796,7.844139558541449e-06,7.844139558541449e-06,7.636212677738831e-06,7.636212677738831e-06,1.5237804011338037e-05,9.510698466943992e-06,9.509406819129926e-06,-0.02871411850738556,-0.026507289837316407,-0.026507289837316407,0.0,8.477048067636427e-05,5.276425247617852e-05,0.02871411850738556,0.019277722033459205,0.40024324299832575,0.40024324299832575,0.9457975105324536,0.9457975105324536,0.1865924219580079,0.9216926681632074,0.6673162983905389,True,1011,36911,329,64,117199,183,5.244699683971703
215,PASS,WITNESS,5,31.624999999999996,1.5237e-05,7.6185e-06,0.673875,0.273,0.7258333333333333,0.7258333333333333,1.6161733521350636,7.063093239318447,8.987352235924643,4.091595562271988,2.603151995812593,7.844139558541449e-06,7.844139558541449e-06,7.636212677738831e-06,7.636212677738831e-06,1.5237804011338037e-05,4.259990000051746e-06,4.010894831718898e-06,-0.02871411850738556,-0.026507289837316407,-0.026507289837316407,0.0,0.01634804543760901,5.276425247617852e-05,0.02871411850738556,0.02040030557120671,0.40024324299832575,0.40024324299832575,0.9457975105324536,0.9457975105324536,0.1865924219580079,0.050197035093080156,1.5330557200999442,True,1011,36911,329,64,117199,183,5.244699683971703
1552,PASS,WITNESS,1,5.083333333333333,6.14473e-05,3.072365e-05,0.6124999999999999,0.11364744146842656,0.7575000000000001,0.7575000000000001,0.7043697687007863,48.538855170767334,100.0,15.132865439780055,15.58840375050076,2.9812604194640142e-05,2.9812604194640142e-05,3.098161595683677e-05,3.098161595683677e-05,5.911691229112828e-05,1.009491013651516e-05,1.009513229280681e-05,-0.00827206562618702,0.0377324334477996,0.0377324334477996,0.0,-3.6153954958200283e-06,-0.03792498138846981,0.03792498138846981,0.026938833072648313,0.5072399824237438,0.5072399824237438,0.9382259877251312,0.9382259877251312,0.05031576019923306,0.9897262773713438,0.6413739871429402,True,757,289,240,64,194682,192,5.354093775968067
1552,PASS,WITNESS,2,5.083333333333333,6.14473e-05,3.072365e-05,0.6124999999999999,0.11364744146842656,0.7575000000000001,0.7575000000000001,1.6397544792928467,48.538855170767334,100.0,5.0301554313708765,5.181576093702661,2.9812604194640142e-05,2.9812604194640142e-05,3.098161595683677e-05,3.098161595683677e-05,5.911691229112828e-05,3.2687312484053108e-06,2.946394325951703e-06,-0.00827206562618702,0.0377324334477996,0.0377324334477996,0.0,0.005245745906713686,-0.03792498138846981,0.03792498138846981,0.027023823443222527,0.5072399824237438,0.5072399824237438,0.9382259877251312,0.9382259877251312,0.05031576019923306,0.05008392279631131,1.5800085798586243,True,757,289,240,64,194682,192,5.354093775968067
1552,PASS,WITNESS,3,5.083333333333333,6.14473e-05,3.072365e-05,0.6124999999999999,0.11364744146842656,0.7575000000000001,0.7575000000000001,0.5,48.538855170767334,100.0,12.740327206888935,13.123843941175021,2.9812604194640142e-05,2.9812604194640142e-05,3.098161595683677e-05,3.098161595683677e-05,5.911691229112828e-05,8.758149814071354e-06,7.884208529728545e-06,-0.00827206562618702,0.0377324334477996,0.0377324334477996,0.0,0.014222614896713252,-0.03792498138846981,0.03792498138846981,0.02755747667852649,0.5072399824237438,0.5072399824237438,0.9382259877251312,0.9382259877251312,0.05031576019923306,1.1933486804964102,0.4374064989938784,True,757,289,240,64,194682,192,5.354093775968067
1552,PASS,WITNESS,4,5.083333333333333,6.14473e-05,3.072365e-05,0.6124999999999999,0.11364744146842656,0.3975,0.3975,1.0659470517867928,2.045797781135994,100.0,0.5953853021921571,14.551421154185402,2.8016802165875832e-05,2.8016802165875832e-05,2.8370485638771504e-05,2.8370485638771504e-05,5.911691229112828e-05,9.952062634160695e-06,9.951781361715123e-06,0.05017808690335645,0.01151176611163296,0.01151176611163296,0.0,4.5774581726317545e-06,-0.03792498138846981,0.05017808690335645,0.026524159294146595,0.14798841354215686,0.14798841354215686,0.9895476413658789,0.9895476413658789,0.05031576019923306,0.2735527528134959,1.0028753951086589,True,757,289,240,64,194682,192,5.354093775968067
1552,PASS,WITNESS,5,5.083333333333333,6.14473e-05,3.072365e-05,0.6124999999999999,0.11364744146842656,0.3975,0.3975,1.286037571926101,2.045797781135994,100.0,0.5369746162966184,13.123843941175021,2.8016802165875832e-05,2.8016802165875832e-05,2.8370485638771504e-05,2.8370485638771504e-05,5.911691229112828e-05,8.988031670586173e-06,9.11896946582432e-06,0.05017808690335645,0.01151176611163296,0.01151176611163296,0.0,-0.0021308958284277186,-0.03792498138846981,0.05017808690335645,0.026538421372436814,0.14798841354215686,0.14798841354215686,0.9895476413658789,0.9895476413658789,0.05031576019923306,0.05008477651613674,1.2230524714331548,True,757,289,240,64,194682,192,5.354093775968067
2002,PASS,NO_WITNESS,0,5.083333333333333,8.33163e-05,4.165815e-05,,,,,,,,,,,,,,,,,,,,,,,,,,,,,,,,False,1384,0,0,0,0,0,1.3327509859809652
25,PASS,WITNESS,1,1.0,1.0316e-05,5.158e-06,0.5509375,0.10362500000000005,0.5550000000000002,0.5550000000000002,0.5,0.5725090410462237,70.87920264192343,0.42200435484100735,26.123021680049693,5.12346904727584e-06,5.12346904727584e-06,5.105329622017703e-06,5.105329622017703e-06,1.0309844006361639e-05,4.24129431596449e-06,4.321674126854491e-06,0.006097897616320179,-0.0035167555754433383,-0.0035167555754433383,0.0,-0.007791761427879094,-0.0005967423069370019,0.007791761427879094,0.0045274559159241565,0.3133431032195537,0.3133431032195537,0.9098496721068037,0.9098496721068037,0.055783691339673314,0.9538581034054566,0.45194788865602675,True,1028,8120,314,64,129879,186,5.426751930965111
25,PASS,WITNESS,2,1.0,1.0316e-05,5.158e-06,0.540625,0.10525000000000005,0.6893333333333334,0.6893333333333334,1.1681319361371858,2.603151995812593,90.1894309986364,1.2266158731958108,21.24881448247751,5.1169307681628276e-06,5.1169307681628276e-06,5.1418630879374235e-06,5.1418630879374235e-06,1.0321705633221088e-05,3.1480605752833323e-06,3.1481392823108276e-06,0.008510618304469033,0.004833718451841014,0.004833718451841014,0.0,-7.62960716317157e-06,0.0005527800756807936,0.008510618304469033,0.004462172790817553,0.44692506854268754,0.44692506854268754,0.9392557273549799,0.9392557273549799,0.05873964103505683,0.43947422462264946,1.1213782071305267,True,1028,8120,314,64,129879,186,5.426751930965111
25,PASS,WITNESS,3,1.0,1.0316e-05,5.158e-06,0.540625,0.10525000000000005,0.8598333333333334,0.8598333333333334,0.9480414159978776,42.295781928615,90.1894309986364,8.724715770964364,9.302075941475236,5.240478104074359e-06,5.240478104074359e-06,5.162847591198284e-06,5.162847591198284e-06,1.0321705633221088e-05,1.1447000811683406e-06,1.1447260958162659e-06,-0.01519427920172168,-0.014813631759231803,-0.014813631759231803,0.0,-2.5217766503761838e-06,0.0005527800756807936,0.01519427920172168,0.01056771076146218,0.6170495129054312,0.6170495129054312,0.8772440757141076,0.8772440757141076,0.05873964103505683,0.7879220442641904,0.9019134292664707,True,1028,8120,314,64,129879,186,5.426751930965111
25,PASS,WITNESS,4,1.0,1.0316e-05,5.158e-06,0.540625,0.10525000000000005,0.8598333333333334,0.8598333333333334,1.6790563578891518,42.295781928615,90.1894309986364,4.2348771521294895,4.515121169107457,5.240478104074359e-06,5.240478104074359e-06,5.162847591198284e-06,5.162847591198284e-06,1.0321705633221088e-05,5.728316470055504e-07,5.231575662487717e-07,-0.01519427920172168,-0.014813631759231803,-0.014813631759231803,0.0,0.004815246292824607,0.0005527800756807936,0.01519427920172168,0.010748997278263873,0.6170495129054312,0.6170495129054312,0.8772440757141076,0.8772440757141076,0.05873964103505683,0.053760649985928874,1.633568077936366,True,1028,8120,314,64,129879,186,5.426751930965111
25,PASS,WITNESS,5,1.0,1.0316e-05,5.158e-06,0.540625,0.10525000000000005,0.8598333333333334,0.8598333333333334,0.5,42.295781928615,90.1894309986364,10.36315218740533,11.048936282958636,5.240478104074359e-06,5.240478104074359e-06,5.162847591198284e-06,5.162847591198284e-06,1.0321705633221088e-05,1.4131059321075217e-06,1.2830427853873735e-06,-0.01519427920172168,-0.014813631759231803,-0.014813631759231803,0.0,0.012607904877874002,0.0005527800756807936,0.01519427920172168,0.011754561692365103,0.6170495129054312,0.6170495129054312,0.8772440757141076,0.8772440757141076,0.05873964103505683,1.2359348258295433,0.4534227360313097,True,1028,8120,314,64,129879,186,5.426751930965111
1349,PASS,WITNESS,1,50.0,4.84558e-05,2.42279e-05,0.75625,0.24875000000000003,0.6225,0.6225,1.4275243348727993,7.566432719890026,8.683276799798922,5.3886210124177465,3.092004485616841,2.4222652101784195e-05,2.4222652101784195e-05,2.4581936579556068e-05,2.4581936579556068e-05,4.845239708266878e-05,1.6554629563045614e-05,1.6554700567277598e-05,0.0001463783303626859,0.014615792234639359,0.014615792234639359,0.0,-1.4653402066250397e-06,-7.022724485447917e-05,0.014615792234639359,0.00843869190021998,0.31374197932123765,0.31374197932123765,0.973685390396881,0.973685390396881,0.11447855260772913,0.1668305277281763,1.2964715175994452,True,430,27844,355,64,236877,192,5.685847510001622
1349,PASS,WITNESS,2,50.0,4.84558e-05,2.42279e-05,0.75625,0.24875000000000003,0.675,0.675,1.301758323364623,12.679815659507472,8.683276799798922,9.030242338214915,3.092004485616841,2.4544897276327153e-05,2.4544897276327153e-05,2.3961039284624432e-05,2.3961039284624432e-05,4.845239708266878e-05,1.6394057371818738e-05,1.639391090605572e-05,-0.01298431732693132,-0.023787347126762472,-0.023787347126762472,0.0,3.022667317784973e-06,-7.022724485447917e-05,0.023787347126762472,0.014721148076305486,0.3662078196933083,0.3662078196933083,0.9639099190900157,0.9639099190900157,0.11447855260772913,0.3374204745717395,1.170922351488484,True,430,27844,355,64,236877,192,5.685847510001622
1349,PASS,WITNESS,3,50.0,4.84558e-05,2.42279e-05,0.75625,0.24875000000000003,0.675,0.675,1.5847318492580196,12.679815659507472,8.683276799798922,5.388621012417747,1.8450933781892822,2.4544897276327153e-05,2.4544897276327153e-05,2.3961039284624432e-05,2.3961039284624432e-05,4.845239708266878e-05,9.558411322364636e-06,9.3448402985629e-06,-0.01298431732693132,-0.023787347126762472,-0.023787347126762472,0.0,0.004407543035131723,-7.022724485447917e-05,0.023787347126762472,0.014830709302980626,0.3662078196933083,0.3662078196933083,0.9639099190900157,0.9639099190900157,0.11447855260772913,0.050383963250026975,1.455394628584814,True,430,27844,355,64,236877,192,5.685847510001622
1349,PASS,WITNESS,4,50.0,4.84558e-05,2.42279e-05,0.75625,0.25,0.7125,0.7125,0.9401810402786166,20.529888333673995,8.683276799798922,22.09787256591726,4.673233995671801,2.3929348211270914e-05,2.3929348211270914e-05,2.4566584951903652e-05,2.4566584951903652e-05,4.8484539896989026e-05,2.584356299930966e-05,2.5842096859178353e-05,0.012908103815708538,0.0259391666314352,0.0259391666314352,0.0,3.0257268093978676e-05,0.0005927641481199822,0.0259391666314352,0.015877931015623546,0.40290769032308604,0.40290769032308604,0.9541655860420603,0.9541655860420603,0.11572880974447669,0.7271643146969133,0.8084544851670858,True,430,27844,355,64,236877,192,5.685847510001622
1349,PASS,WITNESS,5,50.0,4.84558e-05,2.42279e-05,0.75625,0.25,0.7125,0.7125,1.6161733521350636,20.529888333673995,8.683276799798922,8.429526299862475,1.78266703070254,2.3929348211270914e-05,2.3929348211270914e-05,2.4566584951903652e-05,2.4566584951903652e-05,4.8484539896989026e-05,9.200866659814238e-06,9.032477894745926e-06,0.012908103815708538,0.0259391666314352,0.0259391666314352,0.0,0.003475100299000576,0.0005927641481199822,0.0259391666314352,0.01594118129566335,0.40290769032308604,0.40290769032308604,0.9541655860420603,0.9541655860420603,0.11572880974447669,0.05006176802117418,1.4868788062720826,True,430,27844,355,64,236877,192,5.685847510001622
722,PASS,WITNESS,1,45.916666666666664,2.57377e-05,1.286885e-05,0.62075,0.2685,0.7020833333333334,0.7020833333333334,1.5454299706617145,8.987352235924643,34.403953516557905,4.09159556227199,7.831397937775255,1.3051277815999842e-05,1.3051277815999842e-05,1.2734630713703934e-05,1.2734630713703934e-05,2.5736306527462086e-05,5.815798226592098e-06,5.814705456317263e-06,-0.01403115885283684,-0.024261770131635964,-0.024261770131635964,0.0,4.245796146643938e-05,-5.4141300035087584e-05,0.024261770131635964,0.015133545148406178,0.37984600761921805,0.37984600761921805,0.9549278538372129,0.9549278538372129,0.202167859252342,0.10422285849201024,1.4820429654322902,True,774,32244,379,64,166502,192,5.480048226076178
722,PASS,WITNESS,2,45.916666666666664,2.57377e-05,1.286885e-05,0.62075,0.2685,0.7020833333333334,0.7020833333333334,1.6004526006965416,8.987352235924643,34.403953516557905,4.234877152129486,8.10564184342366,1.3051277815999842e-05,1.3051277815999842e-05,1.2734630713703934e-05,1.2734630713703934e-05,2.5736306527462086e-05,5.818709852356062e-06,6.134990049074991e-06,-0.01403115885283684,-0.024261770131635964,-0.024261770131635964,0.0,-0.012288595978620039,-5.4141300035087584e-05,0.024261770131635964,0.015943404702260397,0.37984600761921805,0.37984600761921805,0.9549278538372129,0.9549278538372129,0.202167859252342,0.05007045498235105,1.536833677900544,True,774,32244,379,64,166502,192,5.480048226076178
722,PASS,WITNESS,3,45.916666666666664,2.57377e-05,1.286885e-05,0.62075,0.2685,0.7020833333333334,0.7020833333333334,0.5,8.987352235924643,34.403953516557905,6.4005637659601184,12.2508105003187,1.3051277815999842e-05,1.3051277815999842e-05,1.2734630713703934e-05,1.2734630713703934e-05,2.5736306527462086e-05,9.558348373452982e-06,8.612780338284771e-06,-0.01403115885283684,-0.024261770131635964,-0.024261770131635964,0.0,0.0367386376858931,-5.4141300035087584e-05,0.0367386376858931,0.021306770554958665,0.37984600761921805,0.37984600761921805,0.9549278538372129,0.9549278538372129,0.202167859252342,1.1539139116297967,0.43469541725519795,True,774,32244,379,64,166502,192,5.480048226076178
722,PASS,WITNESS,4,45.916666666666664,2.57377e-05,1.286885e-05,0.62075,0.2685,0.7870833333333334,0.7870833333333334,0.7122301444200473,31.02872991761893,34.403953516557905,25.359631319014944,14.059092644346745,1.3317875495070293e-05,1.3317875495070293e-05,1.281657956849666e-05,1.281657956849666e-05,2.5736306527462086e-05,1.0630262341634488e-05,1.0629703131425721e-05,-0.03376831623825573,-0.0376408329360934,-0.0376408329360934,0.0,2.172727977896388e-05,-5.4141300035087584e-05,0.0376408329360934,0.02573573129965318,0.4648369089343035,0.4648369089343035,0.9236338300592298,0.9236338300592298,0.202167859252342,0.9981526390462374,0.646484799620257,True,774,32244,379,64,166502,192,5.480048226076178
722,PASS,WITNESS,5,45.916666666666664,2.57377e-05,1.286885e-05,0.62075,0.2685,0.7870833333333334,0.7870833333333334,1.6554752307313687,31.02872991761893,34.403953516557905,7.345319639001938,4.0721620913169945,1.3317875495070293e-05,1.3317875495070293e-05,1.281657956849666e-05,1.281657956849666e-05,2.5736306527462086e-05,2.8661146193190106e-06,2.5821416330600127e-06,-0.03376831623825573,-0.0376408329360934,-0.0376408329360934,0.0,0.011033347434269493,-5.4141300035087584e-05,0.0376408329360934,0.026126938450248063,0.4648369089343035,0.4648369089343035,0.9236338300592298,0.9236338300592298,0.202167859252342,0.05369676535846202,1.5933025537924226,True,774,32244,379,64,166502,192,5.480048226076178
1730,PASS,WITNESS,1,11.208333333333332,6.75955e-05,3.379775e-05,0.6633125,0.16299999999999998,0.5925,0.5925,0.6100452600696542,8.10564184342366,40.86475886435667,5.5773225040602865,14.059092644346745,3.397618487191237e-05,3.397618487191237e-05,3.373751835438249e-05,3.373751835438249e-05,6.758240016296783e-05,2.3826296873464128e-05,2.3826018447103896e-05,-0.005444542732676823,-0.007024523748903437,-0.007024523748903437,0.0,4.119007333792449e-06,-0.00019379747220111377,0.007024523748903437,0.004625445704509887,0.32386804301399874,0.32386804301399874,0.9805832522311115,0.9805832522311115,0.07700572972025378,0.9587341203688906,0.5257149315734163,True,551,15654,344,64,170416,192,5.422292897943407
1730,PASS,WITNESS,2,11.208333333333332,6.75955e-05,3.379775e-05,0.6633125,0.16299999999999998,0.5925,0.5925,1.5061280920654094,8.10564184342366,40.86475886435667,2.80196950603118,7.063093239318447,3.397618487191237e-05,3.397618487191237e-05,3.373751835438249e-05,3.373751835438249e-05,6.758240016296783e-05,1.1364789412207269e-05,1.1296651289446638e-05,-0.005444542732676823,-0.007024523748903437,-0.007024523748903437,0.0,0.001008027498289555,-0.00019379747220111377,0.007024523748903437,0.004643716009535543,0.32386804301399874,0.32386804301399874,0.9805832522311115,0.9805832522311115,0.07700572972025378,0.05046092028916058,1.425710702466072,True,551,15654,344,64,170416,192,5.422292897943407
1730,PASS,WITNESS,3,11.208333333333332,6.75955e-05,3.379775e-05,0.6674375,0.16149999999999998,0.4575,0.4575,0.6257660115081762,3.3123509937234723,38.14632505784194,2.2791593923717346,13.123843941175021,3.375435725665941e-05,3.375435725665941e-05,3.403320327543089e-05,3.403320327543089e-05,6.76001701218239e-05,2.3682328281037175e-05,2.368329683986977e-05,0.001352890212262203,0.008193352136581884,0.008193352136581884,0.0,-1.432874721828722e-05,6.908446850773142e-05,0.008193352136581884,0.004762655568260257,0.1896438519789831,0.1896438519789831,0.989828213161406,0.989828213161406,0.07337150460515933,0.8136549465050523,0.5396170833646315,True,551,15654,344,64,170416,192,5.422292897943407
1730,PASS,WITNESS,4,11.208333333333332,6.75955e-05,3.379775e-05,0.6674375,0.16149999999999998,0.4575,0.4575,1.3803620805572332,3.3123509937234723,38.14632505784194,1.5607933432365084,8.987352235924643,3.375435725665941e-05,3.375435725665941e-05,3.403320327543089e-05,3.403320327543089e-05,6.76001701218239e-05,1.60199526877523e-05,1.6397229265526847e-05,0.001352890212262203,0.008193352136581884,0.008193352136581884,0.0,-0.005581386006088393,6.908446850773142e-05,0.008193352136581884,0.005279662123142052,0.1896438519789831,0.1896438519789831,0.989828213161406,0.989828213161406,0.07337150460515933,0.051052333974871855,1.296093464880416,True,551,15654,344,64,170416,192,5.422292897943407
1730,PASS,WITNESS,5,11.208333333333332,6.75955e-05,3.379775e-05,0.6633125,0.16299999999999998,0.525,0.525,0.7043697687007863,4.8368836982108645,40.86475886435667,2.9000903098707105,12.2508105003187,3.348191426116533e-05,3.348191426116533e-05,3.350174946964587e-05,3.350174946964587e-05,6.758240016296783e-05,2.0499490376764116e-05,2.050174016820708e-05,0.009151077226104837,0.0005868795550160291,0.0005868795550160291,0.0,-3.328315409994934e-05,-0.00019379747220111377,0.009151077226104837,0.0037521046283142787,0.2565173356206601,0.2565173356206601,0.9867387447537121,0.9867387447537121,0.07700572972025378,0.7954601511936756,0.6205592124701701,True,551,15654,344,64,170416,192,5.422292897943407
1915,PASS,WITNESS,1,31.624999999999996,7.83193e-05,3.915965e-05,0.658,0.21000000000000002,0.5175000000000001,0.5175000000000001,0.7593923987356134,5.550832414011138,50.23861367154849,3.444705595846326,15.58840375050076,3.9490380257351245e-05,3.9490380257351245e-05,3.9770066781064504e-05,3.9770066781064504e-05,7.830827815204955e-05,2.5115640429481395e-05,2.511491148704196e-05,-0.008514508574879471,0.007032588736975048,0.007032588736975048,0.0,9.307315558699648e-06,-0.00014072965348831975,0.008514508574879471,0.005345268256755166,0.22929799182924543,0.22929799182924543,0.9909549986007457,0.9909549986007457,0.12669695259012065,0.7385969877907468,0.6772266671603099,True,505,24613,320,64,206212,192,5.520473140059039
1915,PASS,WITNESS,2,31.624999999999996,7.83193e-05,3.915965e-05,0.658,0.21000000000000002,0.5175000000000001,0.5175000000000001,1.4353847105920603,5.550832414011138,50.23861367154849,1.7911744052094278,8.10564184342366,3.9490380257351245e-05,3.9490380257351245e-05,3.9770066781064504e-05,3.9770066781064504e-05,7.830827815204955e-05,1.3046319068198447e-05,1.2192944104606225e-05,-0.008514508574879471,0.007032588736975048,0.007032588736975048,0.0,0.010896100496202375,-0.00014072965348831975,0.010896100496202375,0.006954090832228001,0.22929799182924543,0.22929799182924543,0.9909549986007457,0.9909549986007457,0.12669695259012065,0.05099463103771651,1.3565436582643033,True,505,24613,320,64,206212,192,5.520473140059039
1915,PASS,WITNESS,3,31.624999999999996,7.83193e-05,3.915965e-05,0.745875,0.21125000000000002,0.6225,0.6225,1.325339450522406,12.2508105003187,14.551421154185402,8.429526299862479,5.006264169884518,3.94373104595954e-05,3.94373104595954e-05,3.891133766933781e-05,3.891133766933781e-05,7.83445869953509e-05,2.5489469147176368e-05,2.548724337927815e-05,-0.006719955261438749,-0.013336933582133111,-0.013336933582133111,0.0,2.84191495355082e-05,0.00032276633677822856,0.013336933582133111,0.00817527144524282,0.33363817011433133,0.33363817011433133,0.9763051679594924,0.9763051679594924,0.07927622768541454,0.27363038633053516,1.1994336406267454,True,505,24613,320,64,206212,192,5.520473140059039
1915,PASS,WITNESS,4,31.624999999999996,7.83193e-05,3.915965e-05,0.745875,0.21125000000000002,0.6225,0.6225,1.5454299706617145,12.2508105003187,14.551421154185402,5.772632041224322,3.4283445980090392,3.94373104595954e-05,3.94373104595954e-05,3.891133766933781e-05,3.891133766933781e-05,7.83445869953509e-05,1.686055629967684e-05,1.6574620203279397e-05,-0.006719955261438749,-0.013336933582133111,-0.013336933582133111,0.0,0.0036509020943425656,0.00032276633677822856,0.013336933582133111,0.008310020634499355,0.33363817011433133,0.33363817011433133,0.9763051679594924,0.9763051679594924,0.07927622768541454,0.05043537424221145,1.4203617589966302,True,505,24613,320,64,206212,192,5.520473140059039
1915,PASS,WITNESS,5,31.624999999999996,7.83193e-05,3.915965e-05,0.658,0.21000000000000002,0.4575,0.4575,0.515720751438522,3.801270902863189,50.23861367154849,2.615574948918985,17.28406929492265,3.859833823632004e-05,3.859833823632004e-05,3.884524228942716e-05,3.884524228942716e-05,7.830827815204955e-05,2.7034646344818005e-05,2.704079273761968e-05,0.014193202434259132,0.0063050628161160655,0.0063050628161160655,0.0,-7.847864832391986e-05,-0.00014072965348831975,0.014193202434259132,0.0068432520692992636,0.16935882444979944,0.16935882444979944,0.9934857466343905,0.9934857466343905,0.12669695259012065,0.9261821787786602,0.43347534703096624,True,505,24613,320,64,206212,192,5.520473140059039
1489,PASS,WITNESS,1,29.583333333333332,5.6244e-05,2.8122e-05,0.7040625,0.22000000000000003,0.48000000000000004,0.48000000000000004,0.9716225431556607,3.092004485616841,17.88933168952953,2.8019695060311824,8.10564184342366,2.8363027090052416e-05,2.8363027090052416e-05,2.841012346070129e-05,2.841012346070129e-05,5.623842445375833e-05,2.4880057941730683e-05,2.4879284118579473e-05,-0.008596221496356575,0.0016577319952170914,0.0016577319952170914,0.0,1.3758323576030883e-05,-9.91313960897455e-05,0.008596221496356575,0.003637792166399698,0.18733326580591964,0.18733326580591964,0.9839795316669425,0.9839795316669425,0.11278480755467053,0.49151388377682426,0.8688911579115614,True,478,25030,342,64,201627,192,5.546159440069459
1489,PASS,WITNESS,2,29.583333333333332,5.6244e-05,2.8122e-05,0.6675,0.22125000000000006,0.555,0.555,0.7279508958585693,5.006264169884518,31.02872991761893,4.234877152129487,13.123843941175021,2.8217482709415067e-05,2.8217482709415067e-05,2.8469335854850514e-05,2.8469335854850514e-05,5.6246776005776364e-05,2.4154241008561665e-05,2.41538789001908e-05,-0.003334624406290112,0.008846470698140183,0.008846470698140183,0.0,6.438168886742987e-06,4.935404255134923e-05,0.008846470698140183,0.0052858661357224794,0.26162751551193664,0.26162751551193664,0.9816607656523424,0.9816607656523424,0.1333917652167479,0.8054495585208181,0.6416928823947985,True,478,25030,342,64,201627,192,5.546159440069459
1489,PASS,WITNESS,3,29.583333333333332,5.6244e-05,2.8122e-05,0.6675,0.22125000000000006,0.555,0.555,1.4746865891883654,5.006264169884518,31.02872991761893,2.6155749489189852,8.10564184342366,2.8217482709415067e-05,2.8217482709415067e-05,2.8469335854850514e-05,2.8469335854850514e-05,5.6246776005776364e-05,1.395235751299901e-05,1.450447854293139e-05,-0.003334624406290112,0.008846470698140183,0.008846470698140183,0.0,-0.00981653207333012,4.935404255134923e-05,0.00981653207333012,0.006633331808944966,0.26162751551193664,0.26162751551193664,0.9816607656523424,0.9816607656523424,0.1333917652167479,0.050046806370124486,1.3912534108044574,True,478,25030,342,64,201627,192,5.546159440069459
1489,PASS,WITNESS,4,29.583333333333332,5.6244e-05,2.8122e-05,0.6675,0.22125000000000006,0.5025000000000001,0.5025000000000001,0.8537169073667454,3.4283445980090392,31.02872991761893,2.3589721637729077,10.675109817635912,2.7726860916108082e-05,2.7726860916108082e-05,2.777762418915028e-05,2.777762418915028e-05,5.6246776005776364e-05,1.9075177603611427e-05,1.9074882643464716e-05,0.01409954898532773,0.00180510891978512,0.00180510891978512,0.0,5.24429533302227e-06,4.935404255134923e-05,0.01409954898532773,0.005849737620018833,0.20920248076373307,0.20920248076373307,0.9824133728090315,0.9824133728090315,0.1333917652167479,0.6239957788132844,0.7684863233374568,True,478,25030,342,64,201627,192,5.546159440069459
1489,PASS,WITNESS,5,29.583333333333332,5.6244e-05,2.8122e-05,0.6675,0.22125000000000006,0.5025000000000001,0.5025000000000001,1.4196639591535383,3.4283445980090392,31.02872991761893,1.6154500042515938,7.310432257371184,2.7726860916108082e-05,2.7726860916108082e-05,2.777762418915028e-05,2.777762418915028e-05,5.6246776005776364e-05,1.3117309212852e-05,1.2582164126778722e-05,0.01409954898532773,0.00180510891978512,0.00180510891978512,0.0,0.009514705320981405,4.935404255134923e-05,0.01409954898532773,0.007021943833213848,0.20920248076373307,0.20920248076373307,0.9824133728090315,0.9824133728090315,0.1333917652167479,0.050569478183950745,1.3370490393498256,True,478,25030,342,64,201627,192,5.546159440069459
1967,PASS,WITNESS,1,35.70833333333333,8.1363e-05,4.06815e-05,0.669875,0.21500000000000002,0.5775,0.5775,0.9873432937257729,8.683276799798922,42.295781928615,4.695535946106047,11.435853594985783,4.0495243433016743e-05,4.0495243433016743e-05,4.04818098016624e-05,4.04818098016624e-05,8.13372321279511e-05,2.2144819831811488e-05,2.2145075505116637e-05,0.004261706941946683,-0.00033021475005452034,-0.00033021475005452034,0.0,-3.1423780483631406e-06,-0.00031670258039778905,0.004261706941946683,0.001755018519385389,0.28696006923776074,0.28696006923776074,0.9841378811471375,0.9841378811471375,0.1255427999113798,0.5672685703388475,0.9003646545268904,True,494,25295,326,64,212510,192,5.537200247053988
1967,PASS,WITNESS,2,35.70833333333333,8.1363e-05,4.06815e-05,0.78625,0.21375000000000002,0.48750000000000004,0.48750000000000004,0.9952036694310273,4.673233995671801,10.313931287154782,3.565334061405081,3.934385755040525,4.0569455402518305e-05,4.0569455402518305e-05,4.031643615066728e-05,4.031643615066728e-05,8.135827923616684e-05,3.0021314671023633e-05,3.002110487922502e-05,0.00269616940292551,-0.006219516287526959,-0.006219516287526959,0.0,2.5784668536254084e-06,-5.802101487360677e-05,0.006219516287526959,0.0037558280986034723,0.19762713034110688,0.19762713034110688,0.9931369892846229,0.9931369892846229,0.058705948361563176,0.47993247860605975,0.844612516662267,True,494,25295,326,64,212510,192,5.537200247053988
1967,PASS,WITNESS,3,35.70833333333333,8.1363e-05,4.06815e-05,0.669875,0.21500000000000002,0.5775,0.5775,1.498267714567309,8.683276799798922,42.295781928615,3.4447055958463246,8.389489362677569,4.0495243433016743e-05,4.0495243433016743e-05,4.04818098016624e-05,4.04818098016624e-05,8.13372321279511e-05,1.527709572620803e-05,1.586111089371423e-05,0.004261706941946683,-0.00033021475005452034,-0.00033021475005452034,0.0,-0.007177896187532426,-0.00031670258039778905,0.007177896187532426,0.0034157167091931288,0.28696006923776074,0.28696006923776074,0.9841378811471375,0.9841378811471375,0.1255427999113798,0.05063697898713737,1.4133387618328144,True,494,25295,326,64,212510,192,5.537200247053988
1967,PASS,WITNESS,4,35.70833333333333,8.1363e-05,4.06815e-05,0.669875,0.21500000000000002,0.6375000000000001,0.6375000000000001,0.89301878526272,15.060990276041606,42.295781928615,9.03024233821491,12.679815659507472,4.1090817796677e-05,4.1090817796677e-05,4.132617905236979e-05,4.132617905236979e-05,8.13372321279511e-05,2.4823172329156207e-05,2.482354186218778e-05,-0.010274843756835456,0.005695209697333413,0.005695209697333413,0.0,-4.541782279068196e-06,-0.00031670258039778905,0.010274843756835456,0.005331409481753684,0.3469119253267126,0.3469119253267126,0.9735869930731014,0.9735869930731014,0.1255427999113798,0.7167840068845375,0.8055623266475721,True,494,25295,326,64,212510,192,5.537200247053988
1967,PASS,WITNESS,5,35.70833333333333,8.1363e-05,4.06815e-05,0.669875,0.21500000000000002,0.6375000000000001,0.6375000000000001,1.5532903445040898,15.060990276041606,42.295781928615,4.695535946106048,6.5932372564638415,4.1090817796677e-05,4.1090817796677e-05,4.132617905236979e-05,4.132617905236979e-05,8.13372321279511e-05,1.23063807291289e-05,1.1665155651502925e-05,-0.010274843756835456,0.005695209697333413,0.005695209697333413,0.0,0.007881040247114477,-0.00031670258039778905,0.010274843756835456,0.006227015565550517,0.3469119253267126,0.3469119253267126,0.9735869930731014,0.9735869930731014,0.1255427999113798,0.050656964447781394,1.4699798895779048,True,494,25295,326,64,212510,192,5.537200247053988
1401,PASS,NO_WITNESS,0,3.0416666666666665,5.23162e-05,2.61581e-05,,,,,,,,,,,,,,,,,,,,,,,,,,,,,,,,False,1308,0,0,0,0,0,1.348419061047025
1316,PASS,WITNESS,1,33.666666666666664,4.66382e-05,2.33191e-05,0.7875,0.23375000000000004,0.49500000000000005,0.49500000000000005,0.8379961559282234,2.694310506208873,6.370163603444466,2.279159392371734,2.694310506208873,2.298770219800688e-05,2.298770219800688e-05,2.3003417219167167e-05,2.3003417219167167e-05,4.664586641864025e-05,1.930373598569141e-05,1.9303468353070425e-05,0.014373449870331147,0.0006739119931852989,0.0006739119931852989,0.0,5.738485211344011e-06,0.00016435365507944176,0.014373449870331147,0.005881204822400918,0.19519616033223003,0.19519616033223003,0.9781006585051268,0.9781006585051268,0.0822431634933338,0.6328643169435486,0.6885036298034021,True,453,25416,356,64,230033,192,5.7579043169971555
1316,PASS,WITNESS,2,33.666666666666664,4.66382e-05,2.33191e-05,0.7875,0.23375000000000004,0.49500000000000005,0.49500000000000005,1.4196639591535383,2.694310506208873,6.370163603444466,1.9188194417654245,2.268334280950198,2.298770219800688e-05,2.298770219800688e-05,2.3003417219167167e-05,2.3003417219167167e-05,4.664586641864025e-05,1.5570308775685022e-05,1.6653591804133965e-05,0.014373449870331147,0.0006739119931852989,0.0006739119931852989,0.0,-0.023227376452113157,0.00016435365507944176,0.023227376452113157,0.011158273499188538,0.19519616033223003,0.19519616033223003,0.9781006585051268,0.9781006585051268,0.0822431634933338,0.05000060680190488,1.2697634707438583,True,453,25416,356,64,230033,192,5.7579043169971555
1316,PASS,WITNESS,3,33.666666666666664,4.66382e-05,2.33191e-05,0.746875,0.23250000000000004,0.3975,0.3975,0.8615772830860065,1.607777251590908,9.302075941475236,1.5607933432365086,4.515121169107457,2.273194546022402e-05,2.273194546022402e-05,2.300739969978685e-05,2.300739969978685e-05,4.6646531498876486e-05,2.1871343615533116e-05,2.1870493016342492e-05,0.02535323721672491,0.011812387251773457,0.011812387251773457,0.0,1.823825084639306e-05,0.00017860918290763257,0.02535323721672491,0.012395455191408248,0.0982994218525499,0.0982994218525499,0.9822345814373418,0.9822345814373418,0.10339763418621528,0.518478027607582,0.7359737918314458,True,453,25416,356,64,230033,192,5.7579043169971555
1316,PASS,WITNESS,4,33.666666666666664,4.66382e-05,2.33191e-05,0.746875,0.23250000000000004,0.3975,0.3975,1.325339450522406,1.607777251590908,9.302075941475236,1.4076706353296011,4.0721620913169945,2.273194546022402e-05,2.273194546022402e-05,2.300739969978685e-05,2.300739969978685e-05,4.6646531498876486e-05,1.9088588188229243e-05,2.0245886245676188e-05,0.02535323721672491,0.011812387251773457,0.011812387251773457,0.0,-0.024814380860473703,0.00017860918290763257,0.02535323721672491,0.016008523881920467,0.0982994218525499,0.0982994218525499,0.9822345814373418,0.9822345814373418,0.10339763418621528,0.05066501031150372,1.199350738750336,True,453,25416,356,64,230033,192,5.7579043169971555
1316,PASS,WITNESS,5,33.666666666666664,4.66382e-05,2.33191e-05,0.815625,0.23625000000000004,0.6825000000000001,0.6825000000000001,1.1995734390142299,13.583421432721881,5.006264169884518,7.602541805726376,1.400984753015591,2.274212167508038e-05,2.274212167508038e-05,2.3561918188054753e-05,2.3561918188054753e-05,4.6645574435190534e-05,1.3051377026970068e-05,1.3051377666743052e-05,0.024896918927289183,0.03479328407947644,0.03479328407947644,0.0,-1.3717788935662284e-08,0.00015809506646302331,0.03479328407947644,0.022513058433542284,0.3811246613480157,0.3811246613480157,0.9621094968761558,0.9621094968761558,0.067260073499189,0.4437271504531144,1.0337319143215613,True,453,25416,356,64,230033,192,5.7579043169971555
1257,PASS,WITNESS,1,15.291666666666666,3.82713e-05,1.913565e-05,0.729625,0.20625000000000002,0.46708333333333335,0.46708333333333335,1.3489205776801891,1.8450933781892822,9.627820803005408,1.4076706353296007,3.67265981950097,1.9005200392552794e-05,1.9005200392552794e-05,1.9073275392558447e-05,1.9073275392558447e-05,3.827403138783208e-05,1.4235096608974472e-05,1.4235774614380262e-05,0.006887975819821879,0.003557496087441675,0.003557496087441675,0.0,-1.771576627366558e-05,7.136399624069099e-05,0.006887975819821879,0.0034823644837741743,0.18174067269806285,0.18174067269806285,0.9748285694323672,0.9748285694323672,0.08748428913726418,0.08489143561717105,1.233960906056482,True,529,26315,345,64,192170,192,5.47548683709465
1257,PASS,WITNESS,2,15.291666666666666,3.82713e-05,1.913565e-05,0.77425,0.20875000000000002,0.7283333333333334,0.7283333333333334,0.5786037571926101,19.83528612105337,6.154637358888604,24.50162100063739,3.801270902863189,1.9195479267894937e-05,1.9195479267894937e-05,1.941184313820809e-05,1.941184313820809e-05,3.825485647918836e-05,2.4118498708090444e-05,2.4118928099636096e-05,-0.0035451591153847144,0.011145972526806883,0.011145972526806883,0.0,-1.1219674943163607e-05,-0.0004296567091172194,0.011145972526806883,0.006598210503094232,0.4415271019187106,0.4415271019187106,0.9486976368905358,0.9486976368905358,0.0658569107542091,1.0984886385868224,0.4364691100911072,True,529,26315,345,64,192170,192,5.47548683709465
1257,PASS,WITNESS,3,15.291666666666666,3.82713e-05,1.913565e-05,0.77425,0.20875000000000002,0.7283333333333334,0.7283333333333334,1.6240337278543246,19.83528612105337,6.154637358888604,6.184008971233682,0.9594097208827124,1.9195479267894937e-05,1.9195479267894937e-05,1.941184313820809e-05,1.941184313820809e-05,3.825485647918836e-05,5.726784858239777e-06,5.619677516894787e-06,-0.0035451591153847144,0.011145972526806883,0.011145972526806883,0.0,0.0027986334758680845,-0.0004296567091172194,0.011145972526806883,0.0066963984662155255,0.4415271019187106,0.4415271019187106,0.9486976368905358,0.9486976368905358,0.0658569107542091,0.05029534434368463,1.4840373631890968,True,529,26315,345,64,192170,192,5.47548683709465
1257,PASS,WITNESS,4,15.291666666666666,3.82713e-05,1.913565e-05,0.708625,0.20750000000000002,0.5700000000000001,0.5700000000000001,1.12096968182162,3.67265981950097,12.2508105003187,3.328158438364864,5.550832414011138,1.909000614076853e-05,1.909000614076853e-05,1.94087386725121e-05,1.94087386725121e-05,3.82713694799212e-05,1.6835527651902508e-05,1.683572615754545e-05,0.0023870898696758598,0.01642211465266323,0.01642211465266323,0.0,-5.186801674970931e-06,1.8154542715214954e-06,0.01642211465266323,0.009531263711029506,0.28388399177575596,0.28388399177575596,0.9714703074544969,0.9714703074544969,0.09952196194358012,0.4198272516078909,1.0176697672286066,True,529,26315,345,64,192170,192,5.47548683709465
1257,PASS,WITNESS,5,15.291666666666666,3.82713e-05,1.913565e-05,0.77425,0.20875000000000002,0.7995833333333334,0.7995833333333334,1.1917130632949688,57.65408941012277,6.154637358888604,8.144324182633987,0.4347077752002284,1.9466490604684576e-05,1.9466490604684576e-05,1.9254835126300547e-05,1.9254835126300547e-05,3.825485647918836e-05,2.8698165978072097e-06,2.8697971220252327e-06,-0.0174177447787533,-0.010872811267434853,-0.010872811267434853,0.0,5.088873902122301e-07,-0.0004296567091172194,0.0174177447787533,0.0094868196992719,0.5127815721421687,0.5127815721421687,0.9171399330260429,0.9171399330260429,0.0658569107542091,0.5229904154923543,1.0345841907934192,True,529,26315,345,64,192170,192,5.47548683709465
1956,PASS,WITNESS,1,13.25,8.1363e-05,4.06815e-05,0.698375,0.16449999999999998,0.6975,0.6975,0.7122301440418688,28.96461524460073,27.9846349588042,22.871707189971566,11.048936282958636,4.134954108505068e-05,4.134954108505068e-05,4.112089644429125e-05,4.112089644429125e-05,8.139642684924325e-05,3.2659485869436915e-05,3.2659769713605014e-05,-0.015751750644326535,-0.005529556913077689,-0.005529556913077689,0.0,-3.488614826145685e-06,0.0004106672803360684,0.015751750644326535,0.007181437964833877,0.42724293609642294,0.42724293609642294,0.9594386836658252,0.9594386836658252,0.059274195451749306,0.9443414669578462,0.6101773179499634,True,545,14943,320,64,176340,192,5.3970701600192115
1956,PASS,WITNESS,2,13.25,8.1363e-05,4.06815e-05,0.698375,0.16449999999999998,0.6975,0.6975,1.6004525987356162,28.96461524460073,27.9846349588042,7.602541805726375,3.67265981950097,4.134954108505068e-05,4.134954108505068e-05,4.112089644429125e-05,4.112089644429125e-05,8.139642684924325e-05,1.0077980844568448e-05,9.164369603474737e-06,-0.015751750644326535,-0.005529556913077689,-0.005529556913077689,0.0,0.01122882933389515,0.0004106672803360684,0.015751750644326535,0.00851982886658974,0.42724293609642294,0.42724293609642294,0.9594386836658252,0.9594386836658252,0.059274195451749306,0.05477631022353241,1.5034751130428894,True,545,14943,320,64,176340,192,5.3970701600192115
1956,PASS,WITNESS,3,13.25,8.1363e-05,4.06815e-05,0.698375,0.16449999999999998,0.63,0.63,0.735811271157632,13.583421432721881,27.9846349588042,9.673767396421718,9.964972765002278,4.0852589690305674e-05,4.0852589690305674e-05,4.0139500675751194e-05,4.0139500675751194e-05,8.139642684924325e-05,2.8756159720395757e-05,2.875532942561546e-05,-0.0037788611898129333,-0.0174551728534286,-0.0174551728534286,0.0,1.0204820130734662e-05,0.0004106672803360684,0.0174551728534286,0.01019652442691061,0.3598052571431505,0.3598052571431505,0.9749828217251144,0.9749828217251144,0.059274195451749306,0.8681363624588236,0.634539680899207,True,545,14943,320,64,176340,192,5.3970701600192115
1956,PASS,WITNESS,4,13.25,8.1363e-05,4.06815e-05,0.698375,0.16449999999999998,0.63,0.63,1.5532903445040898,13.583421432721881,27.9846349588042,6.624701987446941,6.824122616963465,4.0852589690305674e-05,4.0852589690305674e-05,4.0139500675751194e-05,4.0139500675751194e-05,8.139642684924325e-05,1.7859209172967544e-05,1.9444894100706177e-05,-0.0037788611898129333,-0.0174551728534286,-0.0174551728534286,0.0,-0.01948901746172871,0.0004106672803360684,0.01948901746172871,0.012933395789046285,0.3598052571431505,0.3598052571431505,0.9749828217251144,0.9749828217251144,0.059274195451749306,0.05023189980004711,1.4547022036738544,True,545,14943,320,64,176340,192,5.3970701600192115
1956,PASS,WITNESS,5,13.25,8.1363e-05,4.06815e-05,0.698375,0.16299999999999998,0.555,0.555,0.539301878526272,7.310432257371184,27.9846349588042,6.184008971233679,11.83632017569477,4.1403513887376625e-05,4.1403513887376625e-05,4.0402896369703205e-05,4.0402896369703205e-05,8.128678650905762e-05,3.4548928660290555e-05,3.455197692595373e-05,-0.018358843525103884,-0.024167454008740426,-0.024167454008740426,0.0,-3.746501067038022e-05,-0.0009367094495332828,0.024167454008740426,0.01584328264769376,0.2853694376199336,0.2853694376199336,0.9872996975698378,0.9872996975698378,0.05777187133114611,1.0009843279967887,0.436946892031265,True,545,14943,320,64,176340,192,5.3970701600192115
1747,PASS,WITNESS,1,45.916666666666664,6.75955e-05,3.379775e-05,0.6334375,0.23125000000000004,0.5175000000000001,0.5175000000000001,1.293897947645362,4.673233995671801,68.4810965156903,1.6720206602271668,12.2508105003187,3.428396760612755e-05,3.428396760612755e-05,3.397884632868897e-05,3.397884632868897e-05,6.761060862464704e-05,1.2798830323178196e-05,1.2799229379960014e-05,-0.013961724013485445,-0.008899823991901172,-0.008899823991901172,0.0,-5.903599822729817e-06,0.0002234652956745555,0.013961724013485445,0.007674562345754504,0.21899732947573153,0.21899732947573153,0.9874012003816834,0.9874012003816834,0.1595314180031459,0.18968304106198325,1.223232686775497,True,456,26608,329,64,252153,192,5.674543092027307
1747,PASS,WITNESS,2,45.916666666666664,6.75955e-05,3.379775e-05,0.6334375,0.23125000000000004,0.5175000000000001,0.5175000000000001,1.4353847105920603,4.673233995671801,68.4810965156903,1.791174405209428,13.123843941175021,3.428396760612755e-05,3.428396760612755e-05,3.397884632868897e-05,3.397884632868897e-05,6.761060862464704e-05,1.3046319068198447e-05,1.4220816910997333e-05,-0.013961724013485445,-0.008899823991901172,-0.008899823991901172,0.0,-0.017375385089227625,0.0002234652956745555,0.017375385089227625,0.010450657198949262,0.21899732947573153,0.21899732947573153,0.9874012003816834,0.9874012003816834,0.1595314180031459,0.05099463103771651,1.3643500134450377,True,456,26608,329,64,252153,192,5.674543092027307
1747,PASS,WITNESS,3,45.916666666666664,6.75955e-05,3.379775e-05,0.6334375,0.23125000000000004,0.5175000000000001,0.5175000000000001,0.5,4.673233995671801,68.4810965156903,2.1275435719230065,15.58840375050076,3.428396760612755e-05,3.428396760612755e-05,3.397884632868897e-05,3.397884632868897e-05,6.761060862464704e-05,1.6476224854767214e-05,1.4879743612669216e-05,-0.013961724013485445,-0.008899823991901172,-0.008899823991901172,0.0,0.023618158636270144,0.0002234652956745555,0.023618158636270144,0.012323492644192286,0.21899732947573153,0.21899732947573153,0.9874012003816834,0.9874012003816834,0.1595314180031459,0.9866897012959596,0.4291721891461606,True,456,26608,329,64,252153,192,5.674543092027307
1747,PASS,WITNESS,4,45.916666666666664,6.75955e-05,3.379775e-05,0.8000625,0.23375000000000004,0.63,0.63,0.7986942773319184,11.435853594985783,7.831397937775255,11.101664828022273,3.801270902863189,3.319208800402235e-05,3.319208800402235e-05,3.40293291883453e-05,3.40293291883453e-05,6.75897097259238e-05,3.263847560033538e-05,3.2636778644655436e-05,0.017834526231466728,0.024603517151013946,0.024603517151013946,0.0,2.5104565835670984e-05,-8.56606442174033e-05,0.024603517151013946,0.01596216571712907,0.3300327993785132,0.3300327993785132,0.9743913123670371,0.9743913123670371,0.07266368663693626,0.8060445343621093,0.6395314964251609,True,456,26608,329,64,252153,192,5.674543092027307
1747,PASS,WITNESS,5,45.916666666666664,6.75955e-05,3.379775e-05,0.8000625,0.23375000000000004,0.63,0.63,1.5532903463809755,11.435853594985783,7.831397937775255,6.624701987446944,2.268334280950198,3.319208800402235e-05,3.319208800402235e-05,3.40293291883453e-05,3.40293291883453e-05,6.75897097259238e-05,1.7859209172967544e-05,1.9174476820184146e-05,0.017834526231466728,0.024603517151013946,0.024603517151013946,0.0,-0.019457917275803885,-8.56606442174033e-05,0.024603517151013946,0.01782953692032477,0.3300327993785132,0.3300327993785132,0.9743913123670371,0.9743913123670371,0.07266368663693626,0.05023189792316135,1.3949106655491184,True,456,26608,329,64,252153,192,5.674543092027307
34,PASS,WITNESS,1,19.375,1.0316e-05,5.158e-06,0.793,0.27,0.8185,0.8185,0.7751131501741354,20.529888333673995,1.5533801882359948,21.350219635271824,0.8077250021257963,5.187121860231338e-06,5.187121860231338e-06,5.198775203351763e-06,5.198775203351763e-06,1.0316313924524126e-05,5.422309710237766e-06,5.4226860273261915e-06,-0.005584001831794897,0.0022415554942462777,0.0022415554942462777,0.0,-3.6478973286697275e-05,3.0429911926100618e-05,0.005584001831794897,0.0026214650871885866,0.4952678095366438,0.4952678095366438,0.9051793280622448,0.9051793280622448,0.12098114696138931,0.9485565264954599,0.6240986489476297,True,1147,41062,295,64,89320,165,5.174376686918549
34,PASS,WITNESS,2,19.375,1.0316e-05,5.158e-06,0.793,0.27,0.8185,0.8185,0.5,20.529888333673995,1.5533801882359948,11.101664828022269,0.42,5.187121860231338e-06,5.187121860231338e-06,5.198775203351763e-06,5.198775203351763e-06,1.0316313924524126e-05,3.017749512019863e-06,2.974206801250389e-06,-0.005584001831794897,0.0022415554942462777,0.0022415554942462777,0.0,0.004220890923756665,3.0429911926100618e-05,0.005584001831794897,0.003137065101196003,0.4952678095366438,0.4952678095366438,0.9051793280622448,0.9051793280622448,0.12098114696138931,1.2225373941735163,0.3355812908144933,True,1147,41062,295,64,89320,165,5.174376686918549
34,PASS,WITNESS,3,19.375,1.0316e-05,5.158e-06,0.604,0.26775,0.5343333333333334,0.5343333333333334,1.0580866760675318,0.49887286107305956,20.529888333673995,0.45207778663179504,9.302075941475236,5.098794896359338e-06,5.098794896359338e-06,5.206455013129739e-06,5.206455013129739e-06,1.0314219005589356e-05,4.777447946956224e-06,4.777430428879841e-06,0.01130566235659945,0.02067819975374839,0.02067819975374839,0.0,1.6981462178286938e-06,-0.0001726438940136655,0.02067819975374839,0.01279989388127307,0.21292710459345704,0.21292710459345704,0.9085324536583995,0.9085324536583995,0.2076738875325017,0.38287673387190396,0.9992567076180879,True,1147,41062,295,64,89320,165,5.174376686918549
34,PASS,WITNESS,4,19.375,1.0316e-05,5.158e-06,0.613,0.26925,0.6221666666666668,0.6221666666666668,1.325339450522406,1.0637717859615035,17.28406929492265,0.8998611896168208,7.310432257371184,5.037555440547444e-06,5.037555440547444e-06,5.153816058913276e-06,5.153816058913276e-06,1.0317304137011089e-05,4.393497747922619e-06,4.393230842528217e-06,0.02347447091797797,0.022539863971661876,0.022539863971661876,0.0,2.5872954090903964e-05,0.00012640288526629163,0.02347447091797797,0.01616146841358685,0.2995095539858273,0.2995095539858273,0.9233774926414078,0.9233774926414078,0.20640057870090528,0.21518128189054436,1.264978499767706,True,1147,41062,295,64,89320,165,5.174376686918549
34,PASS,WITNESS,5,19.375,1.0316e-05,5.158e-06,0.613,0.26925,0.8081666666666667,0.8081666666666667,1.0816678032253149,17.28406929492265,17.28406929492265,15.662795875550508,7.831397937775255,5.2849051516360436e-06,5.2849051516360436e-06,5.229626540100281e-06,5.229626540100281e-06,1.0317304137011089e-05,4.628757208185109e-06,4.629241642836503e-06,-0.023889375401830067,-0.010459716863348041,-0.010459716863348041,0.0,-4.6959543562821885e-05,0.00012640288526629163,0.023889375401830067,0.01147120884141767,0.4854819909044609,0.4854819909044609,0.9112247080059748,0.9112247080059748,0.20640057870090528,0.6379605569174024,1.0210439499259574,True,1147,41062,295,64,89320,165,5.174376686918549
761,PASS,WITNESS,1,23.458333333333332,2.85799e-05,1.428995e-05,0.6547499999999999,0.23875000000000002,0.5858333333333334,0.5858333333333334,0.8301357802089624,2.9873905139168784,20.529888333673995,2.8019695060311833,9.627820803005408,1.414132063426134e-05,1.414132063426134e-05,1.4303536304493013e-05,1.4303536304493013e-05,2.8584889591371984e-05,1.32083921021374e-05,1.3206218565207408e-05,0.010573709647650163,0.01134094861427506,0.01134094861427506,0.0,7.605124335605302e-05,0.0001745534596533785,0.01134094861427506,0.007842977956511564,0.283233709425376,0.283233709425376,0.963587271922595,0.963587271922595,0.15812926468269609,0.7187344201929562,0.7517844843764839,True,462,27119,363,64,178991,192,5.474488841951825
761,PASS,WITNESS,2,23.458333333333332,2.85799e-05,1.428995e-05,0.6547499999999999,0.23875000000000002,0.5858333333333334,0.5858333333333334,1.4904073406268874,2.9873905139168784,20.529888333673995,1.7305723364194492,5.946403165994846,1.414132063426134e-05,1.414132063426134e-05,1.4303536304493013e-05,1.4303536304493013e-05,2.8584889591371984e-05,8.264032341488194e-06,7.763346560460122e-06,0.010573709647650163,0.01134094861427506,0.01134094861427506,0.0,0.017518808009407718,0.0001745534596533785,0.017518808009407718,0.010614272385463122,0.283233709425376,0.283233709425376,0.963587271922595,0.963587271922595,0.15812926468269609,0.05104108640227545,1.4145653829748577,True,462,27119,363,64,178991,192,5.474488841951825
761,PASS,WITNESS,3,23.458333333333332,2.85799e-05,1.428995e-05,0.6547499999999999,0.23875000000000002,0.7045833333333333,0.7045833333333333,0.8772980345245285,10.675109817635912,20.529888333673995,10.36315218740532,9.964972765002278,1.4572953234439882e-05,1.4572953234439882e-05,1.4520614169822845e-05,1.4520614169822845e-05,2.8584889591371984e-05,1.3911174517077413e-05,1.3910968188135962e-05,-0.019248565080890533,-0.003591520797126163,-0.003591520797126163,0.0,7.219372406850242e-06,0.0001745534596533785,0.019248565080890533,0.008127482410267778,0.4019011685294006,0.4019011685294006,0.9549345202262335,0.9549345202262335,0.15812926468269609,0.7825310666096682,0.7986876437492316,True,462,27119,363,64,178991,192,5.474488841951825
761,PASS,WITNESS,4,23.458333333333332,2.85799e-05,1.428995e-05,0.6547499999999999,0.23875000000000002,0.7045833333333333,0.7045833333333333,1.6083129764158026,10.675109817635912,20.529888333673995,6.184008971233683,5.946403165994846,1.4572953234439882e-05,1.4572953234439882e-05,1.4520614169822845e-05,1.4520614169822845e-05,2.8584889591371984e-05,7.6979512648896e-06,7.88429352525388e-06,-0.019248565080890533,-0.003591520797126163,-0.003591520797126163,0.0,-0.006520045919134742,0.0001745534596533785,0.019248565080890533,0.008552258655306216,0.4019011685294006,0.4019011685294006,0.9549345202262335,0.9549345202262335,0.15812926468269609,0.05001272600637924,1.5324018390887972,True,462,27119,363,64,178991,192,5.474488841951825
761,PASS,WITNESS,5,23.458333333333332,2.85799e-05,1.428995e-05,0.80425,0.24000000000000005,0.6333333333333334,0.6333333333333334,1.0109244217519657,4.515121169107457,3.5484001257624547,1.6154500042515934,0.6347850681693287,1.3860232117464909e-05,1.3860232117464909e-05,1.413052444844067e-05,1.413052444844067e-05,2.858059559602474e-05,5.95869303151773e-06,5.958772266148911e-06,0.03009494180081251,0.018914854913821402,0.018914854913821402,0.0,-2.772390077679247e-06,2.4338052102609922e-05,0.03009494180081251,0.0164380128302412,0.32995271696309914,0.32995271696309914,0.9636267362772322,0.9636267362772322,0.07941694404769736,0.5644980388107868,0.8355960994568892,True,462,27119,363,64,178991,192,5.474488841951825
1274,PASS,WITNESS,1,50.0,3.82713e-05,1.913565e-05,0.5994999999999999,0.259,0.7520833333333334,0.7520833333333334,0.5393018785963051,27.037811038194604,78.589255810911,17.36655359959785,25.23918303639099,1.8838001405351155e-05,1.8838001405351155e-05,1.891096220714372e-05,1.891096220714372e-05,3.8289181168102966e-05,1.2622173543909167e-05,1.2622180462327264e-05,0.01601440246811722,0.003812820666795567,0.003812820666795567,0.0,-1.8077300998535722e-07,0.0004670031470367686,0.01601440246811722,0.006901139776118468,0.43655896175137565,0.43655896175137565,0.9399787161720092,0.9399787161720092,0.19994641158902993,1.1516467779887867,0.48023637288607185,True,541,29356,343,64,200467,192,5.523502423078753
1274,PASS,WITNESS,2,50.0,3.82713e-05,1.913565e-05,0.5994999999999999,0.259,0.7520833333333334,0.7520833333333334,1.6318941035735857,27.037811038194604,78.589255810911,4.383176250115449,6.370163603444466,1.8838001405351155e-05,1.8838001405351155e-05,1.891096220714372e-05,1.891096220714372e-05,3.8289181168102966e-05,3.186173234602162e-06,2.9160402351980266e-06,0.01601440246811722,0.003812820666795567,0.003812820666795567,0.0,0.007058370094669772,0.0004670031470367686,0.01601440246811722,0.00747858018630315,0.43655896175137565,0.43655896175137565,0.9399787161720092,0.9399787161720092,0.19994641158902993,0.0525814796846457,1.5757559711662528,True,541,29356,343,64,200467,192,5.523502423078753
1274,PASS,WITNESS,3,50.0,3.82713e-05,1.913565e-05,0.5994999999999999,0.259,0.7520833333333334,0.7520833333333334,0.5,27.037811038194604,78.589255810911,10.363152187405321,15.060990276041606,1.8838001405351155e-05,1.8838001405351155e-05,1.891096220714372e-05,1.891096220714372e-05,3.8289181168102966e-05,7.792738920256833e-06,7.031690702064398e-06,0.01601440246811722,0.003812820666795567,0.003812820666795567,0.0,0.0198856118865164,0.0004670031470367686,0.0198856118865164,0.010655139146014864,0.43655896175137565,0.43655896175137565,0.9399787161720092,0.9399787161720092,0.19994641158902993,1.189612088737509,0.44129333851089886,True,541,29356,343,64,200467,192,5.523502423078753
1274,PASS,WITNESS,4,50.0,3.82713e-05,1.913565e-05,0.6124999999999999,0.257,0.5700000000000001,0.5700000000000001,1.4511054620305823,3.67265981950097,59.67304985397504,1.4569651669019594,11.83632017569477,1.898750269351e-05,1.898750269351e-05,1.94087386725121e-05,1.94087386725121e-05,3.825967258931639e-05,8.247829688878267e-06,8.248728694505007e-06,0.007438137776777588,0.021703418553348987,0.021703418553348987,0.0,-2.3490334186168532e-05,-0.00030381540955263164,0.021703418553348987,0.01289376789375985,0.25594688603587973,0.25594688603587973,0.9714703074544969,0.9714703074544969,0.193628630662804,0.06981578100611407,1.3883405793821941,True,541,29356,343,64,200467,192,5.523502423078753
1274,PASS,WITNESS,5,50.0,3.82713e-05,1.913565e-05,0.6124999999999999,0.257,0.5700000000000001,0.5700000000000001,1.4746865891883654,3.67265981950097,59.67304985397504,1.6154500042515931,13.123843941175021,1.898750269351e-05,1.898750269351e-05,1.94087386725121e-05,1.94087386725121e-05,3.825967258931639e-05,8.78267285851145e-06,9.398900783578805e-06,0.007438137776777588,0.021703418553348987,0.021703418553348987,0.0,-0.016101567625540675,-0.00030381540955263164,0.021703418553348987,0.014472706676090765,0.25594688603587973,0.25594688603587973,0.9714703074544969,0.9714703074544969,0.193628630662804,0.051187717073495675,1.4115806047544286,True,541,29356,343,64,200467,192,5.523502423078753
1252,PASS,WITNESS,1,5.083333333333333,3.82713e-05,1.913565e-05,0.6719999999999999,0.14250000000000002,0.8233333333333334,0.8233333333333334,1.1445508089794028,84.18978717274649,21.24881448247751,50.47836607278197,6.370163603444466,1.9091214413919193e-05,1.9091214413919193e-05,1.893013367104366e-05,1.893013367104366e-05,3.827091697398807e-05,1.1031701966290776e-05,1.1031275544248065e-05,0.002312128047641057,-0.008417834924632014,-0.008417834924632014,0.0,1.1142084086800346e-05,-1.0008178763952195e-05,0.008417834924632014,0.004950859353941787,0.5658487046102981,0.5658487046102981,0.9026500556596952,0.9026500556596952,0.052831848879609636,0.5819776377403114,1.0606155216464572,True,777,14802,342,64,136962,192,5.278073942987248
1252,PASS,WITNESS,2,5.083333333333333,3.82713e-05,1.913565e-05,0.6719999999999999,0.14250000000000002,0.8233333333333334,0.8233333333333334,1.6711959821698907,84.18978717274649,21.24881448247751,4.695535946106049,0.5925574559886195,1.9091214413919193e-05,1.9091214413919193e-05,1.893013367104366e-05,1.893013367104366e-05,3.827091697398807e-05,1.1305057036887041e-06,1.0479554034933995e-06,0.002312128047641057,-0.008417834924632014,-0.008417834924632014,0.0,0.0021569766429492755,-1.0008178763952195e-05,0.008417834924632014,0.005028559670310977,0.5658487046102981,0.5658487046102981,0.9026500556596952,0.9026500556596952,0.052831848879609636,0.05018847887230529,1.57284682522185,True,777,14802,342,64,136962,192,5.278073942987248
1252,PASS,WITNESS,3,5.083333333333333,3.82713e-05,1.913565e-05,0.596,0.14125000000000001,0.5541666666666667,0.5541666666666667,0.5707433814733491,3.200281882980057,90.1894309986364,1.6720206602271657,23.560204612887244,1.8803894966277163e-05,1.8803894966277163e-05,1.8999344183777798e-05,1.8999344183777798e-05,3.828191172039572e-05,1.0931865826101064e-05,1.0931986163132689e-05,0.017609407616972245,0.010213879199328717,0.010213879199328717,0.0,-3.144315234251057e-06,0.0002771993330225224,0.017609407616972245,0.00929887755390031,0.29739715394915156,0.29739715394915156,0.9711214921219224,0.9711214921219224,0.08332517268181107,0.9398890342744063,0.5127381692519146,True,777,14802,342,64,136962,192,5.278073942987248
1252,PASS,WITNESS,4,5.083333333333333,3.82713e-05,1.913565e-05,0.596,0.14125000000000001,0.5541666666666667,0.5541666666666667,1.4432450863113213,3.200281882980057,90.1894309986364,1.1062778765742567,15.58840375050076,1.8803894966277163e-05,1.8803894966277163e-05,1.8999344183777798e-05,1.8999344183777798e-05,3.828191172039572e-05,7.5179364724070804e-06,8.11155532400113e-06,0.017609407616972245,0.010213879199328717,0.010213879199328717,0.0,-0.015510809708425092,0.0002771993330225224,0.017609407616972245,0.011250184816991837,0.29739715394915156,0.29739715394915156,0.9711214921219224,0.9711214921219224,0.08332517268181107,0.05059245015460467,1.3850458841935824,True,777,14802,342,64,136962,192,5.278073942987248
1252,PASS,WITNESS,5,5.083333333333333,3.82713e-05,1.913565e-05,0.596,0.14125000000000001,0.5541666666666667,0.5541666666666667,0.5,3.200281882980057,90.1894309986364,1.3600439204615407,19.16418487570231,1.8803894966277163e-05,1.8803894966277163e-05,1.8999344183777798e-05,1.8999344183777798e-05,3.828191172039572e-05,9.424707105399539e-06,8.576367722661332e-06,0.017609407616972245,0.010213879199328717,0.010213879199328717,0.0,0.022166463714015643,0.0002771993330225224,0.022166463714015643,0.012975405236270656,0.29739715394915156,0.29739715394915156,0.9711214921219224,0.9711214921219224,0.08332517268181107,1.0013539348075953,0.44210010505645203,True,777,14802,342,64,136962,192,5.278073942987248
575,PASS,NO_WITNESS,0,1.0,2.03997e-05,1.019985e-05,,,,,,,,,,,,,,,,,,,,,,,,,,,,,,,,False,1190,0,0,0,0,0,1.3495086989132687
579,PASS,WITNESS,1,9.166666666666666,2.03997e-05,1.019985e-05,0.6232500000000001,0.20750000000000002,0.55625,0.55625,0.6965093929815253,1.5533801882359948,27.037811038194604,1.407670635329602,12.2508105003187,1.0189632357340943e-05,1.0189632357340943e-05,1.0227022308624966e-05,1.0227022308624966e-05,2.0397947401872063e-05,9.442137874334476e-06,9.441239831644316e-06,0.0009158314676283198,0.00365599586621517,0.00365599586621517,0.0,4.4022347885532264e-05,-8.591293636364608e-05,0.00365599586621517,0.00214401017660874,0.2727038856602615,0.2727038856602615,0.9532138593630941,0.9532138593630941,0.14040420267150922,0.8089420450027156,0.6302082372119514,True,681,28732,392,64,143687,192,5.517505637952127
579,PASS,WITNESS,2,9.166666666666666,2.03997e-05,1.019985e-05,0.6232500000000001,0.20750000000000002,0.55625,0.55625,1.4432450863113213,1.5533801882359948,27.037811038194604,1.0688483957922628,9.302075941475236,1.0189632357340943e-05,1.0189632357340943e-05,1.0227022308624966e-05,1.0227022308624966e-05,2.0397947401872063e-05,7.256209925123393e-06,7.540207375604449e-06,0.0009158314676283198,0.00365599586621517,0.00365599586621517,0.0,-0.013921648381155423,-8.591293636364608e-05,0.013921648381155423,0.0060744140115985,0.2727038856602615,0.2727038856602615,0.9532138593630941,0.9532138593630941,0.14040420267150922,0.050861233077324264,1.377871165653545,True,681,28732,392,64,143687,192,5.517505637952127
579,PASS,WITNESS,3,9.166666666666666,2.03997e-05,1.019985e-05,0.6232500000000001,0.20750000000000002,0.4875,0.4875,1.325339450522406,0.9269493341478365,27.037811038194604,0.5953853021921571,8.683276799798922,9.983536177903174e-06,9.983536177903174e-06,1.0150060139338455e-05,1.0150060139338455e-05,2.0397947401872063e-05,6.7730858302105165e-06,6.773073432538668e-06,0.021121636399835057,0.01632611866206669,0.01632611866206669,0.0,6.077379495148205e-07,-8.591293636364608e-05,0.021121636399835057,0.012775074733927404,0.20416258180055274,0.20416258180055274,0.9414526305623175,0.9414526305623175,0.14040420267150922,0.08852560358667183,1.2604703585292667,True,681,28732,392,64,143687,192,5.517505637952127
579,PASS,WITNESS,4,9.166666666666666,2.03997e-05,1.019985e-05,0.6232500000000001,0.20750000000000002,0.4875,0.4875,1.3646413291187112,0.9269493341478365,27.037811038194604,0.6162348097687342,8.987352235924643,9.983536177903174e-06,9.983536177903174e-06,1.0150060139338455e-05,1.0150060139338455e-05,2.0397947401872063e-05,6.85547904654984e-06,7.125685047636245e-06,0.021121636399835057,0.01632611866206669,0.01632611866206669,0.0,-0.013245586998162005,-8.591293636364608e-05,0.021121636399835057,0.013872399343667475,0.20416258180055274,0.20416258180055274,0.9414526305623175,0.9414526305623175,0.14040420267150922,0.05065126533028674,1.2995249506933928,True,681,28732,392,64,143687,192,5.517505637952127
579,PASS,WITNESS,5,9.166666666666666,2.03997e-05,1.019985e-05,0.6232500000000001,0.20750000000000002,0.61875,0.61875,0.6650678901044812,2.694310506208873,27.037811038194604,2.3589721637729077,11.83632017569477,1.0334366129511482e-05,1.0334366129511482e-05,1.0115131501039298e-05,1.0115131501039298e-05,2.0397947401872063e-05,8.993529821427814e-06,8.99253481017097e-06,-0.013101183650617488,-0.021214134057639403,-0.021214134057639403,0.0,4.877577890088585e-05,-8.591293636364608e-05,0.021214134057639403,0.013364940084585995,0.3350767414284548,0.3350767414284548,0.9550751698367194,0.9550751698367194,0.14040420267150922,0.9063867265107078,0.5988827722371933,True,681,28732,392,64,143687,192,5.517505637952127
2005,PASS,WITNESS,1,11.208333333333332,8.33163e-05,4.165815e-05,0.627,0.15250000000000002,0.6525000000000001,0.6525000000000001,0.7515320225681408,17.88933168952953,100.0,5.974781027833758,16.699285170420158,4.1650197565221645e-05,4.1650197565221645e-05,4.213262876054865e-05,4.213262876054865e-05,8.334588709138414e-05,1.4889933794455137e-05,1.4889619857163823e-05,0.0005458213059867948,0.011450298961139884,0.011450298961139884,0.0,3.768017678581204e-06,0.00035499161886300146,0.011450298961139884,0.0066161752136267215,0.38678319136156053,0.38678319136156053,0.9705069991838771,0.9705069991838771,0.08345973458625883,0.8656004119972676,0.6830218148899247,True,713,13280,303,64,179078,192,5.33315930806566
2005,PASS,WITNESS,2,11.208333333333332,8.33163e-05,4.165815e-05,0.627,0.15250000000000002,0.6525000000000001,0.6525000000000001,1.5532903445040898,17.88933168952953,100.0,2.6155749489189843,7.310432257371184,4.1650197565221645e-05,4.1650197565221645e-05,4.213262876054865e-05,4.213262876054865e-05,8.334588709138414e-05,6.510737648362665e-06,6.021828924518354e-06,0.0005458213059867948,0.011450298961139884,0.011450298961139884,0.0,0.005868104126615219,0.00035499161886300146,0.011450298961139884,0.0070365389052110565,0.38678319136156053,0.38678319136156053,0.9705069991838771,0.9705069991838771,0.08345973458625883,0.05015288824615394,1.4880550700026371,True,713,13280,303,64,179078,192,5.33315930806566
2005,PASS,WITNESS,3,11.208333333333332,8.33163e-05,4.165815e-05,0.627,0.15250000000000002,0.6525000000000001,0.6525000000000001,0.5,17.88933168952953,100.0,5.388621012417745,15.060990276041606,4.1650197565221645e-05,4.1650197565221645e-05,4.213262876054865e-05,4.213262876054865e-05,8.334588709138414e-05,1.3926364759113452e-05,1.2547413725154586e-05,0.0005458213059867948,0.011450298961139884,0.011450298961139884,0.0,0.01655079539008413,0.00035499161886300146,0.01655079539008413,0.009456668375551406,0.38678319136156053,0.38678319136156053,0.9705069991838771,0.9705069991838771,0.08345973458625883,1.114827734143776,0.43183639287778103,True,713,13280,303,64,179078,192,5.33315930806566
2005,PASS,WITNESS,4,11.208333333333332,8.33163e-05,4.165815e-05,0.64625,0.15125000000000002,0.4575,0.4575,0.6257660112840704,4.0721620913169945,68.4810965156903,1.9188194417654265,16.13428646024545,4.076009522089514e-05,4.076009522089514e-05,4.145320185617914e-05,4.145320185617914e-05,8.328342103960145e-05,2.0437867018858836e-05,2.0437091362081946e-05,0.021163092909924797,0.01663796004584935,0.01663796004584935,0.0,9.30978424256893e-06,-0.00039462818678385943,0.021163092909924797,0.012920756870029936,0.1925345587035529,0.1925345587035529,0.9953335997131255,0.9953335997131255,0.07363421416436847,0.8099123511350231,0.5491814130353857,True,713,13280,303,64,179078,192,5.33315930806566
2005,PASS,WITNESS,5,11.208333333333332,8.33163e-05,4.165815e-05,0.64625,0.15125000000000002,0.4575,0.4575,1.3725017032832385,4.0721620913169945,68.4810965156903,1.3600439204615402,11.435853594985783,4.076009522089514e-05,4.076009522089514e-05,4.145320185617914e-05,4.145320185617914e-05,8.328342103960145e-05,1.4360897233238854e-05,1.5195539388152493e-05,0.021163092909924797,0.01663796004584935,0.01663796004584935,0.0,-0.010017753487776573,-0.00039462818678385943,0.021163092909924797,0.0135525584720889,0.1925345587035529,0.1925345587035529,0.9953335997131255,0.9953335997131255,0.07363421416436847,0.051410106232880004,1.296585878155527,True,713,13280,303,64,179078,192,5.33315930806566
1893,PASS,WITNESS,1,37.75,7.78759e-05,3.893795e-05,0.7355625,0.21850000000000003,0.5325000000000001,0.5325000000000001,0.9008791616823115,5.946403165994846,16.13428646024545,5.577322504060285,7.566432719890026,3.886555352120656e-05,3.886555352120656e-05,3.862512847023779e-05,3.862512847023779e-05,7.789468337433535e-05,3.538411480473178e-05,3.538609873325535e-05,0.0020999678647660135,-0.006174568793908548,-0.006174568793908548,0.0,-2.5475513266267676e-05,0.0002411380792842579,0.006174568793908548,0.0036678618019568643,0.24038250268171799,0.24038250268171799,0.98918148943385,0.98918148943385,0.09244889795207795,0.6207696054967446,0.7800574941744967,True,400,23909,341,64,209316,192,5.548569245962426
1893,PASS,WITNESS,2,37.75,7.78759e-05,3.893795e-05,0.7355625,0.21850000000000003,0.5775,0.5775,1.246735693329796,8.389489362677569,16.13428646024545,6.624701987446942,6.370163603444466,3.938451742272462e-05,3.938451742272462e-05,3.9164758061349593e-05,3.9164758061349593e-05,7.789468337433535e-05,2.951655358870512e-05,2.9516557532757253e-05,-0.011100192770286442,-0.005579841413728446,-0.005579841413728446,0.0,-5.06453489859008e-08,0.0002411380792842579,0.011100192770286442,0.005560900519371591,0.2853308083055781,0.2853308083055781,0.9839062083702634,0.9839062083702634,0.09244889795207795,0.31438012716539443,1.126700958223408,True,400,23909,341,64,209316,192,5.548569245962426
1893,PASS,WITNESS,3,37.75,7.78759e-05,3.893795e-05,0.7355625,0.21850000000000003,0.5775,0.5775,1.5061280920654094,8.389489362677569,16.13428646024545,4.695535946106049,4.515121169107457,3.938451742272462e-05,3.938451742272462e-05,3.9164758061349593e-05,3.9164758061349593e-05,7.789468337433535e-05,2.0158180319663056e-05,2.004060176174066e-05,-0.011100192770286442,-0.005579841413728446,-0.005579841413728446,0.0,0.0015098195709121142,0.0002411380792842579,0.011100192770286442,0.005594956697065487,0.2853308083055781,0.2853308083055781,0.9839062083702634,0.9839062083702634,0.09244889795207795,0.05012029794837,1.3866700306199216,True,400,23909,341,64,209316,192,5.548569245962426
1893,PASS,WITNESS,4,37.75,7.78759e-05,3.893795e-05,0.7355625,0.21850000000000003,0.5325000000000001,0.5325000000000001,1.4668262134691044,5.946403165994846,16.13428646024545,4.234877152129483,5.745214307628796,3.886555352120656e-05,3.886555352120656e-05,3.862512847023779e-05,3.862512847023779e-05,7.789468337433535e-05,2.5019982771882163e-05,2.655375397086729e-05,0.0020999678647660135,-0.006174568793908548,-0.006174568793908548,0.0,-0.01969506867959311,0.0002411380792842579,0.01969506867959311,0.008837555680933867,0.24038250268171799,0.24038250268171799,0.98918148943385,0.98918148943385,0.09244889795207795,0.05066194754405584,1.3468860651263286,True,400,23909,341,64,209316,192,5.548569245962426
1893,PASS,WITNESS,5,37.75,7.78759e-05,3.893795e-05,0.7516875000000001,0.21700000000000003,0.36750000000000005,0.36750000000000005,0.7515320230163524,2.347767973053025,13.583421432721881,1.9860136441447431,5.745214307628796,3.7504384593416716e-05,3.7504384593416716e-05,3.617269250772538e-05,3.617269250772538e-05,7.783562619217484e-05,3.0409053734671968e-05,3.041068450915087e-05,0.036299509929790995,-0.03420036457212922,-0.03420036457212922,0.0,-2.0940682276576195e-05,-0.000517153674309519,0.036299509929790995,0.02468890500242003,0.07594248985154034,0.07594248985154034,0.9978374386572579,0.9978374386572579,0.08178441075477777,0.611359727163855,0.6223994733043509,True,400,23909,341,64,209316,192,5.548569245962426
881,PASS,WITNESS,1,13.25,3.10283e-05,1.551415e-05,0.755875,0.21000000000000002,0.6095833333333334,0.6095833333333334,0.9716225431556607,3.934385755040525,6.154637358888604,3.10676037647199,2.429983314886263,1.53385122072999e-05,1.53385122072999e-05,1.5337985691939334e-05,1.5337985691939334e-05,3.10031734563593e-05,1.1985502783390786e-05,1.1985494089435692e-05,0.010511340993850808,-3.393775105736734e-05,-3.393775105736734e-05,0.0,2.8019437395098036e-07,-0.0008097944019072698,0.010511340993850808,0.004303997368392384,0.32272102739725506,0.32272102739725506,0.9654002102260775,0.9654002102260775,0.07884892681944317,0.5990249671406722,0.8427575640092729,True,529,27947,359,64,196219,192,5.497491273912601
881,PASS,WITNESS,2,13.25,3.10283e-05,1.551415e-05,0.755875,0.21000000000000002,0.6095833333333334,0.6095833333333334,1.5139884677846704,3.934385755040525,6.154637358888604,1.9860136441447431,1.5533801882359948,1.53385122072999e-05,1.53385122072999e-05,1.5337985691939334e-05,1.5337985691939334e-05,3.10031734563593e-05,7.614367817034581e-06,7.704565922973805e-06,0.010511340993850808,-3.393775105736734e-05,-3.393775105736734e-05,0.0,-0.00290696254513537,-0.0008097944019072698,0.010511340993850808,0.004464616281441636,0.32272102739725506,0.32272102739725506,0.9654002102260775,0.9654002102260775,0.07884892681944317,0.05042157667507868,1.3856217009766068,True,529,27947,359,64,196219,192,5.497491273912601
881,PASS,WITNESS,3,13.25,3.10283e-05,1.551415e-05,0.755875,0.21125000000000002,0.8075000000000001,0.8075000000000001,0.9323206645593556,51.99789518643481,6.154637358888604,11.89280633198969,0.7038353176648005,1.5506277488368495e-05,1.5506277488368495e-05,1.529792197809685e-05,1.529792197809685e-05,3.102880093886006e-05,3.6701712467133094e-06,3.6701501645038466e-06,0.0005235768586442422,-0.013430030666948848,-0.013430030666948848,0.0,6.794509999841314e-07,1.614431898420759e-05,0.013430030666948848,0.007756780273390607,0.520006187060867,0.520006187060867,0.9125245198041063,0.9125245198041063,0.08010241794528541,0.786398329758695,0.8007433723848615,True,529,27947,359,64,196219,192,5.497491273912601
881,PASS,WITNESS,4,13.25,3.10283e-05,1.551415e-05,0.755875,0.21125000000000002,0.8075000000000001,0.8075000000000001,0.5,51.99789518643481,6.154637358888604,8.144324182633985,0.48199414320154743,1.5506277488368495e-05,1.5506277488368495e-05,1.529792197809685e-05,1.529792197809685e-05,3.102880093886006e-05,2.7211209004539293e-06,2.462224363501844e-06,0.0005235768586442422,-0.013430030666948848,-0.013430030666948848,0.0,0.008343884033352946,1.614431898420759e-05,0.013430030666948848,0.008471779049274503,0.520006187060867,0.520006187060867,0.9125245198041063,0.9125245198041063,0.08010241794528541,1.2172442251194,0.3483933919628014,True,529,27947,359,64,196219,192,5.497491273912601
881,PASS,WITNESS,5,13.25,3.10283e-05,1.551415e-05,0.755875,0.21125000000000002,0.8075000000000001,0.8075000000000001,1.6633356064506297,51.99789518643481,6.154637358888604,13.648245233926923,0.8077250021257963,1.5506277488368495e-05,1.5506277488368495e-05,1.529792197809685e-05,1.529792197809685e-05,3.102880093886006e-05,3.6354375258647135e-06,4.004732067922477e-06,0.0005235768586442422,-0.013430030666948848,-0.013430030666948848,0.0,-0.011901861915018332,1.614431898420759e-05,0.013430030666948848,0.009152960885604905,0.520006187060867,0.520006187060867,0.9125245198041063,0.9125245198041063,0.08010241794528541,0.05655747338833997,1.5338236316878142,True,529,27947,359,64,196219,192,5.497491273912601
1886,PASS,WITNESS,1,23.458333333333332,7.78759e-05,3.893795e-05,0.6963125,0.19875,0.6825000000000001,0.6825000000000001,1.293897947645362,22.763075569225393,27.037811038194604,12.74032720688893,7.566432719890026,3.880691260317858e-05,3.880691260317858e-05,3.86806219763123e-05,3.86806219763123e-05,7.783911801179308e-05,2.0926950444694626e-05,2.0927269584629723e-05,0.0028929720932396588,-0.0032433815048373256,-0.0032433815048373256,0.0,-4.098057744400453e-06,-0.00047231541731035745,0.0032433815048373256,0.002222289860767172,0.3990160657088002,0.3990160657088002,0.9633201145415767,0.9633201145415767,0.09487153266985404,0.3520969963154117,1.1959141127865176,True,539,24915,329,64,198483,192,5.458441626979038
1886,PASS,WITNESS,2,23.458333333333332,7.78759e-05,3.893795e-05,0.6963125,0.19875,0.6825000000000001,0.6825000000000001,1.5925922249772806,22.763075569225393,27.037811038194604,6.400563765960114,3.801270902863189,3.880691260317858e-05,3.880691260317858e-05,3.86806219763123e-05,3.86806219763123e-05,7.783911801179308e-05,1.0223289742030199e-05,9.24443111580156e-06,0.0028929720932396588,-0.0032433815048373256,-0.0032433815048373256,0.0,0.012569467912777113,-0.00047231541731035745,0.012569467912777113,0.005592002327250762,0.3990160657088002,0.3990160657088002,0.9633201145415767,0.9633201145415767,0.09487153266985404,0.05034446714197355,1.4966645544508883,True,539,24915,329,64,198483,192,5.458441626979038
1886,PASS,WITNESS,3,23.458333333333332,7.78759e-05,3.893795e-05,0.6963125,0.19875,0.6225,0.6225,1.4825469649076264,12.2508105003187,27.037811038194604,5.974781027833761,6.5932372564638415,3.83225637807355e-05,3.83225637807355e-05,3.891133766933781e-05,3.891133766933781e-05,7.783911801179308e-05,1.7888031507376358e-05,1.788737618458088e-05,0.01533196342285722,0.015120823993104719,0.015120823993104719,0.0,8.414962722433206e-06,-0.00047231541731035745,0.01533196342285722,0.010743764792704658,0.3390552790628071,0.3390552790628071,0.9763051679594924,0.9763051679594924,0.09487153266985404,0.11358686776939686,1.3853206450172975,True,539,24915,329,64,198483,192,5.458441626979038
1886,PASS,WITNESS,4,23.458333333333332,7.78759e-05,3.893795e-05,0.6963125,0.19875,0.6225,0.6225,1.5454299706617145,12.2508105003187,27.037811038194604,5.772632041224326,6.370163603444466,3.83225637807355e-05,3.83225637807355e-05,3.891133766933781e-05,3.891133766933781e-05,7.783911801179308e-05,1.686055629967684e-05,1.7246005554569853e-05,0.01533196342285722,0.015120823993104719,0.015120823993104719,0.0,-0.004949531946250538,-0.00047231541731035745,0.01533196342285722,0.010932129155240208,0.3390552790628071,0.3390552790628071,0.9763051679594924,0.9763051679594924,0.09487153266985404,0.05043537424221145,1.4483055560424292,True,539,24915,329,64,198483,192,5.458441626979038
1886,PASS,WITNESS,5,23.458333333333332,7.78759e-05,3.893795e-05,0.6468125,0.19625,0.44250000000000006,0.44250000000000006,0.515720751438522,3.5484001257624547,61.76271128912809,2.279159392371736,19.83528612105337,3.83584698785661e-05,3.83584698785661e-05,3.9098489709032315e-05,3.9098489709032315e-05,7.790194337689158e-05,2.5577775795860257e-05,2.5578859458675762e-05,0.01521147699777276,0.01892706945903495,0.01892706945903495,0.0,-1.3915252542889338e-05,0.0003343097201769925,0.01892706945903495,0.012569598944087908,0.16025703518374163,0.16025703518374163,0.9944122649301348,0.9944122649301348,0.11841910938513729,0.9110276820677213,0.4385385179390714,True,539,24915,329,64,198483,192,5.458441626979038
203,PASS,WITNESS,1,7.125,1.5237e-05,7.6185e-06,0.8013750000000001,0.20800000000000002,0.7841666666666667,0.7841666666666667,0.8930187859630505,17.28406929492265,2.1174385760647425,14.126186478636898,0.865286168209724,7.646537469324325e-06,7.646537469324325e-06,7.652581643294877e-06,7.652581643294877e-06,1.523588058516075e-05,6.254801605488245e-06,6.255300636486582e-06,-0.0037398857795014023,0.0007898215598716114,0.0007898215598716114,0.0,-3.275126326291784e-05,-7.346687925776804e-05,0.0037398857795014023,0.0015937822866892272,0.5018420828520209,0.5018420828520209,0.9244010277885397,0.9244010277885397,0.05211975511134087,0.8153843994714192,0.7369366541129736,True,666,25909,308,64,150494,192,5.311927824979648
203,PASS,WITNESS,2,7.125,1.5237e-05,7.6185e-06,0.7695000000000001,0.20650000000000002,0.5508333333333333,0.5508333333333333,0.8144150287704405,0.9594097208827124,2.8863160206121603,0.8115796866929712,1.220789929848797,7.58701581428159e-06,7.58701581428159e-06,7.552773733416655e-06,7.552773733416655e-06,1.5233504455885204e-05,6.57953178413962e-06,6.579622488853655e-06,0.0039031848344178513,-0.004494596162621877,-0.004494596162621877,0.0,-5.952924724995365e-06,-0.0002294115714901762,0.004494596162621877,0.0030465911630374277,0.2694482705279478,0.2694482705279478,0.9317843460367071,0.9317843460367071,0.06953865498109985,0.6620616888511919,0.6797434667090498,True,666,25909,308,64,150494,192,5.311927824979648
203,PASS,WITNESS,3,7.125,1.5237e-05,7.6185e-06,0.7695000000000001,0.20650000000000002,0.6091666666666666,0.6091666666666666,0.8930187859630505,1.722352797923163,2.8863160206121603,1.5079859196385241,1.263540177122413,7.682447919973038e-06,7.682447919973038e-06,7.684325943816487e-06,7.684325943816487e-06,1.5233504455885204e-05,6.901906143210888e-06,6.9020941634142004e-06,-0.008551400896534325,0.00024439669232936964,0.00024439669232936964,0.0,-1.2339712759219508e-05,-0.0002294115714901762,0.008551400896534325,0.0034952038261341235,0.3276451631470617,0.3276451631470617,0.947285671736131,0.947285671736131,0.06953865498109985,0.6596093381367218,0.7581063856679202,True,666,25909,308,64,150494,192,5.311927824979648
203,PASS,WITNESS,4,7.125,1.5237e-05,7.6185e-06,0.8013750000000001,0.20800000000000002,0.7841666666666667,0.7841666666666667,0.5,17.28406929492265,2.1174385760647425,6.8566891960180785,0.42,7.646537469324325e-06,7.646537469324325e-06,7.652581643294877e-06,7.652581643294877e-06,1.523588058516075e-05,3.3774984899537347e-06,3.2396238670929336e-06,-0.0037398857795014023,0.0007898215598716114,0.0007898215598716114,0.0,0.009048672498575907,-7.346687925776804e-05,0.009048672498575907,0.004023229490625342,0.5018420828520209,0.5018420828520209,0.9244010277885397,0.9244010277885397,0.05211975511134087,1.205366174527436,0.329741027930494,True,666,25909,308,64,150494,192,5.311927824979648
203,PASS,WITNESS,5,7.125,1.5237e-05,7.6185e-06,0.7695000000000001,0.20650000000000002,0.5508333333333333,0.5508333333333333,1.4196639591535383,0.9594097208827124,2.8863160206121603,0.6601497488116527,0.9930068220723716,7.58701581428159e-06,7.58701581428159e-06,7.552773733416655e-06,7.552773733416655e-06,1.5233504455885204e-05,5.25301486069265e-06,5.427091085084956e-06,0.0039031848344178513,-0.004494596162621877,-0.004494596162621877,0.0,-0.01142457336695587,-0.0002294115714901762,0.01142457336695587,0.005570923733514804,0.2694482705279478,0.2694482705279478,0.9317843460367071,0.9317843460367071,0.06953865498109985,0.05010337790039421,1.283418794370979,True,666,25909,308,64,150494,192,5.311927824979648
702,PASS,WITNESS,1,5.083333333333333,2.57377e-05,1.286885e-05,0.7013750000000001,0.16374999999999998,0.7516666666666667,0.7516666666666667,1.4904073406268874,17.88933168952953,9.964972765002278,10.012528339769036,2.788661252030144,1.2876687696817677e-05,1.2876687696817677e-05,1.2794207269254274e-05,1.2794207269254274e-05,2.573568003925566e-05,6.793085917601431e-06,6.793098918183342e-06,-0.0006871081599683162,-0.006405407159466011,-0.006405407159466011,0.0,-5.051182471825884e-07,-7.848256620981606e-05,0.006405407159466011,0.0037089252519859717,0.4880190569493464,0.4880190569493464,0.9394889488335908,0.9394889488335908,0.06140371164997391,0.2007918733917461,1.3928226660642342,True,766,20516,385,64,137333,191,5.274420234956779
702,PASS,WITNESS,2,5.083333333333333,2.57377e-05,1.286885e-05,0.7013750000000001,0.16374999999999998,0.7516666666666667,0.7516666666666667,1.6397544792928467,17.88933168952953,9.964972765002278,7.096800251524907,1.976580859823245,1.2876687696817677e-05,1.2876687696817677e-05,1.2794207269254274e-05,1.2794207269254274e-05,2.573568003925566e-05,4.693597540001594e-06,4.6427066041157965e-06,-0.0006871081599683162,-0.006405407159466011,-0.006405407159466011,0.0,0.001977291517338297,-7.848256620981606e-05,0.006405407159466011,0.0037957529037576715,0.4880190569493464,0.4880190569493464,0.9394889488335908,0.9394889488335908,0.06140371164997391,0.05020378797709295,1.5430109287011742,True,766,20516,385,64,137333,191,5.274420234956779
702,PASS,WITNESS,3,5.083333333333333,2.57377e-05,1.286885e-05,0.7013750000000001,0.16374999999999998,0.6595833333333334,0.6595833333333334,0.6493471386659593,5.363027180295652,9.964972765002278,5.772632041224321,5.363027180295652,1.2712368172208267e-05,1.2712368172208267e-05,1.2766155679057844e-05,1.2766155679057844e-05,2.573568003925566e-05,1.3605000037331618e-05,1.3606524323064194e-05,0.01208125414621843,0.004179666936018073,0.004179666936018073,0.0,-5.922385188170363e-05,-7.848256620981606e-05,0.01208125414621843,0.005490986555490066,0.396023852291311,0.396023852291311,0.9610407065065554,0.9610407065065554,0.06140371164997391,0.9723965955386168,0.5507723788364735,True,766,20516,385,64,137333,191,5.274420234956779
702,PASS,WITNESS,4,5.083333333333333,2.57377e-05,1.286885e-05,0.7013750000000001,0.16374999999999998,0.6595833333333334,0.6595833333333334,1.5611507221002365,5.363027180295652,9.964972765002278,3.0016471582943756,2.788661252030144,1.2712368172208267e-05,1.2712368172208267e-05,1.2766155679057844e-05,1.2766155679057844e-05,2.573568003925566e-05,6.832575586600347e-06,6.842054375585632e-06,0.01208125414621843,0.004179666936018073,0.004179666936018073,0.0,-0.0003682842283997805,-7.848256620981606e-05,0.01208125414621843,0.005492991381807856,0.396023852291311,0.396023852291311,0.9610407065065554,0.9610407065065554,0.06140371164997391,0.050331068026830905,1.4634583913042811,True,766,20516,385,64,137333,191,5.274420234956779
702,PASS,WITNESS,5,5.083333333333333,2.57377e-05,1.286885e-05,0.6111875,0.16249999999999998,0.6737500000000001,0.6737500000000001,0.5550226300348271,6.370163603444466,43.776917291767255,4.8599666297725275,16.699285170420158,1.3045419730353646e-05,1.3045419730353646e-05,1.2803021408700995e-05,1.2803021408700995e-05,2.5734659791104182e-05,1.0305489078995666e-05,1.0305141160077156e-05,-0.013651522027089833,-0.01858110560357418,-0.01858110560357418,0.0,1.351787139138406e-05,-0.00011812278858705048,0.01858110560357418,0.012089204276850353,0.41057231156456353,0.41057231156456353,0.9599942620514792,0.9599942620514792,0.09966029055806414,1.0742504890948,0.4924314927088083,True,766,20516,385,64,137333,191,5.274420234956779
1510,PASS,WITNESS,1,21.416666666666664,5.81993e-05,2.909965e-05,0.625,0.20750000000000002,0.7050000000000001,0.7050000000000001,0.5471622543155661,21.99291635552426,70.87920264192343,12.740327206888935,20.529888333673995,2.881050130548382e-05,2.881050130548382e-05,2.8784282912682994e-05,2.8784282912682994e-05,5.819868945798772e-05,1.7320486722362965e-05,1.7322096910280024e-05,0.009926010227272157,-0.0009009865342306612,-0.0009009865342306612,0.0,-2.7666791818093433e-05,-1.0490538756970402e-05,0.009926010227272157,0.004085545822457801,0.41807366487523623,0.41807366487523623,0.9566807222897766,0.9566807222897766,0.1393334456950587,1.1128681093460857,0.4792668606008298,True,521,24386,334,64,187883,192,5.393458249978721
1510,PASS,WITNESS,2,21.416666666666664,5.81993e-05,2.909965e-05,0.625,0.20750000000000002,0.7050000000000001,0.7050000000000001,1.6004526006965416,21.99291635552426,70.87920264192343,3.819411606996843,6.154637358888604,2.881050130548382e-05,2.881050130548382e-05,2.8784282912682994e-05,2.8784282912682994e-05,5.819868945798772e-05,5.182264652319057e-06,4.669493502325167e-06,0.009926010227272157,-0.0009009865342306612,-0.0009009865342306612,0.0,0.008810606828499478,-1.0490538756970402e-05,0.009926010227272157,0.005443285393330123,0.41807366487523623,0.41807366487523623,0.9566807222897766,0.9566807222897766,0.1393334456950587,0.050062338367737436,1.5364469936815481,True,521,24386,334,64,187883,192,5.393458249978721
1510,PASS,WITNESS,3,21.416666666666664,5.81993e-05,2.909965e-05,0.625,0.20750000000000002,0.765,0.765,0.9637621674363996,50.23861367154849,70.87920264192343,16.21128368684733,11.435853594985783,2.9157123554177166e-05,2.9157123554177166e-05,2.8717471023116557e-05,2.8717471023116557e-05,5.819868945798772e-05,9.432513243462138e-06,9.432164389333633e-06,-0.0019816366685124895,-0.015078734712760179,-0.015078734712760179,0.0,5.994129285150728e-06,-1.0490538756970402e-05,0.015078734712760179,0.008743221287971044,0.4780664551564288,0.4780664551564288,0.9348719790655625,0.9348719790655625,0.1393334456950587,0.7351308027915311,0.8969470447577746,True,521,24386,334,64,187883,192,5.393458249978721
1510,PASS,WITNESS,4,21.416666666666664,5.81993e-05,2.909965e-05,0.625,0.20750000000000002,0.765,0.765,1.6476148550121077,50.23861367154849,70.87920264192343,7.3453196390019455,5.181576093702661,2.9157123554177166e-05,2.9157123554177166e-05,2.8717471023116557e-05,2.8717471023116557e-05,5.819868945798772e-05,3.99083444886972e-06,3.79305975266676e-06,-0.0019816366685124895,-0.015078734712760179,-0.015078734712760179,0.0,0.003398231528608768,-1.0490538756970402e-05,0.015078734712760179,0.008852602748486128,0.4780664551564288,0.4780664551564288,0.9348719790655625,0.9348719790655625,0.1393334456950587,0.050142490150271335,1.583752057790774,True,521,24386,334,64,187883,192,5.393458249978721
1510,PASS,WITNESS,5,21.416666666666664,5.81993e-05,2.909965e-05,0.625,0.20750000000000002,0.765,0.765,0.5,50.23861367154849,70.87920264192343,17.974704471849297,12.679815659507472,2.9157123554177166e-05,2.9157123554177166e-05,2.8717471023116557e-05,2.8717471023116557e-05,5.819868945798772e-05,1.0885978603180744e-05,9.802552490716485e-06,-0.0019816366685124895,-0.015078734712760179,-0.015078734712760179,0.0,0.018615792843973366,-1.0490538756970402e-05,0.018615792843973366,0.011584553064481485,0.4780664551564288,0.4780664551564288,0.9348719790655625,0.9348719790655625,0.1393334456950587,1.1982542492281842,0.43302747996222724,True,521,24386,334,64,187883,192,5.393458249978721
941,PASS,WITNESS,1,33.666666666666664,3.17473e-05,1.587365e-05,0.58975,0.24750000000000003,0.4829166666666667,0.4829166666666667,0.5393018785963051,1.607777251590908,81.34133463857795,1.2266158731958101,31.02872991761893,1.5817609724995395e-05,1.5817609724995395e-05,1.5766080508556396e-05,1.5766080508556396e-05,3.175473727916942e-05,1.2686534276989934e-05,1.2687743908883228e-05,0.0037637794993514383,-0.003246210949529498,-0.003246210949529498,0.0,-3.810188246857148e-05,0.0002342100677462555,0.0037637794993514383,0.002425493533514019,0.17507991643586457,0.17507991643586457,0.9674990476638301,0.9674990476638301,0.1913120720725096,0.8980605878910644,0.48307511313005413,True,445,29312,370,64,178928,192,5.425710818031803
941,PASS,WITNESS,2,33.666666666666664,3.17473e-05,1.587365e-05,0.619,0.25,0.6808333333333334,0.6808333333333334,0.7751131501741354,8.683276799798922,43.776917291767255,5.7726320412243215,14.551421154185402,1.5735054734890212e-05,1.5735054734890212e-05,1.572001723236472e-05,1.572001723236472e-05,3.172949224722855e-05,1.0812273707730938e-05,1.0812176798975626e-05,0.008170231088883897,-0.0009473248134796566,-0.0009473248134796566,0.0,3.0525038448127107e-06,-0.0005609218034747028,0.008170231088883897,0.0033877762430446546,0.37122025491911437,0.37122025491911437,0.9607427141078979,0.9607427141078979,0.1842770162073748,0.8628935741779001,0.7099104331408773,True,445,29312,370,64,178928,192,5.425710818031803
941,PASS,WITNESS,3,33.666666666666664,3.17473e-05,1.587365e-05,0.619,0.25,0.6808333333333334,0.6808333333333334,1.5768714735387586,8.683276799798922,43.776917291767255,2.9000903098707096,7.310432257371184,1.5735054734890212e-05,1.5735054734890212e-05,1.572001723236472e-05,1.572001723236472e-05,3.172949224722855e-05,5.379388874699467e-06,5.15377531097234e-06,0.008170231088883897,-0.0009473248134796566,-0.0009473248134796566,0.0,0.007106543350997633,-0.0005609218034747028,0.008170231088883897,0.004460289906860604,0.37122025491911437,0.37122025491911437,0.9607427141078979,0.9607427141078979,0.1842770162073748,0.05032476624353935,1.5144458432693115,True,445,29312,370,64,178928,192,5.425710818031803
941,PASS,WITNESS,4,33.666666666666664,3.17473e-05,1.587365e-05,0.58975,0.24750000000000003,0.4829166666666667,0.4829166666666667,1.3646413291187112,1.607777251590908,81.34133463857795,0.6832672109640555,17.28406929492265,1.5817609724995395e-05,1.5817609724995395e-05,1.5766080508556396e-05,1.5766080508556396e-05,3.175473727916942e-05,7.513255594596112e-06,7.873596777741259e-06,0.0037637794993514383,-0.003246210949529498,-0.003246210949529498,0.0,-0.011350293824833812,0.0002342100677462555,0.011350293824833812,0.005230134342495784,0.17507991643586457,0.17507991643586457,0.9674990476638301,0.9674990476638301,0.1913120720725096,0.051071400979328385,1.308137370238562,True,445,29312,370,64,178928,192,5.425710818031803
941,PASS,WITNESS,5,33.666666666666664,3.17473e-05,1.587365e-05,0.58975,0.24875000000000003,0.665,0.665,0.7672527744548744,7.310432257371184,81.34133463857795,4.091595562271991,22.763075569225393,1.6216051535477473e-05,1.6216051535477473e-05,1.5869448061078267e-05,1.5869448061078267e-05,3.177186940970532e-05,9.570235078231554e-06,9.569611086297886e-06,-0.02035741129106455,-0.02137409798192283,-0.02137409798192283,0.0,1.9654960694870364e-05,0.0007733070216451682,0.02137409798192283,0.0148813457815618,0.3561832235744141,0.3561832235744141,0.9635819574207362,0.9635819574207362,0.19256103363564434,0.8524809957409114,0.7109902768705838,True,445,29312,370,64,178928,192,5.425710818031803
1752,PASS,NO_WITNESS,0,5.083333333333333,6.87682e-05,3.43841e-05,,,,,,,,,,,,,,,,,,,,,,,,,,,,,,,,False,965,0,0,0,0,0,1.3427760939812288
0,PASS,WITNESS,1,1.0,1.00164e-05,5.0082e-06,0.58175,0.10812500000000005,0.7823333333333333,0.7823333333333333,1.325339450522406,10.675109817635912,34.403953516557905,4.695535946106047,7.566432719890026,4.973019518123525e-06,4.973019518123525e-06,5.004911013038406e-06,5.004911013038406e-06,1.001670894492385e-05,2.3730084689834025e-06,2.372962714738208e-06,0.007055202368899249,0.006367855699628904,0.006367855699628904,0.0,4.56793310916143e-06,3.0842957058050846e-05,0.007055202368899249,0.004670403712791276,0.5390494921903284,0.5390494921903284,0.9243832490993915,0.9243832490993915,0.054191805313348065,0.3767207407876021,1.2731863443101723,True,884,8431,304,64,110759,184,5.327781660947949
0,PASS,WITNESS,2,1.0,1.00164e-05,5.0082e-06,0.58175,0.10812500000000005,0.7823333333333333,0.7823333333333333,1.6476148550121077,10.675109817635912,34.403953516557905,3.444705595846326,5.550832414011138,4.973019518123525e-06,4.973019518123525e-06,5.004911013038406e-06,5.004911013038406e-06,1.001670894492385e-05,1.7324687096573628e-06,1.6846556686025291e-06,0.007055202368899249,0.006367855699628904,0.006367855699628904,0.0,0.004773475605490366,3.0842957058050846e-05,0.007055202368899249,0.005060666516262555,0.5390494921903284,0.5390494921903284,0.9243832490993915,0.9243832490993915,0.054191805313348065,0.05032641755657599,1.5957880850021862,True,884,8431,304,64,110759,184,5.327781660947949
0,PASS,WITNESS,3,1.0,1.00164e-05,5.0082e-06,0.5437500000000001,0.10625000000000005,0.679,0.679,0.7358112715778303,2.191588125057724,81.34133463857795,1.3600439204615409,25.23918303639099,5.035358239989156e-06,5.035358239989156e-06,4.993575869016025e-06,4.993575869016025e-06,1.0029895186338107e-05,3.7233433980785577e-06,3.7230701086960167e-06,-0.004053464688571203,-0.008297795108460895,-0.008297795108460895,0.0,2.728419217893165e-05,0.001345496247706526,0.008297795108460895,0.005098177581012388,0.4363835111770169,0.4363835111770169,0.9386084272804727,0.9386084272804727,0.05937624747146743,0.8672299477101818,0.6888093957198752,True,884,8431,304,64,110759,184,5.327781660947949
0,PASS,WITNESS,4,1.0,1.00164e-05,5.0082e-06,0.5437500000000001,0.10625000000000005,0.679,0.679,1.5375695949424535,2.191588125057724,81.34133463857795,0.9313729898270461,17.28406929492265,5.035358239989156e-06,5.035358239989156e-06,4.993575869016025e-06,4.993575869016025e-06,1.0029895186338107e-05,2.774185014655032e-06,2.9003770617743214e-06,-0.004053464688571203,-0.008297795108460895,-0.008297795108460895,0.0,-0.012598543101242919,0.001345496247706526,0.012598543101242919,0.00724190389022984,0.4363835111770169,0.4363835111770169,0.9386084272804727,0.9386084272804727,0.05937624747146743,0.050351064922025346,1.4902047310057802,True,884,8431,304,64,110759,184,5.327781660947949
0,PASS,WITNESS,5,1.0,1.00164e-05,5.0082e-06,0.58175,0.10812500000000005,0.6376666666666668,0.6376666666666668,1.0659470517867928,1.220789929848797,34.403953516557905,0.7841209379198353,11.048936282958636,4.867541340560721e-06,4.867541340560721e-06,4.974107618033429e-06,4.974107618033429e-06,1.001670894492385e-05,3.6824255155507404e-06,3.6826518515606895e-06,0.028115648098683034,0.02127835898580493,0.02127835898580493,0.0,-2.2596542664937802e-05,3.0842957058050846e-05,0.028115648098683034,0.016812833650509812,0.3947153775123533,0.3947153775123533,0.926887450162054,0.926887450162054,0.054191805313348065,0.4800880003731125,1.0123676377053206,True,884,8431,304,64,110759,184,5.327781660947949
223,PASS,WITNESS,1,47.95833333333333,1.5237e-05,7.6185e-06,0.8045625000000001,0.2895,0.7491666666666666,0.7491666666666666,0.7829735258933964,9.964972765002278,1.976580859823245,10.726054360591306,1.0637717859615035,7.530006259842673e-06,7.530006259842673e-06,7.634689759924226e-06,7.634689759924226e-06,1.5237883496982594e-05,8.149346383391443e-06,8.14908000785197e-06,0.011672945086663125,0.013711559129888213,0.013711559129888213,0.0,1.74821513075462e-05,5.7980295148554906e-05,0.013711559129888213,0.009240084973286539,0.41057030321099414,0.41057030321099414,0.9390557149933423,0.9390557149933423,0.1318712437712669,0.9055644125257285,0.6258930124076741,True,1445,39181,369,62,136708,177,5.198417479987256
223,PASS,WITNESS,2,47.95833333333333,1.5237e-05,7.6185e-06,0.7471875000000001,0.29,0.7958333333333334,0.7958333333333334,0.6100452600696542,20.529888333673995,3.5484001257624547,7.868771510081047,0.6800219602307699,7.506691059194765e-06,7.506691059194765e-06,7.508874333895456e-06,7.508874333895456e-06,1.5238090161598967e-05,3.1373794003972056e-06,3.1372982959398007e-06,0.014746470248333116,0.00028657540207270566,0.00028657540207270566,0.0,5.322862597942613e-06,7.15418787660148e-05,0.014746470248333116,0.006022565653169248,0.4568128548878236,0.4568128548878236,0.9184583920542218,0.9184583920542218,0.16618806452981244,1.101941767355849,0.4824731348205075,True,1445,39181,369,62,136708,177,5.198417479987256
223,PASS,WITNESS,3,47.95833333333333,1.5237e-05,7.6185e-06,0.7471875000000001,0.29,0.7958333333333334,0.7958333333333334,0.5,20.529888333673995,3.5484001257624547,5.577322504060285,0.48199414320154743,7.506691059194765e-06,7.506691059194765e-06,7.508874333895456e-06,7.508874333895456e-06,1.5238090161598967e-05,2.400394840138603e-06,2.2108193859124904e-06,0.014746470248333116,0.00028657540207270566,0.00028657540207270566,0.0,0.012441783436773147,7.15418787660148e-05,0.014746470248333116,0.007878512222442974,0.4568128548878236,0.4568128548878236,0.9184583920542218,0.9184583920542218,0.16618806452981244,1.20945876346287,0.35433362664729995,True,1445,39181,369,62,136708,177,5.198417479987256
223,PASS,WITNESS,4,47.95833333333333,1.5237e-05,7.6185e-06,0.763125,0.287,0.51,0.51,1.309618699083884,0.7284825834509796,2.9873905139168784,0.5557786685459506,1.139579696185867,7.486270895153276e-06,7.486270895153276e-06,7.572596432139665e-06,7.572596432139665e-06,1.523513353467817e-05,5.891698987361304e-06,5.890676220964386e-06,0.01723382190533684,0.01133104114804598,0.01133104114804598,0.0,6.712386932586662e-05,-0.00012249559111569827,0.01723382190533684,0.009607367964622832,0.1737002314871115,0.1737002314871115,0.9278604429301358,0.9278604429301358,0.1539697937202983,0.11991549429423887,1.1779041552254281,True,1445,39181,369,62,136708,177,5.198417479987256
223,PASS,WITNESS,5,47.95833333333333,1.5237e-05,7.6185e-06,0.763125,0.287,0.51,0.51,1.3803620805572332,0.7284825834509796,2.9873905139168784,0.5752412107317986,1.1794860818864537,7.486270895153276e-06,7.486270895153276e-06,7.572596432139665e-06,7.572596432139665e-06,1.523513353467817e-05,5.911798928393692e-06,6.172721990985478e-06,0.01723382190533684,0.01133104114804598,0.01133104114804598,0.0,-0.01712430679213663,-0.00012249559111569827,0.01723382190533684,0.011881684032881238,0.1737002314871115,0.1737002314871115,0.9278604429301358,0.9278604429301358,0.1539697937202983,0.050610554020193876,1.2484329363031663,True,1445,39181,369,62,136708,177,5.198417479987256
689,PASS,WITNESS,1,29.583333333333332,2.42481e-05,1.212405e-05,0.64775,0.255,0.7020833333333334,0.7020833333333334,1.4746865891883654,8.389489362677569,19.83528612105337,5.388621012417747,6.370163603444466,1.2041220466899454e-05,1.2041220466899454e-05,1.1948618873834349e-05,1.1948618873834349e-05,2.424856839970464e-05,7.424123191438414e-06,7.424236696430279e-06,0.006851021601248632,-0.007637843217827753,-0.007637843217827753,0.0,-4.680984978843451e-06,1.931659209395993e-05,0.007637843217827753,0.00522191200716367,0.3892329866630704,0.3892329866630704,0.9545450792111957,0.9545450792111957,0.17777669385005987,0.17960807529253564,1.401765418182548,True,612,30556,376,64,154942,192,5.391436319099739
689,PASS,WITNESS,2,29.583333333333332,2.42481e-05,1.212405e-05,0.64775,0.255,0.7020833333333334,0.7020833333333334,1.6004526006965416,8.389489362677569,19.83528612105337,4.234877152129486,5.006264169884518,1.2041220466899454e-05,1.2041220466899454e-05,1.1948618873834349e-05,1.1948618873834349e-05,2.424856839970464e-05,5.818709852356062e-06,5.596396734782583e-06,0.006851021601248632,-0.007637843217827753,-0.007637843217827753,0.0,0.009168269578790874,1.931659209395993e-05,0.009168269578790874,0.006424787094022682,0.3892329866630704,0.3892329866630704,0.9545450792111957,0.9545450792111957,0.17777669385005987,0.05007045498235105,1.5278452156417792,True,612,30556,376,64,154942,192,5.391436319099739
689,PASS,WITNESS,3,29.583333333333332,2.42481e-05,1.212405e-05,0.72875,0.254,0.6808333333333334,0.6808333333333334,1.2074338147334909,6.5932372564638415,6.5932372564638415,5.772632041224321,2.8863160206121603,1.231213937517774e-05,1.231213937517774e-05,1.2232262029350367e-05,1.2232262029350367e-05,2.4246983128096505e-05,1.0396855802936414e-05,1.0396864211526431e-05,-0.01532209840881243,-0.006487690188791446,-0.006487690188791446,0.0,-3.467731499333893e-07,-4.6060182178984574e-05,0.01532209840881243,0.0072909655199825665,0.36864783858221595,0.36864783858221595,0.9585461466695604,0.9585461466695604,0.13940031487797688,0.4318078943448677,1.0942030762062447,True,612,30556,376,64,154942,192,5.391436319099739
689,PASS,WITNESS,4,29.583333333333332,2.42481e-05,1.212405e-05,0.72875,0.254,0.6808333333333334,0.6808333333333334,1.5847318492580196,6.5932372564638415,6.5932372564638415,4.234877152129485,2.1174385760647425,1.231213937517774e-05,1.231213937517774e-05,1.2232262029350367e-05,1.2232262029350367e-05,2.4246983128096505e-05,7.36122799749005e-06,7.5184670817220545e-06,-0.01532209840881243,-0.006487690188791446,-0.006487690188791446,0.0,-0.006484594018995498,-4.6060182178984574e-05,0.01532209840881243,0.007756707084328037,0.36864783858221595,0.36864783858221595,0.9585461466695604,0.9585461466695604,0.13940031487797688,0.05025137712052366,1.4719940715455218,True,612,30556,376,64,154942,192,5.391436319099739
689,PASS,WITNESS,5,29.583333333333332,2.42481e-05,1.212405e-05,0.72875,0.254,0.6100000000000001,0.6100000000000001,1.3725017048379722,3.092004485616841,6.5932372564638415,2.3589721637729077,2.515077715685437,1.2081123265638797e-05,1.2081123265638797e-05,1.228749981429537e-05,1.228749981429537e-05,2.4246983128096505e-05,8.971329483924113e-06,8.97073184482006e-06,0.0034945664534091754,0.016795650195369577,0.016795650195369577,0.0,2.464684260016134e-05,-4.6060182178984574e-05,0.016795650195369577,0.00980138131995487,0.29786455790578786,0.29786455790578786,0.9596826956959541,0.9596826956959541,0.13940031487797688,0.19471333341071057,1.2595333051325137,True,612,30556,376,64,154942,192,5.391436319099739
1443,PASS,WITNESS,1,37.75,5.34023e-05,2.670115e-05,0.740625,0.234,0.5775,0.5775,1.1838526875757078,5.550832414011138,11.048936282958636,4.695535946106049,4.673233995671801,2.6495411765338568e-05,2.6495411765338568e-05,2.662642976722948e-05,2.662642976722948e-05,5.340824622766772e-05,2.169523855262335e-05,2.1695145691840246e-05,0.00781569750879293,0.004906829926460524,0.004906829926460524,0.0,1.7388910796434235e-06,0.00011133538522064387,0.00781569750879293,0.004267151391641221,0.2774381099740556,0.2774381099740556,0.9791692930518392,0.9791692930518392,0.10723571434783394,0.37134183135832044,1.0615933536773234,True,380,25039,344,64,197702,192,5.448319646995515
1443,PASS,WITNESS,2,37.75,5.34023e-05,2.670115e-05,0.721875,0.23550000000000001,0.7350000000000001,0.7350000000000001,1.5611507221002365,29.97891298216905,13.583421432721881,16.778978725355138,3.801270902863189,2.646039437515181e-05,2.646039437515181e-05,2.647266373463455e-05,2.647266373463455e-05,5.3404123179077966e-05,1.3561307703088848e-05,1.356106450736397e-05,0.009050507713675998,0.0004595067808966853,0.0004595067808966853,0.0,4.554030910253373e-06,3.413929429850853e-05,0.009050507713675998,0.0037043930917515927,0.4340321749799801,0.4340321749799801,0.9469173443918719,0.9469173443918719,0.11889463835692596,0.12162830669481768,1.4504821534651933,True,380,25039,344,64,197702,192,5.448319646995515
1443,PASS,WITNESS,3,37.75,5.34023e-05,2.670115e-05,0.721875,0.23550000000000001,0.7350000000000001,0.7350000000000001,1.6318941035735857,29.97891298216905,13.583421432721881,11.101664828022274,2.515077715685437,2.646039437515181e-05,2.646039437515181e-05,2.647266373463455e-05,2.647266373463455e-05,5.3404123179077966e-05,8.854255315815195e-06,8.322356595065313e-06,0.009050507713675998,0.0004595067808966853,0.0004595067808966853,0.0,0.009960221203017152,3.413929429850853e-05,0.009960221203017152,0.005500623521370653,0.4340321749799801,0.4340321749799801,0.9469173443918719,0.9469173443918719,0.11889463835692596,0.05004183524449213,1.5225916381942834,True,380,25039,344,64,197702,192,5.448319646995515
1443,PASS,WITNESS,4,37.75,5.34023e-05,2.670115e-05,0.721875,0.23550000000000001,0.6900000000000001,0.6900000000000001,1.5375695949424535,16.699285170420158,13.583421432721881,9.673767396421733,3.934385755040525,2.6201617534689124e-05,2.6201617534689124e-05,2.6368413885915018e-05,2.6368413885915018e-05,5.3404123179077966e-05,1.4105354268984372e-05,1.4105957332837544e-05,0.018741775917628656,0.006246785296734161,0.006246785296734161,0.0,-1.1292844187827969e-05,3.413929429850853e-05,0.018741775917628656,0.008458724398053357,0.3890340046068379,0.3890340046068379,0.9605606528216147,0.9605606528216147,0.11889463835692596,0.1134713228850088,1.426819054079242,True,380,25039,344,64,197702,192,5.448319646995515
1443,PASS,WITNESS,5,37.75,5.34023e-05,2.670115e-05,0.721875,0.23550000000000001,0.6900000000000001,0.6900000000000001,1.6004526006965416,16.699285170420158,13.583421432721881,8.429526299862482,3.4283445980090392,2.6201617534689124e-05,2.6201617534689124e-05,2.6368413885915018e-05,2.6368413885915018e-05,5.3404123179077966e-05,1.2043931335536972e-05,1.2010043831435375e-05,0.018741775917628656,0.006246785296734161,0.006246785296734161,0.0,0.0006345701234140987,3.413929429850853e-05,0.018741775917628656,0.008462689312176308,0.3890340046068379,0.3890340046068379,0.9605606528216147,0.9605606528216147,0.11889463835692596,0.05014275926107714,1.4900842886636805,True,380,25039,344,64,197702,192,5.448319646995515
1973,PASS,WITNESS,1,47.95833333333333,8.1363e-05,4.06815e-05,0.625375,0.22875000000000004,0.7875000000000001,0.7875000000000001,0.9794829180205185,100.0,96.6166293682109,24.50162100063738,11.83632017569477,4.088927366950741e-05,4.088927366950741e-05,4.036269989740572e-05,4.036269989740572e-05,8.13640794635771e-05,9.946427652435026e-06,9.946383999641125e-06,-0.005068173609388462,-0.012878041717194299,-0.012878041717194299,0.0,5.365189816088425e-07,1.3267077858213703e-05,0.012878041717194299,0.007717668872763142,0.49018489362617435,0.49018489362617435,0.9236045817059714,0.9236045817059714,0.16035315006797013,0.7314937950307463,0.9123839163725578,True,468,25273,318,64,215538,192,5.509156199987046
1973,PASS,WITNESS,2,47.95833333333333,8.1363e-05,4.06815e-05,0.625375,0.22875000000000004,0.7875000000000001,0.7875000000000001,1.655475228672397,100.0,96.6166293682109,9.030242338214908,4.362357885482179,4.088927366950741e-05,4.088927366950741e-05,4.036269989740572e-05,4.036269989740572e-05,8.13640794635771e-05,3.4181139236643505e-06,3.088111523072291e-06,-0.005068173609388462,-0.012878041717194299,-0.012878041717194299,0.0,0.004055927148606363,1.3267077858213703e-05,0.012878041717194299,0.007893299075002923,0.49018489362617435,0.49018489362617435,0.9236045817059714,0.9236045817059714,0.16035315006797013,0.054737922467623545,1.591647085572738,True,468,25273,318,64,215538,192,5.509156199987046
1973,PASS,WITNESS,3,47.95833333333333,8.1363e-05,4.06815e-05,0.625375,0.22875000000000004,0.7875000000000001,0.7875000000000001,0.5,100.0,96.6166293682109,28.118185288693464,13.583421432721881,4.088927366950741e-05,4.088927366950741e-05,4.036269989740572e-05,4.036269989740572e-05,8.13640794635771e-05,1.1915289481727636e-05,1.0736059849424868e-05,-0.005068173609388462,-0.012878041717194299,-0.012878041717194299,0.0,0.014493438446256507,1.3267077858213703e-05,0.014493438446256507,0.009724832772214956,0.49018489362617435,0.49018489362617435,0.9236045817059714,0.9236045817059714,0.16035315006797013,1.2103943434931586,0.43270290415764845,True,468,25273,318,64,215538,192,5.509156199987046
1973,PASS,WITNESS,4,47.95833333333333,8.1363e-05,4.06815e-05,0.625375,0.22875000000000004,0.675,0.675,0.6414867626945793,21.99291635552426,96.6166293682109,10.012528339769037,21.99291635552426,3.995846140229825e-05,3.995846140229825e-05,4.0644917249705524e-05,4.0644917249705524e-05,8.13640794635771e-05,1.9202986588928365e-05,1.9201881979086974e-05,0.017786186097372703,0.016873906994758617,0.016873906994758617,0.0,1.3576316524597518e-05,1.3267077858213703e-05,0.017786186097372703,0.012150488678496479,0.3776847749476754,0.3776847749476754,0.9652778711807709,0.9652778711807709,0.16035315006797013,0.9964423864983916,0.573332995997893,True,468,25273,318,64,215538,192,5.509156199987046
1973,PASS,WITNESS,5,47.95833333333333,8.1363e-05,4.06815e-05,0.625375,0.22875000000000004,0.675,0.675,1.5768714716198529,21.99291635552426,96.6166293682109,3.5653340614050806,7.831397937775255,3.995846140229825e-05,3.995846140229825e-05,4.0644917249705524e-05,4.0644917249705524e-05,8.13640794635771e-05,6.786136000119198e-06,6.405597441920019e-06,0.017786186097372703,0.016873906994758617,0.016873906994758617,0.0,0.004677046792758125,1.3267077858213703e-05,0.017786186097372703,0.012299599134002331,0.3776847749476754,0.3776847749476754,0.9652778711807709,0.9652778711807709,0.16035315006797013,0.05003092211763069,1.5118319573023131,True,468,25273,318,64,215538,192,5.509156199987046
2018,PASS,WITNESS,1,37.75,8.33163e-05,4.165815e-05,0.631875,0.21750000000000003,0.6525000000000001,0.6525000000000001,0.6100452598735616,17.88933168952953,87.13798827725083,9.673767396421722,23.560204612887244,4.111122834895168e-05,4.111122834895168e-05,4.213262876054865e-05,4.213262876054865e-05,8.330679686516456e-05,2.3478185536413362e-05,2.3479089561810842e-05,0.01301474222044425,0.024242503770696786,0.024242503770696786,0.0,-1.0850522616576576e-05,-0.00011406093207975443,0.024242503770696786,0.014971053296496199,0.360743320066467,0.360743320066467,0.9705069991838771,0.9705069991838771,0.1464088910065068,1.010808834339439,0.5391973923534105,True,491,25761,314,64,217383,192,5.550901178037748
2018,PASS,WITNESS,2,37.75,8.33163e-05,4.165815e-05,0.631875,0.21750000000000003,0.6525000000000001,0.6525000000000001,1.5611507202093442,17.88933168952953,87.13798827725083,3.9531617196464905,9.627820803005408,4.111122834895168e-05,4.111122834895168e-05,4.213262876054865e-05,4.213262876054865e-05,8.330679686516456e-05,9.246885969271613e-06,9.513946688460714e-06,0.01301474222044425,0.024242503770696786,0.024242503770696786,0.0,-0.0032053838107201213,-0.00011406093207975443,0.024242503770696786,0.015028134661801086,0.360743320066467,0.360743320066467,0.9705069991838771,0.9705069991838771,0.1464088910065068,0.050751667967839864,1.4922329310064535,True,491,25761,314,64,217383,192,5.550901178037748
2018,PASS,WITNESS,3,37.75,8.33163e-05,4.165815e-05,0.631875,0.21750000000000003,0.6525000000000001,0.6525000000000001,0.5,17.88933168952953,87.13798827725083,6.624701987446946,16.13428646024545,4.111122834895168e-05,4.111122834895168e-05,4.213262876054865e-05,4.213262876054865e-05,8.330679686516456e-05,1.6669015653447193e-05,1.5009649492294446e-05,0.01301474222044425,0.024242503770696786,0.024242503770696786,0.0,0.01991646485925019,-0.00011406093207975443,0.024242503770696786,0.017036529750289936,0.360743320066467,0.360743320066467,0.9705069991838771,0.9705069991838771,0.1464088910065068,1.1176950832095838,0.42974191516993854,True,491,25761,314,64,217383,192,5.550901178037748
2018,PASS,WITNESS,4,37.75,8.33163e-05,4.165815e-05,0.631875,0.21750000000000003,0.6000000000000001,0.6000000000000001,0.7908339010944128,10.675109817635912,87.13798827725083,4.3831762501154445,17.88933168952953,4.061087012828506e-05,4.061087012828506e-05,4.1352237158100795e-05,4.1352237158100795e-05,8.330679686516456e-05,1.7904060266577404e-05,1.790336361548197e-05,0.02502579457554441,0.01779644630920316,0.01779644630920316,0.0,8.361522240343904e-06,-0.00011406093207975443,0.02502579457554441,0.01448982675547072,0.3082770840994001,0.3082770840994001,0.9805890055097359,0.9805890055097359,0.1464088910065068,0.7796267598143545,0.7201993383962597,True,491,25761,314,64,217383,192,5.550901178037748
2018,PASS,WITNESS,5,37.75,8.33163e-05,4.165815e-05,0.631875,0.21750000000000003,0.6000000000000001,0.6000000000000001,1.5061280902725633,10.675109817635912,87.13798827725083,1.986013644144742,8.10564184342366,4.061087012828506e-05,4.061087012828506e-05,4.1352237158100795e-05,4.1352237158100795e-05,8.330679686516456e-05,8.189728823798998e-06,7.535895175526995e-06,0.02502579457554441,0.01779644630920316,0.01779644630920316,0.0,0.007847607830304552,-0.00011406093207975443,0.02502579457554441,0.014839785236342056,0.3082770840994001,0.3082770840994001,0.9805890055097359,0.9805890055097359,0.1464088910065068,0.05049771740158834,1.4384457640228274,True,491,25761,314,64,217383,192,5.550901178037748
1951,PASS,NO_WITNESS,0,3.0416666666666665,8.1363e-05,4.06815e-05,,,,,,,,,,,,,,,,,,,,,,,,,,,,,,,,False,0,0,0,0,0,0,0.0052458340069279075
1855,PASS,WITNESS,1,11.208333333333332,7.52313e-05,3.761565e-05,0.6655,0.15625000000000003,0.465,0.465,0.7751131501741354,3.801270902863189,43.776917291767255,2.055560887532046,11.83632017569477,3.732519473871586e-05,3.732519473871586e-05,3.741953034919324e-05,3.741953034919324e-05,7.519961208058107e-05,2.0688941915632814e-05,2.0689784741635207e-05,0.007300453443571283,0.002507881971397001,0.002507881971397001,0.0,-1.1203129580281883e-05,-0.0004212065911254898,0.007300453443571283,0.003317958834112422,0.19863156554654354,0.19863156554654354,0.9920868828604278,0.9920868828604278,0.06904185636402152,0.6688549222737288,0.6903368080993335,True,684,16284,330,64,181666,192,5.400197556940839
1855,PASS,WITNESS,2,11.208333333333332,7.52313e-05,3.761565e-05,0.6655,0.15625000000000003,0.465,0.465,1.3882224562764942,3.801270902863189,43.776917291767255,1.6154500042515925,9.302075941475236,3.732519473871586e-05,3.732519473871586e-05,3.741953034919324e-05,3.741953034919324e-05,7.519961208058107e-05,1.5884729081928086e-05,1.659330292505036e-05,0.007300453443571283,0.002507881971397001,0.002507881971397001,0.0,-0.009418604266073768,-0.0004212065911254898,0.009418604266073768,0.005078764379912016,0.19863156554654354,0.19863156554654354,0.9920868828604278,0.9920868828604278,0.06904185636402152,0.05098587594882009,1.3046156314689659,True,684,16284,330,64,181666,192,5.400197556940839
1855,PASS,WITNESS,3,11.208333333333332,7.52313e-05,3.761565e-05,0.627,0.15500000000000003,0.39,0.39,1.12096968182162,2.694310506208873,90.1894309986364,0.8998611896168209,15.060990276041606,3.700630823545668e-05,3.700630823545668e-05,3.76870543108849e-05,3.76870543108849e-05,7.523576155049753e-05,1.4072971471345278e-05,1.4071453157895612e-05,0.016257495828804827,0.018063127720534047,0.018063127720534047,0.0,2.018193823137189e-05,5.930092824978031e-05,0.018063127720534047,0.012361656177005433,0.12410452796496137,0.12410452796496137,0.9969490220387435,0.9969490220387435,0.08597365953012814,0.22804867842161836,1.0523836781421154,True,684,16284,330,64,181666,192,5.400197556940839
1855,PASS,WITNESS,4,11.208333333333332,7.52313e-05,3.761565e-05,0.627,0.15500000000000003,0.39,0.39,1.301758323364623,2.694310506208873,90.1894309986364,0.9639882864030959,16.13428646024545,3.700630823545668e-05,3.700630823545668e-05,3.76870543108849e-05,3.76870543108849e-05,7.523576155049753e-05,1.4520942043862265e-05,1.567966959305235e-05,0.016257495828804827,0.018063127720534047,0.018063127720534047,0.0,-0.015402200270234414,5.930092824978031e-05,0.018063127720534047,0.01386897392554545,0.12410452796496137,0.12410452796496137,0.9969490220387435,0.9969490220387435,0.08597365953012814,0.05018193943294702,1.2328461812803044,True,684,16284,330,64,181666,192,5.400197556940839
1855,PASS,WITNESS,5,11.208333333333332,7.52313e-05,3.761565e-05,0.627,0.15500000000000003,0.39,0.39,0.5,2.694310506208873,90.1894309986364,1.0688483957922625,17.88933168952953,3.700630823545668e-05,3.700630823545668e-05,3.76870543108849e-05,3.76870543108849e-05,7.523576155049753e-05,1.6793068928816576e-05,1.5307957232903752e-05,0.016257495828804827,0.018063127720534047,0.018063127720534047,0.0,0.01974060923994167,5.930092824978031e-05,0.01974060923994167,0.014756662373791366,0.12410452796496137,0.12410452796496137,0.9969490220387435,0.9969490220387435,0.08597365953012814,0.8535538261061132,0.4315224684684773,True,684,16284,330,64,181666,192,5.400197556940839
1952,PASS,NO_WITNESS,0,5.083333333333333,8.1363e-05,4.06815e-05,,,,,,,,,,,,,,,,,,,,,,,,,,,,,,,,False,1366,0,0,0,0,0,1.3465443189488724
885,PASS,WITNESS,1,21.416666666666664,3.10283e-05,1.551415e-05,0.6593125,0.23250000000000004,0.6729166666666667,0.6729166666666667,0.6729282658237422,7.831397937775255,20.529888333673995,8.429526299862482,11.048936282958636,1.542248047368235e-05,1.542248047368235e-05,1.5560175080078538e-05,1.5560175080078538e-05,3.103336562822943e-05,1.665882513156487e-05,1.6657976453666828e-05,0.006071036030115369,0.008849168193002854,0.008849168193002854,0.0,2.735173689959225e-05,0.00016323167426018543,0.008849168193002854,0.005678914605686239,0.3738343813129814,0.3738343813129814,0.9621390091058335,0.9621390091058335,0.14962480835835507,0.9626293659922653,0.5916234874186083,True,477,28560,383,64,185252,192,5.6106127430684865
885,PASS,WITNESS,2,21.416666666666664,3.10283e-05,1.551415e-05,0.6593125,0.23250000000000004,0.6729166666666667,0.6729166666666667,1.5768714735387586,7.831397937775255,20.529888333673995,3.9531617196464928,5.181576093702661,1.542248047368235e-05,1.542248047368235e-05,1.5560175080078538e-05,1.5560175080078538e-05,3.103336562822943e-05,7.5578774143052e-06,7.195643041570566e-06,0.006071036030115369,0.008849168193002854,0.008849168193002854,0.0,0.01167432223920207,0.00016323167426018543,0.01167432223920207,0.007413832547107193,0.3738343813129814,0.3738343813129814,0.9621390091058335,0.9621390091058335,0.14962480835835507,0.05069327530447812,1.4991171206658025,True,477,28560,383,64,185252,192,5.6106127430684865
885,PASS,WITNESS,3,21.416666666666664,3.10283e-05,1.551415e-05,0.6769375,0.23000000000000004,0.46708333333333335,0.46708333333333335,0.507860375719261,1.4500451549353548,15.58840375050076,1.791174405209428,9.627820803005408,1.543149336856681e-05,1.543149336856681e-05,1.5639148901495653e-05,1.5639148901495653e-05,3.101712788537053e-05,1.8571518151996596e-05,1.857231001340892e-05,0.004967760020268906,0.01327793054703785,0.01327793054703785,0.0,-2.5520618671493555e-05,-0.00036006209265319433,0.01327793054703785,0.007931118194128818,0.16963559491639563,0.16963559491639563,0.9656267486874424,0.9656267486874424,0.13880667193092405,0.9333639464862994,0.4187493805916415,True,477,28560,383,64,185252,192,5.6106127430684865
885,PASS,WITNESS,4,21.416666666666664,3.10283e-05,1.551415e-05,0.6593125,0.23250000000000004,0.7916666666666667,0.7916666666666667,1.6318941035735857,40.86475886435667,20.529888333673995,18.60415188295049,4.673233995671801,1.5828146996662907e-05,1.5828146996662907e-05,1.5587325366463974e-05,1.5587325366463974e-05,3.103336562822943e-05,6.385023914635586e-06,6.384857779788159e-06,-0.019677867700739756,-0.015214770891987963,-0.015214770891987963,0.0,5.354300668339514e-06,0.00016323167426018543,0.019677867700739756,0.011903946524067854,0.4925906811632973,0.4925906811632973,0.9214090988473035,0.9214090988473035,0.14962480835835507,0.08170599278484326,1.5542581720627682,True,477,28560,383,64,185252,192,5.6106127430684865
885,PASS,WITNESS,5,21.416666666666664,3.10283e-05,1.551415e-05,0.6593125,0.23250000000000004,0.7916666666666667,0.7916666666666667,1.6633356064506297,40.86475886435667,20.529888333673995,16.778978725355156,4.2147631499312395,1.5828146996662907e-05,1.5828146996662907e-05,1.5587325366463974e-05,1.5587325366463974e-05,3.103336562822943e-05,5.663117405285425e-06,5.64304729650394e-06,-0.019677867700739756,-0.015214770891987963,-0.015214770891987963,0.0,0.0006468323685630503,0.00016323167426018543,0.019677867700739756,0.011906874908581793,0.4925906811632973,0.4925906811632973,0.9214090988473035,0.9214090988473035,0.14962480835835507,0.05004273907739515,1.5858611864869214,True,477,28560,383,64,185252,192,5.6106127430684865
1357,PASS,WITNESS,1,15.291666666666666,4.97485e-05,2.487425e-05,0.6634375,0.1975,0.7275,0.7275,1.286037571926101,25.23918303639099,29.97891298216905,13.186474512927688,7.831397937775255,2.4864130595567774e-05,2.4864130595567774e-05,2.4751532103104648e-05,2.4751532103104648e-05,4.9748307850173825e-05,1.2606863859352396e-05,1.2606263453262943e-05,0.00040296006991721026,-0.004526709045021528,-0.004526709045021528,0.0,1.206882799387052e-05,-3.862424518820994e-06,0.004526709045021528,0.0026186741858377945,0.44540210093814836,0.44540210093814836,0.9494166981284302,0.9494166981284302,0.11180973458502562,0.3908262452283314,1.2049694285578711,True,548,26433,359,64,177243,192,5.373968538013287
1357,PASS,WITNESS,2,15.291666666666666,4.97485e-05,2.487425e-05,0.6875,0.195,0.5025000000000001,0.5025000000000001,1.0502263003482708,3.092004485616841,20.529888333673995,2.441579859697595,8.10564184342366,2.4946721790144175e-05,2.4946721790144175e-05,2.5156883688835805e-05,2.5156883688835805e-05,4.9803006671438484e-05,1.932817841463831e-05,1.932759610595766e-05,-0.001812601062589219,0.008354051371827759,0.008354051371827759,0.0,1.170505001460053e-05,0.0010944453976057564,0.008354051371827759,0.004900064948462594,0.22167472790266773,0.22167472790266773,0.979860820492062,0.979860820492062,0.09693939993212607,0.4287890385281577,0.9566876181145819,True,548,26433,359,64,177243,192,5.373968538013287
1357,PASS,WITNESS,3,15.291666666666666,4.97485e-05,2.487425e-05,0.6634375,0.1975,0.7275,0.7275,1.6240337278543246,25.23918303639099,29.97891298216905,6.6247019874469455,3.934385755040525,2.4864130595567774e-05,2.4864130595567774e-05,2.4751532103104648e-05,2.4751532103104648e-05,4.9748307850173825e-05,6.1385615738597285e-06,5.551040975175917e-06,0.00040296006991721026,-0.004526709045021528,-0.004526709045021528,0.0,0.011809815344860884,-3.862424518820994e-06,0.011809815344860884,0.005486594568773085,0.44540210093814836,0.44540210093814836,0.9494166981284302,0.9494166981284302,0.11180973458502562,0.05042301131281607,1.5448330203356933,True,548,26433,359,64,177243,192,5.373968538013287
1357,PASS,WITNESS,4,15.291666666666666,4.97485e-05,2.487425e-05,0.6875,0.195,0.5025000000000001,0.5025000000000001,1.4275243348727993,3.092004485616841,20.529888333673995,2.1275435719230074,7.063093239318447,2.4946721790144175e-05,2.4946721790144175e-05,2.5156883688835805e-05,2.5156883688835805e-05,4.9803006671438484e-05,1.6202891729754455e-05,1.6872774516942918e-05,-0.001812601062589219,0.008354051371827759,0.008354051371827759,0.0,-0.013465386638561219,0.0010944453976057564,0.013465386638561219,0.007364105731097039,0.22167472790266773,0.22167472790266773,0.979860820492062,0.979860820492062,0.09693939993212607,0.05046317495888675,1.334800884917584,True,548,26433,359,64,177243,192,5.373968538013287
1357,PASS,WITNESS,5,15.291666666666666,4.97485e-05,2.487425e-05,0.6634375,0.1975,0.66,0.66,1.0345055489097488,11.048936282958636,29.97891298216905,6.85668919601808,9.302075941475236,2.4535288048096e-05,2.4535288048096e-05,2.461373382215297e-05,2.461373382215297e-05,4.9748307850173825e-05,1.527208038101151e-05,1.5272196371520125e-05,0.013623159572285083,0.0031536940433166123,0.0031536940433166123,0.0,-2.3315378074440046e-06,-3.862424518820994e-06,0.013623159572285083,0.005852094629618182,0.37793375842772625,0.37793375842772625,0.9672383231992794,0.9672383231992794,0.11180973458502562,0.5907515627731137,0.9521652313727088,True,548,26433,359,64,177243,192,5.373968538013287
41,PASS,WITNESS,1,33.666666666666664,1.0316e-05,5.158e-06,0.88,0.29,0.772,0.772,0.8537169073667454,9.302075941475236,0.6800219602307699,22.871707189971563,0.8360103301135827,5.181159056836773e-06,5.181159056836773e-06,5.154199128828656e-06,5.154199128828656e-06,1.0315788361217433e-05,1.1936899757805909e-05,1.1936441274802686e-05,-0.0044902841184459065,-0.005203455001548836,-0.005203455001548836,0.0,3.840888442770255e-05,-2.051558574713834e-05,0.005203455001548836,0.0035193852565070754,0.4329996276701766,0.4329996276701766,0.9289384136809034,0.9289384136809034,0.07445567210881951,0.8492537836343953,0.6471103462355555,True,1655,42589,313,64,101261,154,5.176415001042187
41,PASS,WITNESS,2,33.666666666666664,1.0316e-05,5.158e-06,0.676,0.2885,0.5860000000000001,0.5860000000000001,0.523581127157783,0.7539929598192622,6.370163603444466,0.9313729898270452,3.934385755040525,5.124066847263678e-06,5.124066847263678e-06,5.166832116521749e-06,5.166832116521749e-06,1.0317196500615133e-05,6.038571719225209e-06,6.038462444337836e-06,0.006693950830892727,0.00827688384171066,0.00827688384171066,0.0,1.0592757597194546e-05,0.00011597148654293877,0.00827688384171066,0.0055050908496432635,0.24837627126045939,0.24837627126045939,0.9152413844182865,0.9152413844182865,0.20359585107177258,0.9864914684630107,0.43939917645477755,True,1655,42589,313,64,101261,154,5.176415001042187
41,PASS,WITNESS,3,33.666666666666664,1.0316e-05,5.158e-06,0.751,0.289,0.6996666666666668,0.6996666666666668,1.231014941891274,2.9873905139168784,2.429983314886263,1.3600439204615395,0.5531389382871281,5.233823266199817e-06,5.233823266199817e-06,5.167950279415255e-06,5.167950279415255e-06,1.0313361789868417e-05,2.9793283219815174e-06,2.9793568804731938e-06,-0.01473920064588275,-0.01258601665248652,-0.01258601665248652,0.0,-2.768368716209e-06,-0.0002557396405180426,0.01473920064588275,0.009435085907227024,0.36151010354243424,0.36151010354243424,0.9392463588731239,0.9392463588731239,0.16479059045729288,0.38978776677248195,1.079732872571623,True,1655,42589,313,64,101261,154,5.176415001042187
41,PASS,WITNESS,4,33.666666666666664,1.0316e-05,5.158e-06,0.88,0.29,0.772,0.772,0.5,9.302075941475236,0.6800219602307699,11.490428615257592,0.42,5.181159056836773e-06,5.181159056836773e-06,5.154199128828656e-06,5.154199128828656e-06,1.0315788361217433e-05,6.4441722686165805e-06,6.271551733587895e-06,-0.0044902841184459065,-0.005203455001548836,-0.005203455001548836,0.0,0.016733281798050205,-2.051558574713834e-05,0.016733281798050205,0.007684591509343785,0.4329996276701766,0.4329996276701766,0.9289384136809034,0.9289384136809034,0.07445567210881951,1.2011177072381378,0.27555312319337344,True,1655,42589,313,64,101261,154,5.176415001042187
41,PASS,WITNESS,5,33.666666666666664,1.0316e-05,5.158e-06,0.751,0.289,0.6996666666666668,0.6996666666666668,0.5,2.9873905139168784,2.429983314886263,1.4569651669019594,0.5925574559886195,5.233823266199817e-06,5.233823266199817e-06,5.167950279415255e-06,5.167950279415255e-06,1.0313361789868417e-05,3.2261447275660603e-06,2.9255908770766305e-06,-0.01473920064588275,-0.01258601665248652,-0.01258601665248652,0.0,0.029134727655043605,-0.0002557396405180426,0.029134727655043605,0.015181992756388632,0.36151010354243424,0.36151010354243424,0.9392463588731239,0.9392463588731239,0.16479059045729288,1.1213439737177948,0.35465181853762606,True,1655,42589,313,64,101261,154,5.176415001042187
1408,PASS,WITNESS,1,17.333333333333332,5.23162e-05,2.61581e-05,0.7474999999999999,0.2,0.555,0.555,0.5393018785963051,4.515121169107457,10.313931287154782,5.388621012417748,6.154637358888604,2.615116881864743e-05,2.615116881864743e-05,2.5953086324378734e-05,2.5953086324378734e-05,5.2290152515389494e-05,3.0455665531390464e-05,3.0455896538552875e-05,-0.00023291297734481122,-0.007572510781314267,-0.007572510781314267,0.0,-4.415595215456925e-06,-0.0004978856379191353,0.007572510781314267,0.004377746702113324,0.27173110232817516,0.27173110232817516,0.9793893630272675,0.9793893630272675,0.06945341080858236,0.99874915983698,0.4127791086343098,True,443,23810,348,64,185713,192,5.417833014973439
1408,PASS,WITNESS,2,17.333333333333332,5.23162e-05,2.61581e-05,0.7474999999999999,0.2,0.555,0.555,1.4746865891883654,4.515121169107457,10.313931287154782,2.615574948918986,2.9873905139168784,2.615116881864743e-05,2.615116881864743e-05,2.5953086324378734e-05,2.5953086324378734e-05,5.2290152515389494e-05,1.395235751299901e-05,1.4280081697295287e-05,-0.00023291297734481122,-0.007572510781314267,-0.007572510781314267,0.0,-0.006264296418628951,-0.0004978856379191353,0.007572510781314267,0.005069999790436401,0.27173110232817516,0.27173110232817516,0.9793893630272675,0.9793893630272675,0.06945341080858236,0.050046806370124486,1.3492417513070658,True,443,23810,348,64,185713,192,5.417833014973439
1408,PASS,WITNESS,3,17.333333333333332,5.23162e-05,2.61581e-05,0.7474999999999999,0.2,0.6075,0.6075,0.8065546530511795,7.063093239318447,10.313931287154782,7.345319639001941,5.363027180295652,2.649455488431649e-05,2.649455488431649e-05,2.6220651895489267e-05,2.6220651895489267e-05,5.2290152515389494e-05,2.6782147206379382e-05,2.6783780744977798e-05,-0.013190583051788456,-0.010338086071767222,-0.010338086071767222,0.0,-3.122433583508868e-05,-0.0004978856379191353,0.013190583051788456,0.008041479896638618,0.3241472262990873,0.3241472262990873,0.9762555575860028,0.9762555575860028,0.06945341080858236,0.7781465344097518,0.6801864915036081,True,443,23810,348,64,185713,192,5.417833014973439
1408,PASS,WITNESS,4,17.333333333333332,5.23162e-05,2.61581e-05,0.725,0.1985,0.44250000000000006,0.44250000000000006,0.8301357802089624,2.347767973053025,13.123843941175021,2.441579859697595,6.824122616963465,2.6013066304739043e-05,2.6013066304739043e-05,2.6377569588173504e-05,2.6377569588173504e-05,5.232575107689733e-05,2.6629511174324368e-05,2.6629906698444185e-05,0.005726023253425029,0.013818683416454236,0.013818683416454236,0.0,-7.560260871725318e-06,0.00018253109990326393,0.013818683416454236,0.008313971571869399,0.16004613948197882,0.16004613948197882,0.9846080044527863,0.9846080044527863,0.080148674895875,0.5990061789977482,0.716631186100599,True,443,23810,348,64,185713,192,5.417833014973439
1408,PASS,WITNESS,5,17.333333333333332,5.23162e-05,2.61581e-05,0.725,0.1985,0.44250000000000006,0.44250000000000006,1.3725017048379722,2.347767973053025,13.123843941175021,1.7305723364194487,4.8368836982108645,2.6013066304739043e-05,2.6013066304739043e-05,2.6377569588173504e-05,2.6377569588173504e-05,5.232575107689733e-05,1.8664353292043047e-05,1.8587655576252162e-05,0.005726023253425029,0.013818683416454236,0.013818683416454236,0.0,0.0014660414133840902,0.00018253109990326393,0.013818683416454236,0.008335485989184313,0.16004613948197882,0.16004613948197882,0.9846080044527863,0.9846080044527863,0.080148674895875,0.05078096374322416,1.2594971081903534,True,443,23810,348,64,185713,192,5.417833014973439
1903,PASS,WITNESS,1,7.125,7.83193e-05,3.915965e-05,0.62575,0.11898057845214277,0.5025000000000001,0.5025000000000001,0.8537169073667454,5.006264169884518,100.0,1.5607933432365078,15.58840375050076,3.963466109875106e-05,3.963466109875106e-05,3.9499832283700646e-05,3.9499832283700646e-05,7.852231511225487e-05,1.3659919490040867e-05,1.3659497301412379e-05,-0.009423659298941109,-0.003401790536684123,-0.003401790536684123,0.0,5.390607787464325e-06,0.0025854448122758617,0.009423659298941109,0.004446614184399988,0.249950355543963,0.249950355543963,0.9918174103985236,0.9918174103985236,0.05051191813841184,0.6129823690398859,0.7857691962137502,True,739,1867,304,64,196488,192,5.388767852913588
1903,PASS,WITNESS,2,7.125,7.83193e-05,3.915965e-05,0.62575,0.11898057845214277,0.5025000000000001,0.5025000000000001,1.4039432077150162,5.006264169884518,100.0,1.1851149119772388,11.83632017569477,3.963466109875106e-05,3.963466109875106e-05,3.9499832283700646e-05,3.9499832283700646e-05,7.852231511225487e-05,1.0432403919611021e-05,1.070984523840084e-05,-0.009423659298941109,-0.003401790536684123,-0.003401790536684123,0.0,-0.0035424386937806984,0.0025854448122758617,0.009423659298941109,0.004675879758041713,0.249950355543963,0.249950355543963,0.9918174103985236,0.9918174103985236,0.05051191813841184,0.05005656750915055,1.3364050560616771,True,739,1867,304,64,196488,192,5.388767852913588
1903,PASS,WITNESS,3,7.125,7.83193e-05,3.915965e-05,0.6271875,0.12188626519251694,0.6375000000000001,0.6375000000000001,0.7200905201393083,14.059092644346745,96.6166293682109,4.383176250115449,15.060990276041606,3.874469514960179e-05,3.874469514960179e-05,3.8681495380951135e-05,3.8681495380951135e-05,7.843050954819452e-05,1.3174771031610779e-05,1.3174760492364775e-05,0.011999402457185903,-0.001613900242996378,-0.001613900242996378,0.0,1.345676736532552e-07,0.0014179373414141478,0.011999402457185903,0.005020052350996812,0.38396061201713827,0.38396061201713827,0.9733905218078485,0.9733905218078485,0.05281780374541538,0.8797534023201127,0.6517293627658184,True,739,1867,304,64,196488,192,5.388767852913588
1903,PASS,WITNESS,4,7.125,7.83193e-05,3.915965e-05,0.6271875,0.12188626519251694,0.6375000000000001,0.6375000000000001,1.5375695949424535,14.059092644346745,96.6166293682109,2.055560887532047,7.063093239318447,3.874469514960179e-05,3.874469514960179e-05,3.8681495380951135e-05,3.8681495380951135e-05,7.843050954819452e-05,6.214750107455082e-06,5.765207156615975e-06,0.011999402457185903,-0.001613900242996378,-0.001613900242996378,0.0,0.005739874473330419,0.0014179373414141478,0.011999402457185903,0.005540031777766463,0.38396061201713827,0.38396061201713827,0.9733905218078485,0.9733905218078485,0.05281780374541538,0.05000980309038644,1.4724294313679833,True,739,1867,304,64,196488,192,5.388767852913588
1903,PASS,WITNESS,5,7.125,7.83193e-05,3.915965e-05,0.6271875,0.12188626519251694,0.6375000000000001,0.6375000000000001,0.5,14.059092644346745,96.6166293682109,3.953161719646491,13.583421432721881,3.874469514960179e-05,3.874469514960179e-05,3.8681495380951135e-05,3.8681495380951135e-05,7.843050954819452e-05,1.230944930072746e-05,1.1140408510940277e-05,0.011999402457185903,-0.001613900242996378,-0.001613900242996378,0.0,0.014926599060348903,0.0014179373414141478,0.014926599060348903,0.007895240265826747,0.38396061201713827,0.38396061201713827,0.9733905218078485,0.9733905218078485,0.05281780374541538,1.0968066754326893,0.432005697646317,True,739,1867,304,64,196488,192,5.388767852913588
751,PASS,WITNESS,1,3.0416666666666665,2.85799e-05,1.428995e-05,0.5884375,0.12,0.4908333333333334,0.4908333333333334,0.9559017917171386,1.5008235791471873,81.34133463857795,0.6832672109640558,18.51578947279603,1.4231198549921377e-05,1.4231198549921377e-05,1.4335734800292453e-05,1.4335734800292453e-05,2.8604509027778572e-05,7.685909379890848e-06,7.685575679534885e-06,0.004968165256666704,0.007292005036877752,0.007292005036877752,0.0,1.167605050971893e-05,0.0008603198801515329,0.007292005036877752,0.004686321008346003,0.2420581839207276,0.2420581839207276,0.9631761424750866,0.9631761424750866,0.06428883327215998,0.46499252612030173,0.899984401317734,True,1064,10803,389,64,119408,185,5.195226066047326
751,PASS,WITNESS,2,3.0416666666666665,2.85799e-05,1.428995e-05,0.58675,0.121,0.6333333333333334,0.6333333333333334,0.515720751438522,4.515121169107457,84.18978717274649,2.2791593923717355,21.24881448247751,1.4296105953946729e-05,1.4296105953946729e-05,1.413052444844067e-05,1.413052444844067e-05,2.8543904289895678e-05,7.867118341458262e-06,7.866653316793877e-06,-0.0016895376319046912,-0.01158228024046967,-0.01158228024046967,0.0,1.627103889044821e-05,-0.0012594764188930798,0.01158228024046967,0.0067421499308903034,0.38390786022782075,0.38390786022782075,0.9636267362772322,0.9636267362772322,0.06573739843845001,1.0661898750500067,0.4603208981930102,True,1064,10803,389,64,119408,185,5.195226066047326
751,PASS,WITNESS,3,3.0416666666666665,2.85799e-05,1.428995e-05,0.5884375,0.12,0.4908333333333334,0.4908333333333334,1.3646413291187112,1.5008235791471873,81.34133463857795,0.5752412107317987,15.58840375050076,1.4231198549921377e-05,1.4231198549921377e-05,1.4335734800292453e-05,1.4335734800292453e-05,2.8604509027778572e-05,6.458071041132256e-06,6.7998609278239286e-06,0.004968165256666704,0.007292005036877752,0.007292005036877752,0.0,-0.011959100161010797,0.0008603198801515329,0.011959100161010797,0.006767441267945165,0.2420581839207276,0.2420581839207276,0.9631761424750866,0.9631761424750866,0.06428883327215998,0.05065752250227984,1.3086064272256595,True,1064,10803,389,64,119408,185,5.195226066047326
751,PASS,WITNESS,4,3.0416666666666665,2.85799e-05,1.428995e-05,0.58675,0.121,0.6333333333333334,0.6333333333333334,1.5218488435039315,4.515121169107457,84.18978717274649,1.456965166901959,13.583421432721881,1.4296105953946729e-05,1.4296105953946729e-05,1.413052444844067e-05,1.413052444844067e-05,2.8543904289895678e-05,5.203600069903166e-06,5.730209332587449e-06,-0.0016895376319046912,-0.01158228024046967,-0.01158228024046967,0.0,-0.0184258609261853,-0.0012594764188930798,0.0184258609261853,0.010101580736597948,0.38390786022782075,0.38390786022782075,0.9636267362772322,0.9636267362772322,0.06573739843845001,0.050835976413699135,1.4663736689711266,True,1064,10803,389,64,119408,185,5.195226066047326
751,PASS,WITNESS,5,3.0416666666666665,2.85799e-05,1.428995e-05,0.58675,0.123,0.8391666666666667,0.8391666666666667,1.0580866760675318,84.18978717274649,84.18978717274649,17.974704471849286,8.987352235924643,1.4187131943145925e-05,1.4187131943145925e-05,1.4462560865960517e-05,1.4462560865960517e-05,2.8599267242303795e-05,3.1587587972330455e-06,3.1586417681934967e-06,0.0078674517813912,0.019044270607901065,0.019044270607901065,0.0,4.09480227533574e-06,0.0006771936546383612,0.019044270607901065,0.01145806769282189,0.5889170650730555,0.5889170650730555,0.8920681818196848,0.8920681818196848,0.06773261173899495,0.672829002536411,1.0040559177649204,True,1064,10803,389,64,119408,185,5.195226066047326
626,PASS,WITNESS,1,3.0416666666666665,2.23566e-05,1.11783e-05,0.645,0.1375,0.6029166666666668,0.6029166666666668,0.5393018785963051,2.603151995812593,20.529888333673995,2.5270803542448275,9.964972765002278,1.0869750279492169e-05,1.0869750279492169e-05,1.1113686504764272e-05,1.1113686504764272e-05,2.2360957744271358e-05,1.0885640631294905e-05,1.0883925119103382e-05,0.027792064740439448,0.02182230082142216,0.02182230082142216,0.0,7.673403789138231e-05,0.000194881825778488,0.027792064740439448,0.016955177949801708,0.34946391808896765,0.34946391808896765,0.9574710984168436,0.9574710984168436,0.061417194224355834,1.0202831385444386,0.46519130178477575,True,870,16197,384,64,110690,187,5.142986080027185
626,PASS,WITNESS,2,3.0416666666666665,2.23566e-05,1.11783e-05,0.645,0.1375,0.6029166666666668,0.6029166666666668,1.5061280920654094,2.603151995812593,20.529888333673995,1.791174405209428,7.063093239318447,1.0869750279492169e-05,1.0869750279492169e-05,1.1113686504764272e-05,1.1113686504764272e-05,2.2360957744271358e-05,7.471968599581721e-06,8.087423765766278e-06,0.027792064740439448,0.02182230082142216,0.02182230082142216,0.0,-0.027529014527457537,0.000194881825778488,0.027792064740439448,0.02034170227470753,0.34946391808896765,0.34946391808896765,0.9574710984168436,0.9574710984168436,0.061417194224355834,0.05033753790871304,1.4339755819171278,True,870,16197,384,64,110690,187,5.142986080027185
626,PASS,WITNESS,3,3.0416666666666665,2.23566e-05,1.11783e-05,0.608875,0.13375,0.5745833333333334,0.5745833333333334,1.0816678032253149,2.045797781135994,40.86475886435667,1.2266158731958097,12.2508105003187,1.1540645687726154e-05,1.1540645687726154e-05,1.1164839421410062e-05,1.1164839421410062e-05,2.235374264638959e-05,7.517087758569898e-06,7.517754640307836e-06,-0.03152114486265228,-0.03256371233333798,-0.03256371233333798,0.0,-2.9829300427560093e-05,-0.00012780805714685673,0.03256371233333798,0.02278299994877658,0.32217785007137556,0.32217785007137556,0.958100507601399,0.958100507601399,0.07171826366835601,0.4329904828857507,1.0202342361976817,True,870,16197,384,64,110690,187,5.142986080027185
626,PASS,WITNESS,4,3.0416666666666665,2.23566e-05,1.11783e-05,0.608875,0.13375,0.5745833333333334,0.5745833333333334,1.4589658377498433,2.045797781135994,40.86475886435667,1.0688483957922617,10.675109817635912,1.1540645687726154e-05,1.1540645687726154e-05,1.1164839421410062e-05,1.1164839421410062e-05,2.235374264638959e-05,6.498797909046624e-06,6.732175056331255e-06,-0.03152114486265228,-0.03256371233333798,-0.03256371233333798,0.0,-0.010438847914469578,-0.00012780805714685673,0.03256371233333798,0.023178147668259944,0.32217785007137556,0.32217785007137556,0.958100507601399,0.958100507601399,0.07171826366835601,0.05028346751447088,1.397793660116007,True,870,16197,384,64,110690,187,5.142986080027185
626,PASS,WITNESS,5,3.0416666666666665,2.23566e-05,1.11783e-05,0.608875,0.13375,0.5745833333333334,0.5745833333333334,0.5,2.045797781135994,40.86475886435667,1.3600439204615384,13.583421432721881,1.1540645687726154e-05,1.1540645687726154e-05,1.1164839421410062e-05,1.1164839421410062e-05,2.235374264638959e-05,8.31847228552778e-06,7.6105341816717094e-06,-0.03152114486265228,-0.03256371233333798,-0.03256371233333798,0.0,0.03166573199216653,-0.00012780805714685673,0.03256371233333798,0.02619512745024755,0.32217785007137556,0.32217785007137556,0.958100507601399,0.958100507601399,0.07171826366835601,1.018097851587972,0.4385370402641428,True,870,16197,384,64,110690,187,5.142986080027185
1519,PASS,WITNESS,1,39.791666666666664,5.81993e-05,2.909965e-05,0.6365625,0.23250000000000004,0.5475000000000001,0.5475000000000001,1.0895281789445759,4.8368836982108645,55.703437880995246,2.127543571923008,12.2508105003187,2.8857859963565743e-05,2.8857859963565743e-05,2.9026668831236166e-05,2.9026668831236166e-05,5.817452921507441e-05,1.3194953252819326e-05,1.3195306621849997e-05,0.007883415916392848,0.00580106178838657,0.00580106178838657,0.0,-6.071705856800059e-06,-0.0004256199804050803,0.007883415916392848,0.0046481908934108565,0.24828933418014465,0.24828933418014465,0.9823916271244448,0.9823916271244448,0.15945249573211837,0.4239098307296785,1.0177302307015916,True,456,27067,344,64,207801,192,5.491357224062085
1519,PASS,WITNESS,2,39.791666666666664,5.81993e-05,2.909965e-05,0.6365625,0.23250000000000004,0.5475000000000001,0.5475000000000001,1.4589658377498433,4.8368836982108645,55.703437880995246,1.7305723364194479,9.964972765002278,2.8857859963565743e-05,2.8857859963565743e-05,2.9026668831236166e-05,2.9026668831236166e-05,5.817452921507441e-05,1.0641109116875991e-05,1.0732000410649377e-05,0.007883415916392848,0.00580106178838657,0.00580106178838657,0.0,-0.001561724862212877,-0.0004256199804050803,0.007883415916392848,0.00469171289206063,0.24828933418014465,0.24828933418014465,0.9823916271244448,0.9823916271244448,0.15945249573211837,0.05102824807141526,1.3879760109652746,True,456,27067,344,64,207801,192,5.491357224062085
1519,PASS,WITNESS,3,39.791666666666664,5.81993e-05,2.909965e-05,0.6365625,0.23250000000000004,0.6000000000000001,0.6000000000000001,0.5786037571926101,7.310432257371184,55.703437880995246,5.206303991625185,19.83528612105337,2.930369286223375e-05,2.930369286223375e-05,2.8804410973213205e-05,2.8804410973213205e-05,5.817452921507441e-05,2.1194898445226596e-05,2.1195360496760837e-05,-0.007385698987293039,-0.017038190079585964,-0.017038190079585964,0.0,-7.939125285708511e-06,-0.0004256199804050803,0.017038190079585964,0.010290202519099862,0.3007310828169414,0.3007310828169414,0.9781610555249862,0.9781610555249862,0.15945249573211837,0.9948051828084029,0.5059626081049147,True,456,27067,344,64,207801,192,5.491357224062085
1519,PASS,WITNESS,4,39.791666666666664,5.81993e-05,2.909965e-05,0.6365625,0.23250000000000004,0.6000000000000001,0.6000000000000001,1.5061280920654094,7.310432257371184,55.703437880995246,1.9860136441447425,7.566432719890026,2.930369286223375e-05,2.930369286223375e-05,2.8804410973213205e-05,2.8804410973213205e-05,5.817452921507441e-05,8.189728823798998e-06,7.5379487333762765e-06,-0.007385698987293039,-0.017038190079585964,-0.017038190079585964,0.0,0.011199105322963022,-0.0004256199804050803,0.017038190079585964,0.011260176910315717,0.3007310828169414,0.3007310828169414,0.9781610555249862,0.9781610555249862,0.15945249573211837,0.05049771560874225,1.4370620338579103,True,456,27067,344,64,207801,192,5.491357224062085
1519,PASS,WITNESS,5,39.791666666666664,5.81993e-05,2.909965e-05,0.6365625,0.23375000000000004,0.795,0.795,1.317479074803145,81.34133463857795,55.703437880995246,25.35963131901491,8.683276799798922,2.963138393188015e-05,2.963138393188015e-05,2.9149627100985365e-05,2.9149627100985365e-05,5.8208283492276945e-05,8.794256816997311e-06,8.794353817046514e-06,-0.017793370264235987,-0.016258330424333143,-0.016258330424333143,0.0,-1.666687558145855e-06,0.000154333571408949,0.017793370264235987,0.011869389645659279,0.4950109625347182,0.4950109625347182,0.9196585865297692,0.9196585865297692,0.1607022583751206,0.39751949457656643,1.2475184576305418,True,456,27067,344,64,207801,192,5.491357224062085
1262,PASS,WITNESS,1,25.5,3.82713e-05,1.913565e-05,0.832625,0.23250000000000004,0.8154166666666668,0.8154166666666668,0.9637621674363996,73.36128687723026,3.67265981950097,42.49762896495501,1.0637717859615035,1.921155351908561e-05,1.921155351908561e-05,1.8851950162772602e-05,1.8851950162772602e-05,3.826914692864813e-05,1.0851855538792686e-05,1.085200438200428e-05,-0.004006966676852553,-0.018718077950112832,-0.018718077950112832,0.0,-3.8891600649452286e-06,-5.6258119057090686e-05,0.018718077950112832,0.010930018651584673,0.5162263344296205,0.5162263344296205,0.9077091082789301,0.9077091082789301,0.05333483521426183,0.7595365159962689,0.7881584498303061,True,481,27663,343,64,191667,192,5.462393356021494
1262,PASS,WITNESS,2,25.5,3.82713e-05,1.913565e-05,0.832625,0.23250000000000004,0.8154166666666668,0.8154166666666668,0.5,73.36128687723026,3.67265981950097,16.778978725355135,0.42,1.921155351908561e-05,1.921155351908561e-05,1.8851950162772602e-05,1.8851950162772602e-05,3.826914692864813e-05,4.674278436595062e-06,4.333427617719542e-06,-0.004006966676852553,-0.018718077950112832,-0.018718077950112832,0.0,0.008906173003674295,-5.6258119057090686e-05,0.018718077950112832,0.011518910168282298,0.5162263344296205,0.5162263344296205,0.9077091082789301,0.9077091082789301,0.05333483521426183,1.2219184063856017,0.3079745314337733,True,481,27663,343,64,191667,192,5.462393356021494
1262,PASS,WITNESS,3,25.5,3.82713e-05,1.913565e-05,0.679875,0.23125000000000004,0.6175,0.6175,0.8222754044897014,5.550832414011138,17.88933168952953,5.772632041224323,9.302075941475236,1.898375915748451e-05,1.898375915748451e-05,1.9373619786114543e-05,1.9373619786114543e-05,3.8269612722116116e-05,1.9719040122736373e-05,1.9718645056511993e-05,0.007893497402677628,0.020123272415486046,0.020123272415486046,0.0,1.0322780370158049e-05,-4.408728953248597e-05,0.020123272415486046,0.012056820593276202,0.3190094445724928,0.3190094445724928,0.9709718911374312,0.9709718911374312,0.13793606022863933,0.7674272113811709,0.7317122098003364,True,481,27663,343,64,191667,192,5.462393356021494
1262,PASS,WITNESS,4,25.5,3.82713e-05,1.913565e-05,0.679875,0.23125000000000004,0.6175,0.6175,1.5297092192231925,5.550832414011138,17.88933168952953,3.3281584383648664,5.363027180295652,1.898375915748451e-05,1.898375915748451e-05,1.9373619786114543e-05,1.9373619786114543e-05,3.8269612722116116e-05,1.0864614858911276e-05,1.0671751013712292e-05,0.007893497402677628,0.020123272415486046,0.020123272415486046,0.0,0.0050393857851440535,-4.408728953248597e-05,0.020123272415486046,0.012231086347516398,0.3190094445724928,0.3190094445724928,0.9709718911374312,0.9709718911374312,0.13793606022863933,0.05064783803668857,1.4418606171780999,True,481,27663,343,64,191667,192,5.462393356021494
1262,PASS,WITNESS,5,25.5,3.82713e-05,1.913565e-05,0.6505,0.23000000000000004,0.59375,0.59375,0.8930187859630505,4.362357885482179,28.96461524460073,3.215554503181814,10.675109817635912,1.9482947631457324e-05,1.9482947631457324e-05,1.9033301122489183e-05,1.9033301122489183e-05,3.827324610574616e-05,1.4065863326138138e-05,1.4065697221757954e-05,-0.017775779370523295,-0.023078977446007117,-0.023078977446007117,0.0,4.3401812894848855e-06,5.084767936278345e-05,0.023078977446007117,0.015172669159049341,0.2959548006079483,0.2959548006079483,0.971001503057803,0.971001503057803,0.15087077649719768,0.6654332501608415,0.8159280436963662,True,481,27663,343,64,191667,192,5.462393356021494
1501,PASS,NO_WITNESS,0,3.0416666666666665,5.81993e-05,2.909965e-05,,,,,,,,,,,,,,,,,,,,,,,,,,,,,,,,False,1343,0,0,0,0,0,1.324170722044073
452,PASS,WITNESS,1,5.083333333333333,1.74013e-05,8.70065e-06,0.68675,0.18375,0.7866666666666666,0.7866666666666666,0.5943245086311322,20.529888333673995,8.683276799798922,27.166842865443762,5.745214307628796,8.661762360645451e-06,8.661762360645451e-06,8.672220709073922e-06,8.672220709073922e-06,1.7401485927981347e-05,1.1568929790114577e-05,1.1569123180116813e-05,0.004480146523871456,0.0012020192087339482,0.0012020192087339482,0.0,-1.1113537622804587e-05,1.0684603723911434e-05,0.004480146523871456,0.001956257093838618,0.5159477689945677,0.5159477689945677,0.9233639049169912,0.9233639049169912,0.090888655518954,1.1157645124160644,0.5035889729816346,True,784,27272,353,64,152990,186,5.517760426970199
452,PASS,WITNESS,2,5.083333333333333,1.74013e-05,8.70065e-06,0.564875,0.1825,0.5933333333333333,0.5933333333333333,1.4275243348727993,1.722352797923163,81.34133463857795,0.683267210964056,16.13428646024545,8.633139875082256e-06,8.633139875082256e-06,8.622650218266495e-06,8.622650218266495e-06,1.740004271431297e-05,4.249528278275805e-06,4.2500320056183534e-06,0.007686952362665844,-0.0012056176050939172,-0.0012056176050939172,0.0,-2.8947684514863434e-05,-7.225239993738282e-05,0.007686952362665844,0.0032146104642982345,0.3232829011268173,0.3232829011268173,0.9502476874535307,0.9502476874535307,0.1321523102318216,0.07818045954723485,1.3768080593567054,True,784,27272,353,64,152990,186,5.517760426970199
452,PASS,WITNESS,3,5.083333333333333,1.74013e-05,8.70065e-06,0.68675,0.18375,0.7866666666666666,0.7866666666666666,1.6554752307313687,20.529888333673995,8.683276799798922,5.388621012417745,1.139579696185867,8.661762360645451e-06,8.661762360645451e-06,8.672220709073922e-06,8.672220709073922e-06,1.7401485927981347e-05,2.24096996662506e-06,2.031474837236752e-06,0.004480146523871456,0.0012020192087339482,0.0012020192087339482,0.0,0.012039050495555375,1.0684603723911434e-05,0.012039050495555375,0.005289931698156684,0.5159477689945677,0.5159477689945677,0.9233639049169912,0.9233639049169912,0.090888655518954,0.05106850224420899,1.5677223033361283,True,784,27272,353,64,152990,186,5.517760426970199
452,PASS,WITNESS,4,5.083333333333333,1.74013e-05,8.70065e-06,0.7281875,0.18125000000000002,0.5266666666666666,0.5266666666666666,1.3489205776801891,0.9594097208827124,5.181576093702661,0.6601497488116524,1.78266703070254,8.745202842077275e-06,8.745202842077275e-06,8.598727695876335e-06,8.598727695876335e-06,1.7399095764933714e-05,6.050081424382591e-06,6.049803134674728e-06,-0.005220571830621369,-0.01674919940063365,-0.01674919940063365,0.0,1.599246653198548e-05,-0.00012667071231950335,0.01674919940063365,0.009902373727137313,0.25726889590563184,0.25726889590563184,0.9360227069712217,0.9360227069712217,0.06780441383027022,0.1010853509146884,1.237598263589094,True,784,27272,353,64,152990,186,5.517760426970199
452,PASS,WITNESS,5,5.083333333333333,1.74013e-05,8.70065e-06,0.564875,0.1825,0.5933333333333333,0.5933333333333333,1.4589658377498433,1.722352797923163,81.34133463857795,0.7575912203885461,17.88933168952953,8.633139875082256e-06,8.633139875082256e-06,8.622650218266495e-06,8.622650218266495e-06,1.740004271431297e-05,4.505217241140754e-06,4.804113287341524e-06,0.007686952362665844,-0.0012056176050939172,-0.0012056176050939172,0.0,-0.01717665037674023,-7.225239993738282e-05,0.01717665037674023,0.0077140435010806295,0.3232829011268173,0.3232829011268173,0.9502476874535307,0.9502476874535307,0.1321523102318216,0.05107924992615087,1.4081734398665888,True,784,27272,353,64,152990,186,5.517760426970199
1402,PASS,WITNESS,1,5.083333333333333,5.23162e-05,2.61581e-05,0.60625,0.11415984677100141,0.30000000000000004,0.30000000000000004,0.7436716472970913,1.263540177122413,100.0,0.5752412107317986,22.763075569225393,2.6311333452808486e-05,2.6311333452808486e-05,2.6243702753113066e-05,2.6243702753113066e-05,5.175469742762264e-05,1.3630149333918613e-05,1.3630490389128901e-05,-0.01649421302708028,-0.0025704018314663068,-0.0025704018314663068,0.0,-6.519112823331526e-06,-0.010732862332840704,0.01649421302708028,0.008169734500864133,0.05019927216561165,0.05019927216561165,0.9863770833852451,0.9863770833852451,0.05301317512455074,0.5138049753705194,0.6824223583086038,True,696,5827,355,64,172130,192,5.323577111004852
1402,PASS,WITNESS,2,5.083333333333333,5.23162e-05,2.61581e-05,0.60625,0.11415984677100141,0.30000000000000004,0.30000000000000004,1.1995734390142299,1.263540177122413,100.0,0.46790887820036015,18.51578947279603,2.6311333452808486e-05,2.6311333452808486e-05,2.6243702753113066e-05,2.6243702753113066e-05,5.175469742762264e-05,1.1349616617929886e-05,1.1775886157506024e-05,-0.01649421302708028,-0.0025704018314663068,-0.0025704018314663068,0.0,-0.008147945370193907,-0.010732862332840704,0.01649421302708028,0.008820963119604067,0.05019927216561165,0.05019927216561165,0.9863770833852451,0.9863770833852451,0.05301317512455074,0.051188923278592036,1.1381342545376496,True,696,5827,355,64,172130,192,5.323577111004852
1402,PASS,WITNESS,3,5.083333333333333,5.23162e-05,2.61581e-05,0.60625,0.11415984677100141,0.30000000000000004,0.30000000000000004,0.5,1.263540177122413,100.0,0.5369746162966186,21.24881448247751,2.6311333452808486e-05,2.6311333452808486e-05,2.6243702753113066e-05,2.6243702753113066e-05,5.175469742762264e-05,1.3155597429042554e-05,1.2008841042961794e-05,-0.01649421302708028,-0.0025704018314663068,-0.0025704018314663068,0.0,0.021919718673771415,-0.010732862332840704,0.021919718673771415,0.012117077446907385,0.05019927216561165,0.05019927216561165,0.9863770833852451,0.9863770833852451,0.05301317512455074,0.7542773188215877,0.43886661045554964,True,696,5827,355,64,172130,192,5.323577111004852
1402,PASS,WITNESS,4,5.083333333333333,5.23162e-05,2.61581e-05,0.6296875,0.12028451218765246,0.7125,0.7125,1.5847318492580196,21.99291635552426,61.76271128912809,4.85996662977253,6.824122616963465,2.68787486948039e-05,2.68787486948039e-05,2.625014778158725e-05,2.625014778158725e-05,5.226824516323797e-05,5.83064521202326e-06,5.830583356638283e-06,-0.027703153954070123,-0.023386539319747702,-0.023386539319747702,0.0,1.182337115022093e-06,-0.0009166345560653622,0.027703153954070123,0.017617062761323257,0.4607230557094945,0.4607230557094945,0.954295968387717,0.954295968387717,0.05019276516365484,0.075607272883114,1.5187848004594973,True,696,5827,355,64,172130,192,5.323577111004852
1402,PASS,WITNESS,5,5.083333333333333,5.23162e-05,2.61581e-05,0.6296875,0.12028451218765246,0.7125,0.7125,1.6083129764158026,21.99291635552426,61.76271128912809,4.38317625011545,6.154637358888604,2.68787486948039e-05,2.68787486948039e-05,2.625014778158725e-05,2.625014778158725e-05,5.226824516323797e-05,5.291262225060209e-06,5.1266325662527774e-06,-0.027703153954070123,-0.023386539319747702,-0.023386539319747702,0.0,0.003146819891495015,-0.0009166345560653622,0.027703153954070123,0.01766384195680545,0.4607230557094945,0.4607230557094945,0.954295968387717,0.954295968387717,0.05019276516365484,0.05023409560185446,1.5426097921527415,True,696,5827,355,64,172130,192,5.323577111004852
1901,PASS,NO_WITNESS,0,3.0416666666666665,7.83193e-05,3.915965e-05,,,,,,,,,,,,,,,,,,,,,,,,,,,,,,,,False,0,0,0,0,0,0,0.006053006974980235
779,PASS,WITNESS,1,9.166666666666666,2.88682e-05,1.44341e-05,0.7611249999999999,0.191,0.45125000000000004,0.45125000000000004,0.5943245086311322,1.1794860818864537,5.550832414011138,1.1450180820924472,2.694310506208873,1.4325851802709724e-05,1.4325851802709724e-05,1.424719530491311e-05,1.424719530491311e-05,2.886678288238273e-05,1.3844651273804417e-05,1.3844780679423577e-05,0.0074503875185595305,-0.005449352422154065,-0.005449352422154065,0.0,-4.482635535293587e-06,-4.908922680562045e-05,0.0074503875185595305,0.004376101531130765,0.1750912758017869,0.1750912758017869,0.9576489452706068,0.9576489452706068,0.05681171656582357,0.8135008987565568,0.4622600956130224,True,487,24553,369,64,158189,192,5.297290752991103
779,PASS,WITNESS,2,9.166666666666666,2.88682e-05,1.44341e-05,0.6141249999999999,0.1925,0.6175,0.6175,0.6886490172622642,3.934385755040525,45.30991981197273,2.527080354244828,14.551421154185402,1.4500875044605723e-05,1.4500875044605723e-05,1.4375685875932335e-05,1.4375685875932335e-05,2.886909184826331e-05,9.60433927743739e-06,9.604392293069983e-06,-0.004574146061533156,-0.008633214774163405,-0.008633214774163405,0.0,-1.836471709102805e-06,3.0892840966327854e-05,0.008633214774163405,0.0053227274431779355,0.3403116481422473,0.3403116481422473,0.9637969907470988,0.9637969907470988,0.12861067813416519,0.8831792784514144,0.6252157274182744,True,487,24553,369,64,158189,192,5.297290752991103
779,PASS,WITNESS,3,9.166666666666666,2.88682e-05,1.44341e-05,0.6141249999999999,0.1925,0.6175,0.6175,1.5139884677846704,3.934385755040525,45.30991981197273,1.615450004251593,9.302075941475236,1.4500875044605723e-05,1.4500875044605723e-05,1.4375685875932335e-05,1.4375685875932335e-05,2.886909184826331e-05,6.264937263557267e-06,6.3396696292093055e-06,-0.004574146061533156,-0.008633214774163405,-0.008633214774163405,0.0,-0.0025887435188906207,3.0892840966327854e-05,0.008633214774163405,0.005426634227587222,0.3403116481422473,0.3403116481422473,0.9637969907470988,0.9637969907470988,0.12861067813416519,0.05068875595151706,1.4517707523553969,True,487,24553,369,64,158189,192,5.297290752991103
779,PASS,WITNESS,4,9.166666666666666,2.88682e-05,1.44341e-05,0.6351249999999999,0.194,0.8470833333333334,0.8470833333333334,1.1445508089794028,96.6166293682109,29.97891298216905,52.2460433600994,8.10564184342366,1.460800384451363e-05,1.460800384451363e-05,1.4464996660770485e-05,1.4464996660770485e-05,2.885536123782268e-05,7.624231505071353e-06,7.624194967486772e-06,-0.01234413870105979,-0.00978964581782024,-0.00978964581782024,0.0,1.265668956892145e-06,-0.0004447371910032604,0.01234413870105979,0.007574627422286327,0.5692324264130959,0.5692324264130959,0.8864155291992145,0.8864155291992145,0.12189375468653424,0.5894789244213182,1.075757276164846,True,487,24553,369,64,158189,192,5.297290752991103
779,PASS,WITNESS,5,9.166666666666666,2.88682e-05,1.44341e-05,0.6351249999999999,0.194,0.8470833333333334,0.8470833333333334,1.6790563578891518,96.6166293682109,29.97891298216905,19.255641606010816,2.9873905139168784,1.460800384451363e-05,1.460800384451363e-05,1.4464996660770485e-05,1.4464996660770485e-05,2.885536123782268e-05,2.5862613616921543e-06,2.33213181496163e-06,-0.01234413870105979,-0.00978964581782024,-0.00978964581782024,0.0,0.008803096373536434,-0.0004447371910032604,0.01234413870105979,0.00838395677945448,0.5692324264130959,0.5692324264130959,0.8864155291992145,0.8864155291992145,0.12189375468653424,0.054793653987382535,1.6122877868517147,True,487,24553,369,64,158189,192,5.297290752991103
681,PASS,WITNESS,1,13.25,2.42481e-05,1.212405e-05,0.7713125000000001,0.22000000000000003,0.6525000000000001,0.6525000000000001,0.7908339016126574,4.673233995671801,4.2147631499312395,4.536668561900394,2.045797781135994,1.2165790702316988e-05,1.2165790702316988e-05,1.2189537302129666e-05,1.2189537302129666e-05,2.423858629029654e-05,1.174059499862902e-05,1.1740571639217713e-05,-0.003821992199805099,0.0019481133060341646,0.0019481133060341646,0.0,9.63350172056962e-07,-0.0003923486666360509,0.003821992199805099,0.0019301059420802262,0.36079453197727285,0.36079453197727285,0.9601256228116994,0.9601256228116994,0.08010391619386231,0.8216062786913431,0.6532443665744656,True,570,26589,374,64,147593,192,5.329870749032125
681,PASS,WITNESS,2,13.25,2.42481e-05,1.212405e-05,0.7713125000000001,0.22000000000000003,0.5887500000000001,0.5887500000000001,0.6336263872274372,2.515077715685437,4.2147631499312395,2.5270803542448257,2.1174385760647425,1.1983374838291711e-05,1.1983374838291711e-05,1.198467965021826e-05,1.198467965021826e-05,2.423858629029654e-05,1.1991345270288506e-05,1.19929967899862e-05,0.011210635625600315,0.00010762178698942117,0.00010762178698942117,0.0,-6.8109241453747e-05,-0.0003923486666360509,0.011210635625600315,0.004580030792710005,0.29712319604228454,0.29712319604228454,0.9594930172928243,0.9594930172928243,0.08010391619386231,0.914868510753069,0.49617420277195634,True,570,26589,374,64,147593,192,5.329870749032125
681,PASS,WITNESS,3,13.25,2.42481e-05,1.212405e-05,0.7713125000000001,0.22000000000000003,0.5887500000000001,0.5887500000000001,1.4904073406268874,2.515077715685437,4.2147631499312395,1.6154500042515925,1.353584246326218,1.1983374838291711e-05,1.1983374838291711e-05,1.198467965021826e-05,1.198467965021826e-05,2.423858629029654e-05,7.733178874565415e-06,8.017093968243353e-06,0.011210635625600315,0.00010762178698942117,0.00010762178698942117,0.0,-0.011708756301645803,-0.0003923486666360509,0.011708756301645803,0.006620050700153158,0.29712319604228454,0.29712319604228454,0.9594930172928243,0.9594930172928243,0.08010391619386231,0.05083751186944552,1.3526660504031822,True,570,26589,374,64,147593,192,5.329870749032125
681,PASS,WITNESS,4,13.25,2.42481e-05,1.212405e-05,0.7713125000000001,0.22000000000000003,0.6525000000000001,0.6525000000000001,1.5532903463809755,4.673233995671801,4.2147631499312395,2.615574948918984,1.1794860818864537,1.2165790702316988e-05,1.2165790702316988e-05,1.2189537302129666e-05,1.2189537302129666e-05,2.423858629029654e-05,6.510737648362665e-06,6.910858201351386e-06,-0.003821992199805099,0.0019481133060341646,0.0019481133060341646,0.0,-0.01650110948852574,-0.0003923486666360509,0.01650110948852574,0.007007596676823791,0.36079453197727285,0.36079453197727285,0.9601256228116994,0.9601256228116994,0.08010391619386231,0.05015288636926818,1.4156826485875167,True,570,26589,374,64,147593,192,5.329870749032125
681,PASS,WITNESS,5,13.25,2.42481e-05,1.212405e-05,0.6426875000000001,0.21875000000000006,0.4754166666666667,0.4754166666666667,1.1838526875757078,1.1010234914192827,21.99291635552426,0.8694155504004565,8.683276799798922,1.1912918150035613e-05,1.1912918150035613e-05,1.216407025964761e-05,1.216407025964761e-05,2.4243130001074885e-05,9.708597554985588e-06,9.708282449901068e-06,0.017209336030602748,0.02064704529413598,0.02064704529413598,0.0,1.2995042272186282e-05,-0.00020496446835479443,0.02064704529413598,0.01383717447479084,0.18468151298156438,0.18468151298156438,0.9504326427068043,0.9504326427068043,0.14368945125426158,0.23479205887038812,1.111427869611732,True,570,26589,374,64,147593,192,5.329870749032125
1609,PASS,WITNESS,1,19.375,6.2507e-05,3.12535e-05,0.621875,0.19875,0.66,0.66,0.9637621674363996,14.059092644346745,81.34133463857795,4.859966629772533,14.059092644346745,3.126892766735364e-05,3.126892766735364e-05,3.098021688054277e-05,3.098021688054277e-05,6.2496547655711e-05,1.1391990807288389e-05,1.1392719696870178e-05,-0.0006605227949566573,-0.009233152792517903,-0.009233152792517903,0.0,-1.1660927284763882e-05,-0.00016721878012064154,0.009233152792517903,0.005338017881827639,0.37684648642944896,0.37684648642944896,0.9680494435529989,0.9680494435529989,0.13181275714602114,0.6563311884634102,0.8974638500609242,True,539,25102,342,64,183979,192,5.377644628053531
1609,PASS,WITNESS,2,19.375,6.2507e-05,3.12535e-05,0.621875,0.19875,0.66,0.66,1.5611507221002365,14.059092644346745,81.34133463857795,2.9000903098707136,8.389489362677569,3.126892766735364e-05,3.126892766735364e-05,3.098021688054277e-05,3.098021688054277e-05,6.2496547655711e-05,6.609355203386315e-06,6.525481228989496e-06,-0.0006605227949566573,-0.009233152792517903,-0.009233152792517903,0.0,0.001341833305018939,-0.00016721878012064154,0.009233152792517903,0.00536605053525562,0.37684648642944896,0.37684648642944896,0.9680494435529989,0.9680494435529989,0.13181275714602114,0.05000016594693518,1.496919250122113,True,539,25102,342,64,183979,192,5.377644628053531
1609,PASS,WITNESS,3,19.375,6.2507e-05,3.12535e-05,0.7203124999999999,0.1975,0.49500000000000005,0.49500000000000005,1.0187847974712267,3.67265981950097,16.13428646024545,3.001647158294373,6.5932372564638415,3.081711661883036e-05,3.081711661883036e-05,3.0924014665620536e-05,3.0924014665620536e-05,6.25058720287678e-05,2.4414582662745892e-05,2.4414742472843722e-05,0.013944658855921298,0.0034203544175907654,0.0034203544175907654,0.0,-2.556675217653891e-06,-1.8045518617201427e-05,0.013944658855921298,0.006025660288427871,0.21257617022070735,0.21257617022070735,0.9855834294664938,0.9855834294664938,0.08088047605605886,0.45828583989706506,0.908114043173829,True,539,25102,342,64,183979,192,5.377644628053531
1609,PASS,WITNESS,4,19.375,6.2507e-05,3.12535e-05,0.621875,0.19875,0.7275,0.7275,1.0895281789445759,32.115309880421194,81.34133463857795,9.030242338214919,11.435853594985783,3.169304548436072e-05,3.169304548436072e-05,3.1276149419685436e-05,3.1276149419685436e-05,6.2496547655711e-05,9.038801236251753e-06,9.03860510389411e-06,-0.014033730419649832,-0.013154181250300028,-0.013154181250300028,0.0,3.137766292451369e-06,-0.00016721878012064154,0.014033730419649832,0.009513486306194458,0.4443170047123507,0.4443170047123507,0.949765604335287,0.949765604335287,0.13181275714602114,0.5855806146064992,1.0238019216033565,True,539,25102,342,64,183979,192,5.377644628053531
1609,PASS,WITNESS,5,19.375,6.2507e-05,3.12535e-05,0.621875,0.19875,0.7275,0.7275,1.6240337278543246,32.115309880421194,81.34133463857795,6.400563765960118,8.10564184342366,3.169304548436072e-05,3.169304548436072e-05,3.1276149419685436e-05,3.1276149419685436e-05,6.2496547655711e-05,5.9590854678916734e-06,6.297095836868657e-06,-0.014033730419649832,-0.013154181250300028,-0.013154181250300028,0.0,-0.0054075602568829624,-0.00016721878012064154,0.014033730419649832,0.009766270426619192,0.4443170047123507,0.4443170047123507,0.949765604335287,0.949765604335287,0.13181275714602114,0.05010158845495696,1.5600134739345937,True,539,25102,342,64,183979,192,5.377644628053531
1326,PASS,NO_WITNESS,0,3.0416666666666665,4.84558e-05,2.42279e-05,,,,,,,,,,,,,,,,,,,,,,,,,,,,,,,,False,1260,0,0,0,0,0,1.335001036990434
1849,PASS,WITNESS,1,50.0,7.52111e-05,3.760555e-05,0.6334375,0.23125000000000004,0.5175000000000001,0.5175000000000001,1.293897947645362,5.181576093702661,75.93029001006303,1.6720206602271666,12.2508105003187,3.746843102678195e-05,3.746843102678195e-05,3.733267497965341e-05,3.733267497965341e-05,7.519882755246072e-05,1.2798830323178196e-05,1.2799229379960014e-05,0.003483069638614757,-0.0036100003092240304,-0.0036100003092240304,0.0,-5.305822967850934e-06,-0.0001631733552532378,0.0036100003092240304,0.002523972803216426,0.2190033622994249,0.2190033622994249,0.9896422517872638,0.9896422517872638,0.159508710850359,0.18968304106198325,1.223232686775497,True,454,26687,345,64,222830,192,5.716211081016809
1849,PASS,WITNESS,2,50.0,7.52111e-05,3.760555e-05,0.6334375,0.23125000000000004,0.5175000000000001,0.5175000000000001,1.4353847105920603,5.181576093702661,75.93029001006303,1.7911744052094278,13.123843941175021,3.746843102678195e-05,3.746843102678195e-05,3.733267497965341e-05,3.733267497965341e-05,7.519882755246072e-05,1.3046319068198447e-05,1.4220816910997333e-05,0.003483069638614757,-0.0036100003092240304,-0.0036100003092240304,0.0,-0.01561601735380663,-0.0001631733552532378,0.01561601735380663,0.006856658589902343,0.2190033622994249,0.2190033622994249,0.9896422517872638,0.9896422517872638,0.159508710850359,0.05099463103771651,1.3643500134450377,True,454,26687,345,64,222830,192,5.716211081016809
1849,PASS,WITNESS,3,50.0,7.52111e-05,3.760555e-05,0.6334375,0.23125000000000004,0.5175000000000001,0.5175000000000001,0.5,5.181576093702661,75.93029001006303,2.1275435719230065,15.58840375050076,3.746843102678195e-05,3.746843102678195e-05,3.733267497965341e-05,3.733267497965341e-05,7.519882755246072e-05,1.6476224854767214e-05,1.4879743612669216e-05,0.003483069638614757,-0.0036100003092240304,-0.0036100003092240304,0.0,0.02122667055923924,-0.0001631733552532378,0.02122667055923924,0.009025834653435785,0.2190033622994249,0.2190033622994249,0.9896422517872638,0.9896422517872638,0.159508710850359,0.9866897012959596,0.4291721891461606,True,454,26687,345,64,222830,192,5.716211081016809
1849,PASS,WITNESS,4,50.0,7.52111e-05,3.760555e-05,0.6334375,0.23125000000000004,0.465,0.465,1.301758323364623,3.801270902863189,75.93029001006303,1.2695701363386576,12.679815659507472,3.669675598768078e-05,3.669675598768078e-05,3.741953034919324e-05,3.741953034919324e-05,7.519882755246072e-05,1.3368226824259365e-05,1.3368725122142132e-05,0.024003313036229514,0.01921988540288505,0.01921988540288505,0.0,-6.625323692474179e-06,-0.0001631733552532378,0.024003313036229514,0.014804243175263817,0.16653281434689848,0.16653281434689848,0.9920868828604278,0.9920868828604278,0.159508710850359,0.12441305327671559,1.2309495109604804,True,454,26687,345,64,222830,192,5.716211081016809
1849,PASS,WITNESS,5,50.0,7.52111e-05,3.760555e-05,0.6334375,0.23125000000000004,0.465,0.465,1.3803620805572332,3.801270902863189,75.93029001006303,1.4076706353296018,14.059092644346745,3.669675598768078e-05,3.669675598768078e-05,3.741953034919324e-05,3.741953034919324e-05,7.519882755246072e-05,1.4248710040425878e-05,1.5326952343022644e-05,0.024003313036229514,0.01921988540288505,0.01921988540288505,0.0,-0.014336212375523912,-0.0001631733552532378,0.024003313036229514,0.01591917416898713,0.16653281434689848,0.16653281434689848,0.9920868828604278,0.9920868828604278,0.159508710850359,0.05176332973838216,1.3091262332444733,True,454,26687,345,64,222830,192,5.716211081016809
1503,PASS,WITNESS,1,7.125,5.81993e-05,2.909965e-05,0.658125,0.14125000000000001,0.795,0.795,0.6179056357889152,81.34133463857795,39.48215261418856,52.246043360099385,12.679815659507472,2.910177366581406e-05,2.910177366581406e-05,2.9149627100985365e-05,2.9149627100985365e-05,5.820362796167497e-05,1.914511654373492e-05,1.9144500815521264e-05,1.3853096391535512e-06,0.0016416482792566706,0.0016416482792566706,0.0,1.057964981803333e-05,7.43589674138541e-05,0.0016416482792566706,0.0009483021010979482,0.5364293284295769,0.5364293284295769,0.9196585865297692,0.9196585865297692,0.057941948313417604,1.0965100917932942,0.536538986326362,True,771,11199,354,64,164798,192,5.356148547958583
1503,PASS,WITNESS,2,7.125,5.81993e-05,2.909965e-05,0.6375,0.14,0.6225,0.6225,0.7829735258933964,8.987352235924643,57.65408941012277,4.234877152129485,13.583421432721881,2.901789628513415e-05,2.901789628513415e-05,2.8923788060570374e-05,2.8923788060570374e-05,5.817634998934789e-05,1.4485519876077367e-05,1.4485311365767966e-05,0.0024151049768568575,-0.0032339985038918806,-0.0032339985038918806,0.0,3.582694455104905e-06,-0.0003943348227918491,0.0032339985038918806,0.0021176141245811855,0.36441215599821464,0.36441215599821464,0.974905917710871,0.974905917710871,0.0664813420915403,0.8045199442460675,0.710632307042011,True,771,11199,354,64,164798,192,5.356148547958583
1503,PASS,WITNESS,3,7.125,5.81993e-05,2.909965e-05,0.658125,0.14125000000000001,0.795,0.795,1.6633356064506297,81.34133463857795,39.48215261418856,12.740327206888923,3.092004485616841,2.910177366581406e-05,2.910177366581406e-05,2.9149627100985365e-05,2.9149627100985365e-05,5.820362796167497e-05,4.152151705909338e-06,3.752840780967208e-06,1.3853096391535512e-06,0.0016416482792566706,0.0016416482792566706,0.0,0.006861094977811241,7.43589674138541e-05,0.006861094977811241,0.0029571995089734547,0.5364293284295769,0.5364293284295769,0.9196585865297692,0.9196585865297692,0.057941948313417604,0.05110890313891567,1.5870912792380014,True,771,11199,354,64,164798,192,5.356148547958583
1503,PASS,WITNESS,4,7.125,5.81993e-05,2.909965e-05,0.6375,0.14,0.6225,0.6225,1.5297092192231925,8.987352235924643,57.65408941012277,2.707168492652436,8.683276799798922,2.901789628513415e-05,2.901789628513415e-05,2.8923788060570374e-05,2.8923788060570374e-05,5.817634998934789e-05,8.705933729924142e-06,9.228298869394716e-06,0.0024151049768568575,-0.0032339985038918806,-0.0032339985038918806,0.0,-0.008975453991209076,-0.0003943348227918491,0.008975453991209076,0.004232109383360458,0.36441215599821464,0.36441215599821464,0.974905917710871,0.974905917710871,0.0664813420915403,0.05045977853567152,1.459280019777487,True,771,11199,354,64,164798,192,5.356148547958583
1503,PASS,WITNESS,5,7.125,5.81993e-05,2.909965e-05,0.6375,0.14,0.5325000000000001,0.5325000000000001,1.0895281789445759,4.362357885482179,57.65408941012277,1.730572336419448,11.435853594985783,2.860611059973994e-05,2.860611059973994e-05,2.9119886687680782e-05,2.9119886687680782e-05,5.817634998934789e-05,1.2333387226742516e-05,1.2335579945014929e-05,0.016565986014745963,0.01764347826800419,0.01764347826800419,0.0,-3.7676024838999235e-05,-0.0003943348227918491,0.01764347826800419,0.012228201440816667,0.2746073524592577,0.2746073524592577,0.9828967898193754,0.9828967898193754,0.0664813420915403,0.406663156082654,1.0176375823534611,True,771,11199,354,64,164798,192,5.356148547958583
485,PASS,WITNESS,1,21.416666666666664,1.77821e-05,8.89105e-06,0.597125,0.254,0.8,0.8,1.270316820487579,26.123021680049693,39.48215261418856,11.101664828022274,8.389489362677569,8.969557384495972e-06,8.969557384495972e-06,8.84945839272313e-06,8.84945839272313e-06,1.7775872470523828e-05,3.7430453678603592e-06,3.743026453526798e-06,-0.009099796760890488,-0.013389622990810516,-0.013389622990810516,0.0,1.0636726574118703e-06,-0.000350213387404893,0.013389622990810516,0.008578004423229927,0.48793058271066814,0.48793058271066814,0.916416896132255,0.916416896132255,0.19576840854194016,0.4455383222876883,1.213926278692865,True,712,30954,365,64,133359,192,5.231609382899478
485,PASS,WITNESS,2,21.416666666666664,1.77821e-05,8.89105e-06,0.597125,0.254,0.8,0.8,1.6633356064506297,26.123021680049693,39.48215261418856,5.77263204122432,4.362357885482179,8.969557384495972e-06,8.969557384495972e-06,8.84945839272313e-06,8.84945839272313e-06,1.7775872470523828e-05,1.9158733701455286e-06,1.733433966597176e-06,-0.009099796760890488,-0.013389622990810516,-0.013389622990810516,0.0,0.010259722054670295,-0.000350213387404893,0.013389622990810516,0.009545983927088586,0.48793058271066814,0.48793058271066814,0.916416896132255,0.916416896132255,0.19576840854194016,0.05022822093837731,1.6080023812923676,True,712,30954,365,64,133359,192,5.231609382899478
485,PASS,WITNESS,3,21.416666666666664,1.77821e-05,8.89105e-06,0.7186250000000001,0.252,0.6466666666666667,0.6466666666666667,1.3410602019609281,3.092004485616841,5.745214307628796,2.441579859697595,2.268334280950198,9.131129494231882e-06,9.131129494231882e-06,9.010553085534964e-06,9.010553085534964e-06,1.7783823858313363e-05,6.857091676762507e-06,6.856751989894588e-06,-0.02619802569072249,-0.0132049828855331,-0.0132049828855331,0.0,1.9102741966307314e-05,9.693406362416298e-05,0.02619802569072249,0.013134493120746616,0.3359064119454436,0.3359064119454436,0.952234803695426,0.952234803695426,0.14411974808172484,0.25582558340886175,1.2345892918314882,True,712,30954,365,64,133359,192,5.231609382899478
485,PASS,WITNESS,4,21.416666666666664,1.77821e-05,8.89105e-06,0.7186250000000001,0.252,0.6466666666666667,0.6466666666666667,1.5454299706617145,3.092004485616841,5.745214307628796,2.127543571923007,1.976580859823245,9.131129494231882e-06,9.131129494231882e-06,9.010553085534964e-06,9.010553085534964e-06,1.7783823858313363e-05,5.8765085565920715e-06,5.993138885699109e-06,-0.02619802569072249,-0.0132049828855331,-0.0132049828855331,0.0,-0.00655886138909566,9.693406362416298e-05,0.02619802569072249,0.013404649411306637,0.3359064119454436,0.3359064119454436,0.952234803695426,0.952234803695426,0.14411974808172484,0.05006818843541272,1.439032235716713,True,712,30954,365,64,133359,192,5.231609382899478
485,PASS,WITNESS,5,21.416666666666664,1.77821e-05,8.89105e-06,0.597125,0.254,0.8733333333333333,0.8733333333333333,1.1445508089794028,93.34773070474222,39.48215261418856,41.059776667347975,8.683276799798922,9.114755953065465e-06,9.114755953065465e-06,8.847477089583522e-06,8.847477089583522e-06,1.7775872470523828e-05,3.833868824416369e-06,3.8338960670014985e-06,-0.024884892033479745,-0.02932375423524657,-0.02932375423524657,0.0,-1.5320229404775327e-06,-0.000350213387404893,0.02932375423524657,0.019744812095755,0.5613063831668528,0.5613063831668528,0.866752747338239,0.866752747338239,0.19576840854194016,0.595885638889657,1.0880158552312942,True,712,30954,365,64,133359,192,5.231609382899478
774,PASS,WITNESS,1,50.0,2.85799e-05,1.428995e-05,0.8692500000000001,0.26925,0.7679166666666667,0.7679166666666667,0.5314415028770441,25.23918303639099,2.1174385760647425,10.363152187405321,0.4347077752002284,1.4172550631861639e-05,1.4172550631861639e-05,1.4059658218419818e-05,1.4059658218419818e-05,2.858476036450507e-05,6.196435257276812e-06,6.196129830486229e-06,0.008384156373036663,-0.007900126553404413,-0.007900126553404413,0.0,1.068676904338656e-05,0.0001700334179153608,0.008384156373036663,0.005703027014626864,0.4451271582304448,0.4451271582304448,0.9328816321097844,0.9328816321097844,0.06944952468402601,1.1672369501458095,0.3102040684955456,True,697,32920,354,64,181566,192,5.134107848047279
774,PASS,WITNESS,2,50.0,2.85799e-05,1.428995e-05,0.8692500000000001,0.26925,0.7679166666666667,0.7679166666666667,0.5,25.23918303639099,2.1174385760647425,10.012528339769037,0.42,1.4172550631861639e-05,1.4172550631861639e-05,1.4059658218419818e-05,1.4059658218419818e-05,2.858476036450507e-05,6.0218920679154825e-06,5.804612847681149e-06,0.008384156373036663,-0.007900126553404413,-0.007900126553404413,0.0,0.007602518561448199,0.0001700334179153608,0.008384156373036663,0.006492884272385099,0.4451271582304448,0.4451271582304448,0.9328816321097844,0.9328816321097844,0.06944952468402601,1.1985200216247562,0.28282064337460244,True,697,32920,354,64,181566,192,5.134107848047279
774,PASS,WITNESS,3,50.0,2.85799e-05,1.428995e-05,0.71,0.267,0.6016666666666667,0.6016666666666667,0.7200905201393083,3.4283445980090392,9.302075941475236,4.383176250115449,5.946403165994846,1.4466126756586159e-05,1.4466126756586159e-05,1.4422870413954708e-05,1.4422870413954708e-05,2.8582086493524428e-05,1.7782754909352305e-05,1.7782562281100044e-05,-0.01210299845770622,-0.002990181363629823,-0.002990181363629823,0.0,6.739990421951876e-06,7.64987372395953e-05,0.01210299845770622,0.005234036656448945,0.2806133495593921,0.2806133495593921,0.963683429340149,0.963683429340149,0.16038980087236743,0.8514762533323597,0.6162296172269974,True,697,32920,354,64,181566,192,5.134107848047279
774,PASS,WITNESS,4,50.0,2.85799e-05,1.428995e-05,0.71,0.26625,0.47500000000000003,0.47500000000000003,1.3725017048379722,1.353584246326218,9.302075941475236,1.1450180820924476,3.934385755040525,1.4077862556284855e-05,1.4077862556284855e-05,1.4252732243506459e-05,1.4252732243506459e-05,2.857293360995337e-05,1.1659337620168486e-05,1.1659597376692041e-05,0.01459796911058684,0.01223724976095814,0.01223724976095814,0.0,-9.088783500125576e-06,-0.00024375137934805688,0.01459796911058684,0.009243563192105694,0.1546131332295096,0.1546131332295096,0.9607628735942824,0.9607628735942824,0.15964105194154316,0.056965765048866523,1.268969966632197,True,697,32920,354,64,181566,192,5.134107848047279
774,PASS,WITNESS,5,50.0,2.85799e-05,1.428995e-05,0.79125,0.26775,0.6491666666666667,0.6491666666666667,1.231014941891274,5.363027180295652,3.934385755040525,1.7911744052094276,0.6570142969386052,1.4358268235661398e-05,1.4358268235661398e-05,1.4128410819129352e-05,1.4128410819129352e-05,2.8576997883692116e-05,5.4771034789628975e-06,5.477090947783333e-06,-0.0048591719189404435,-0.01600871447443456,-0.01600871447443456,0.0,4.384612810009066e-07,-0.00010154396299093686,0.01600871447443456,0.009453215866875047,0.3275205392311668,0.3275205392311668,0.9634597530490132,0.9634597530490132,0.11522265944375532,0.361350986111501,1.068091936590995,True,697,32920,354,64,181566,192,5.134107848047279
1421,PASS,WITNESS,1,43.875,5.23162e-05,2.61581e-05,0.69375,0.24125000000000002,0.6375000000000001,0.6375000000000001,1.254596069049057,9.302075941475236,19.16418487570231,7.096800251524907,7.310432257371184,2.600301793426635e-05,2.600301793426635e-05,2.6057924979529228e-05,2.6057924979529228e-05,5.231447042318347e-05,1.9136976813512094e-05,1.9136905996004708e-05,0.0058955840571518064,0.002099045621160437,0.002099045621160437,0.0,1.3536439455846521e-06,-3.306006201771811e-05,0.0058955840571518064,0.0026947786308099816,0.33326807415689896,0.33326807415689896,0.971758978968146,0.971758978968146,0.13984396678208677,0.35443663838030326,1.1583418249633546,True,442,26182,365,64,215290,192,5.384369082981721
1421,PASS,WITNESS,2,43.875,5.23162e-05,2.61581e-05,0.69375,0.24125000000000002,0.6900000000000001,0.6900000000000001,1.0816678032253149,16.699285170420158,19.16418487570231,14.62086451474237,8.389489362677569,2.6329685417943646e-05,2.6329685417943646e-05,2.6368413885915018e-05,2.6368413885915018e-05,5.231447042318347e-05,2.2449556825571357e-05,2.244994569181307e-05,-0.006549649326018441,0.0014687446935160132,0.0014687446935160132,0.0,-7.432998606762403e-06,-3.306006201771811e-05,0.006549649326018441,0.002805158238568299,0.38574515931673903,0.38574515931673903,0.9605606528216147,0.9605606528216147,0.13984396678208677,0.5695549612036148,0.9843412395629267,True,442,26182,365,64,215290,192,5.384369082981721
1421,PASS,WITNESS,3,43.875,5.23162e-05,2.61581e-05,0.69375,0.24125000000000002,0.6900000000000001,0.6900000000000001,1.6004526006965416,16.699285170420158,19.16418487570231,8.429526299862479,4.8368836982108645,2.6329685417943646e-05,2.6329685417943646e-05,2.6368413885915018e-05,2.6368413885915018e-05,5.231447042318347e-05,1.2043931335536972e-05,1.1912033698907121e-05,-0.006549649326018441,0.0014687446935160132,0.0014687446935160132,0.0,0.002521162405332402,-3.306006201771811e-05,0.006549649326018441,0.0029880227878715713,0.38574515931673903,0.38574515931673903,0.9605606528216147,0.9605606528216147,0.13984396678208677,0.05014275926107714,1.505328235259485,True,442,26182,365,64,215290,192,5.384369082981721
1421,PASS,WITNESS,4,43.875,5.23162e-05,2.61581e-05,0.69375,0.24125000000000002,0.6375000000000001,0.6375000000000001,1.5532903463809755,9.302075941475236,19.16418487570231,4.695535946106049,4.8368836982108645,2.600301793426635e-05,2.600301793426635e-05,2.6057924979529228e-05,2.6057924979529228e-05,5.231447042318347e-05,1.23063807291289e-05,1.1849506173893904e-05,0.0058955840571518064,0.002099045621160437,0.002099045621160437,0.0,0.008732946109140107,-3.306006201771811e-05,0.008732946109140107,0.004469066590225415,0.33326807415689896,0.33326807415689896,0.971758978968146,0.971758978968146,0.13984396678208677,0.050656962570895636,1.4582069299709721,True,442,26182,365,64,215290,192,5.384369082981721
1421,PASS,WITNESS,5,43.875,5.23162e-05,2.61581e-05,0.8375,0.24000000000000005,0.5325000000000001,0.5325000000000001,1.286037571926101,3.934385755040525,4.673233995671801,2.055560887532046,1.220789929848797,2.607246795294979e-05,2.607246795294979e-05,2.6490477497446082e-05,2.6490477497446082e-05,5.2315816695968004e-05,1.3768882757427907e-05,1.3768758235380364e-05,0.0032663073783727346,0.015779615317866265,0.015779615317866265,0.0,2.3801814264632134e-06,-7.326679537018749e-06,0.015779615317866265,0.009207436689937,0.22910673447975954,0.22910673447975954,0.9803214322749221,0.9803214322749221,0.05708057936024699,0.21535335496749075,1.1062407457749788,True,442,26182,365,64,215290,192,5.384369082981721
1816,PASS,WITNESS,1,33.666666666666664,7.16631e-05,3.583155e-05,0.6549375,0.21850000000000003,0.6675000000000001,0.6675000000000001,1.301758323364623,17.88933168952953,48.538855170767334,7.096800251524906,9.627820803005408,3.5658519784917287e-05,3.5658519784917287e-05,3.609963174627855e-05,3.609963174627855e-05,7.162271851917562e-05,1.4194574683111986e-05,1.4193011607815005e-05,0.004265499948244614,0.01221929255294232,0.01221929255294232,0.0,2.1811438480624963e-05,-0.0005634905666148984,0.01221929255294232,0.007270198394298589,0.37529662889789894,0.37529662889789894,0.9667878145150909,0.9667878145150909,0.13677307228445315,0.3301945329733884,1.223012213835975,True,402,23710,346,64,224899,192,5.464951351983473
1816,PASS,WITNESS,2,33.666666666666664,7.16631e-05,3.583155e-05,0.6549375,0.21850000000000003,0.6675000000000001,0.6675000000000001,1.5768714735387586,17.88933168952953,48.538855170767334,4.695535946106047,6.370163603444466,3.5658519784917287e-05,3.5658519784917287e-05,3.609963174627855e-05,3.609963174627855e-05,7.162271851917562e-05,9.207673064546626e-06,8.59092859938296e-06,0.004265499948244614,0.01221929255294232,0.01221929255294232,0.0,0.0086061650300317,-0.0005634905666148984,0.01221929255294232,0.008074654883647378,0.37529662889789894,0.37529662889789894,0.9667878145150909,0.9667878145150909,0.13677307228445315,0.050183522391781504,1.5007356184741123,True,402,23710,346,64,224899,192,5.464951351983473
1816,PASS,WITNESS,3,33.666666666666664,7.16631e-05,3.583155e-05,0.6549375,0.21850000000000003,0.6675000000000001,0.6675000000000001,0.5,17.88933168952953,48.538855170767334,9.67376739642172,13.123843941175021,3.5658519784917287e-05,3.5658519784917287e-05,3.609963174627855e-05,3.609963174627855e-05,7.162271851917562e-05,2.035830165910337e-05,1.8390702485893747e-05,0.004265499948244614,0.01221929255294232,0.01221929255294232,0.0,0.027456238611079112,-0.0005634905666148984,0.027456238611079112,0.01336025992190043,0.37529662889789894,0.37529662889789894,0.9667878145150909,0.9667878145150909,0.13677307228445315,1.1318406994815327,0.4201269985649283,True,402,23710,346,64,224899,192,5.464951351983473
1816,PASS,WITNESS,4,33.666666666666664,7.16631e-05,3.583155e-05,0.6549375,0.21850000000000003,0.6225,0.6225,1.3410602019609281,11.435853594985783,48.538855170767334,4.695535946106048,9.964972765002278,3.529726476712363e-05,3.529726476712363e-05,3.6422734630313204e-05,3.6422734630313204e-05,7.162271851917562e-05,1.4917879378587633e-05,1.4916618816698764e-05,0.01434753708572982,0.030900202157058555,0.030900202157058555,0.0,1.7590111073462012e-05,-0.0005634905666148984,0.030900202157058555,0.018778598803563758,0.3303201964698027,0.3303201964698027,0.9760514917782749,0.9760514917782749,0.13677307228445315,0.25042007057017246,1.2620347924750264,True,402,23710,346,64,224899,192,5.464951351983473
1816,PASS,WITNESS,5,33.666666666666664,7.16631e-05,3.583155e-05,0.6549375,0.21850000000000003,0.6225,0.6225,1.5375695949424535,11.435853594985783,48.538855170767334,3.95316171964649,8.389489362677569,3.529726476712363e-05,3.529726476712363e-05,3.6422734630313204e-05,3.6422734630313204e-05,7.162271851917562e-05,1.2117627096451878e-05,1.2231705549573928e-05,0.01434753708572982,0.030900202157058555,0.030900202157058555,0.0,-0.001591871592521811,-0.0005634905666148984,0.030900202157058555,0.01878983938154833,0.3303201964698027,0.3303201964698027,0.9760514917782749,0.9760514917782749,0.13677307228445315,0.05075668904796998,1.459829256022241,True,402,23710,346,64,224899,192,5.464951351983473
419,PASS,WITNESS,1,39.791666666666664,1.67922e-05,8.3961e-06,0.6488125,0.27825,0.6666666666666666,0.6666666666666666,0.9794829188749217,3.5484001257624547,14.059092644346745,3.6901867563785635,7.310432257371184,8.431613898850277e-06,8.431613898850277e-06,8.426384823184254e-06,8.426384823184254e-06,1.6790395686412513e-05,8.459014828414977e-06,8.458571009101035e-06,-0.004318989944379033,-0.0006201749426329839,-0.0006201749426329839,0.0,2.6430087418062988e-05,-0.00010744950557335714,0.004318989944379033,0.0017997755417623487,0.3371010647311975,0.3371010647311975,0.9508528615475653,0.9508528615475653,0.20144905084784587,0.6399097518215173,0.9058002472810013,True,870,37961,390,64,117123,183,5.238068295060657
419,PASS,WITNESS,2,39.791666666666664,1.67922e-05,8.3961e-06,0.5845,0.27899999999999997,0.7533333333333333,0.7533333333333333,0.6179056357889152,11.83632017569477,48.538855170767334,9.673767396421722,19.83528612105337,8.440831716321598e-06,8.440831716321598e-06,8.454368400215587e-06,8.454368400215587e-06,1.679054166083064e-05,7.100259405911808e-06,7.0994394885518126e-06,-0.005397677318714866,0.0016011466798210524,0.0016011466798210524,0.0,4.882727456766457e-05,-9.875651608257338e-05,0.005397677318714866,0.00239006271778878,0.4231483469757633,0.4231483469757633,0.937884725988685,0.937884725988685,0.22425560810383638,1.0724197287429365,0.5630859226054585,True,870,37961,390,64,117123,183,5.238068295060657
419,PASS,WITNESS,3,39.791666666666664,1.67922e-05,8.3961e-06,0.5845,0.27899999999999997,0.7533333333333333,0.7533333333333333,1.6318941035735857,11.83632017569477,48.538855170767334,3.6901867563785626,7.566432719890026,8.440831716321598e-06,8.440831716321598e-06,8.454368400215587e-06,8.454368400215587e-06,1.679054166083064e-05,2.7507760239809018e-06,2.651553431038788e-06,-0.005397677318714866,0.0016011466798210524,0.0016011466798210524,0.0,0.005908850117442247,-9.875651608257338e-05,0.005908850117442247,0.0033957454846086175,0.4231483469757633,0.4231483469757633,0.937884725988685,0.937884725988685,0.22425560810383638,0.050342130308554014,1.5790213012744814,True,870,37961,390,64,117123,183,5.238068295060657
419,PASS,WITNESS,4,39.791666666666664,1.67922e-05,8.3961e-06,0.7223125,0.27975,0.78,0.78,1.4118035834342773,17.88933168952953,5.181576093702661,4.859966629772523,0.7038353176648005,8.313967806062033e-06,8.313967806062033e-06,8.429849940214543e-06,8.429849940214543e-06,1.679220585889931e-05,2.4852925350330553e-06,2.4854963384496146e-06,0.009782529356510215,0.013746642582532203,0.013746642582532203,0.0,-1.2136790686110738e-05,3.489058768823958e-07,0.013746642582532203,0.008884803436375533,0.44922877019114316,0.44922877019114316,0.926558473239632,0.926558473239632,0.1699292705609995,0.28961860261381867,1.2999734638261982,True,870,37961,390,64,117123,183,5.238068295060657
419,PASS,WITNESS,5,39.791666666666664,1.67922e-05,8.3961e-06,0.7223125,0.27975,0.78,0.78,1.6554752307313687,17.88933168952953,5.181576093702661,7.345319639001937,1.0637717859615035,8.313967806062033e-06,8.313967806062033e-06,8.429849940214543e-06,8.429849940214543e-06,1.679220585889931e-05,3.1876019164976924e-06,3.2616643249914874e-06,0.009782529356510215,0.013746642582532203,0.013746642582532203,0.0,-0.004410524439549021,3.489058768823958e-07,0.013746642582532203,0.009065419379417902,0.44922877019114316,0.44922877019114316,0.926558473239632,0.926558473239632,0.1699292705609995,0.05019012221072469,1.5479263736864208,True,870,37961,390,64,117123,183,5.238068295060657
1776,PASS,NO_WITNESS,0,3.0416666666666665,7.13247e-05,3.566235e-05,,,,,,,,,,,,,,,,,,,,,,,,,,,,,,,,False,0,0,0,0,0,0,0.005287759006023407
494,PASS,WITNESS,1,39.791666666666664,1.77821e-05,8.89105e-06,0.7321250000000001,0.276,0.5866666666666667,0.5866666666666667,0.9087395374015725,1.6640792191824323,4.8368836982108645,1.672020660227165,2.429983314886263,8.778834500460492e-06,8.778834500460492e-06,8.815438392624488e-06,8.815438392624488e-06,1.7778765721080274e-05,8.665622600172956e-06,8.666170293778483e-06,0.012433667573531242,0.0041169369381565185,0.0041169369381565185,0.0,-3.080027699356477e-05,-0.00018750760144902248,0.012433667573531242,0.005605511225455734,0.25892034089924004,0.25892034089924004,0.9503403586842525,0.9503403586842525,0.16043809927863267,0.6297906075752923,0.7947700351086349,True,872,34812,390,64,148037,189,5.271725922008045
494,PASS,WITNESS,2,39.791666666666664,1.77821e-05,8.89105e-06,0.7321250000000001,0.276,0.5866666666666667,0.5866666666666667,1.4825469649076264,1.6640792191824323,4.8368836982108645,1.4076706353296002,2.045797781135994,8.778834500460492e-06,8.778834500460492e-06,8.815438392624488e-06,8.815438392624488e-06,1.7778765721080274e-05,7.166485144650018e-06,7.519217505864079e-06,0.012433667573531242,0.0041169369381565185,0.0041169369381565185,0.0,-0.019836372600202476,-0.00018750760144902248,0.019836372600202476,0.009848953124311081,0.25892034089924004,0.25892034089924004,0.9503403586842525,0.9503403586842525,0.16043809927863267,0.05025536876214387,1.3680910241724415,True,872,34812,390,64,148037,189,5.271725922008045
494,PASS,WITNESS,3,39.791666666666664,1.77821e-05,8.89105e-06,0.7321250000000001,0.27675,0.84,0.84,1.5847318492580196,55.703437880995246,4.8368836982108645,29.10284230837079,1.263540177122413,9.190485633025528e-06,9.190485633025528e-06,9.494293341622801e-06,9.494293341622801e-06,1.7783576483178335e-05,4.534349622760306e-06,4.534393583830084e-06,-0.03250071904394336,0.0319989806155858,0.0319989806155858,0.0,-2.4722091191856336e-06,8.302509788912183e-05,0.03250071904394336,0.022745597224244345,0.5115687594993376,0.5115687594993376,0.8915936126905937,0.8915936126905937,0.1611867097512082,0.14745240209926555,1.4714497575553178,True,872,34812,390,64,148037,189,5.271725922008045
494,PASS,WITNESS,4,39.791666666666664,1.77821e-05,8.89105e-06,0.7321250000000001,0.27675,0.84,0.84,1.6790563578891518,55.703437880995246,4.8368836982108645,9.673767396421725,0.42,9.190485633025528e-06,9.190485633025528e-06,9.494293341622801e-06,9.494293341622801e-06,1.7783576483178335e-05,1.5325915670277468e-06,1.6900470501521145e-06,-0.03250071904394336,0.0319989806155858,0.0319989806155858,0.0,-0.008854718122402173,8.302509788912183e-05,0.03250071904394336,0.02303106302887722,0.5115687594993376,0.5115687594993376,0.8915936126905937,0.8915936126905937,0.1611867097512082,0.05197826601258314,1.5522464304642891,True,872,34812,390,64,148037,189,5.271725922008045
494,PASS,WITNESS,5,39.791666666666664,1.77821e-05,8.89105e-06,0.8131250000000001,0.27525,0.48,0.48,0.7122301444200473,0.7539929598192622,2.1174385760647425,0.43678231956605246,0.613307936597905,8.591291593417431e-06,8.591291593417431e-06,8.927681010459592e-06,8.927681010459592e-06,1.7783403322631212e-05,6.080501855232466e-06,6.0801872705206004e-06,0.033785441678182294,0.03767937235302764,0.03767937235302764,0.0,1.76910888964364e-05,7.328870675463852e-05,0.03767937235302764,0.02575827360750725,0.15294467123887714,0.15294467123887714,0.9346781519652669,0.9346781519652669,0.11169921140153502,0.6820437435321258,0.5271126718850175,True,872,34812,390,64,148037,189,5.271725922008045
1213,PASS,WITNESS,1,27.541666666666664,3.70075e-05,1.850375e-05,0.68725,0.23500000000000004,0.6016666666666667,0.6016666666666667,1.254596069049057,4.515121169107457,15.58840375050076,3.690186756378567,6.370163603444466,1.8620897082249788e-05,1.8620897082249788e-05,1.8438333918820673e-05,1.8438333918820673e-05,3.701285920992407e-05,1.4453624061529013e-05,1.445307050648347e-05,-0.006147259005951257,-0.009804208821020838,-0.009804208821020838,0.0,1.495791516700873e-05,0.00014479318913666138,0.009804208821020838,0.006192132149018637,0.3010961056261109,0.3010961056261109,0.9701961910677847,0.9701961910677847,0.13811729886838356,0.3145890043836777,1.1626569801277928,True,468,26443,354,64,183329,192,5.402964481967501
1213,PASS,WITNESS,2,27.541666666666664,3.70075e-05,1.850375e-05,0.68725,0.23500000000000004,0.6016666666666667,0.6016666666666667,1.5139884677846704,4.515121169107457,15.58840375050076,2.801969506031184,4.8368836982108645,1.8620897082249788e-05,1.8620897082249788e-05,1.8438333918820673e-05,1.8438333918820673e-05,3.701285920992407e-05,1.0594159633586161e-05,1.0621030898561213e-05,-0.006147259005951257,-0.009804208821020838,-0.009804208821020838,0.0,-0.0007261032216456744,0.00014479318913666138,0.009804208821020838,0.006199220454416279,0.3010961056261109,0.3010961056261109,0.9701961910677847,0.9701961910677847,0.13811729886838356,0.05002794546212069,1.4224652728279403,True,468,26443,354,64,183329,192,5.402964481967501
1213,PASS,WITNESS,3,27.541666666666664,3.70075e-05,1.850375e-05,0.68725,0.23500000000000004,0.5383333333333333,0.5383333333333333,0.6414867629466983,2.788661252030144,15.58840375050076,3.328158438364866,9.302075941475236,1.826678756582002e-05,1.826678756582002e-05,1.846831675978579e-05,1.846831675978579e-05,3.701285920992407e-05,2.1654454366714856e-05,2.16555651212964e-05,0.012949123318620233,0.010891262255800675,0.010891262255800675,0.0,-3.0014310113996573e-05,0.00014479318913666138,0.012949123318620233,0.008215238358243407,0.23784972407296148,0.23784972407296148,0.9709478480901906,0.9709478480901906,0.13811729886838356,0.8721949419323791,0.5470562167388173,True,468,26443,354,64,183329,192,5.402964481967501
1213,PASS,WITNESS,4,27.541666666666664,3.70075e-05,1.850375e-05,0.71975,0.23625000000000004,0.6333333333333334,0.6333333333333334,1.1917130632949688,6.154637358888604,10.313931287154782,5.388621012417748,4.515121169107457,1.8170887467945713e-05,1.8170887467945713e-05,1.8463226487918477e-05,1.8463226487918477e-05,3.699497225550095e-05,1.5621958155395996e-05,1.562264570115522e-05,0.017650403826508676,0.01579890670662774,0.01579890670662774,0.0,-1.857855189419173e-05,-0.0003385190704331331,0.017650403826508676,0.011625135137651258,0.33203260389764877,0.33203260389764877,0.969090816639309,0.969090816639309,0.12291771718214435,0.41035566258332407,1.0822804273821385,True,468,26443,354,64,183329,192,5.402964481967501
1213,PASS,WITNESS,5,27.541666666666664,3.70075e-05,1.850375e-05,0.71975,0.23625000000000004,0.6333333333333334,0.6333333333333334,1.5454299706617145,6.154637358888604,10.313931287154782,3.8194116069968422,3.200281882980057,1.8170887467945713e-05,1.8170887467945713e-05,1.8463226487918477e-05,1.8463226487918477e-05,3.699497225550095e-05,1.0704126233171576e-05,1.065871796444903e-05,0.017650403826508676,0.01579890670662774,0.01579890670662774,0.0,0.0012270017894358098,-0.0003385190704331331,0.017650403826508676,0.011635919889438706,0.33203260389764877,0.33203260389764877,0.969090816639309,0.969090816639309,0.12291771718214435,0.0506775986180833,1.4366534636647885,True,468,26443,354,64,183329,192,5.402964481967501
1810,PASS,WITNESS,1,21.416666666666664,7.16631e-05,3.583155e-05,0.71075,0.19875,0.7425,0.7425,0.523581127157783,45.30991981197273,20.529888333673995,54.07562207638925,12.2508105003187,3.553067771631551e-05,3.553067771631551e-05,3.579767817229267e-05,3.579767817229267e-05,7.167175264541294e-05,4.3468190765095314e-05,4.3468591707046185e-05,0.008516566014532758,0.0074515463600420325,0.0074515463600420325,0.0,-5.594817289102282e-06,0.00012072601957628375,0.008516566014532758,0.005531690354454489,0.4591335574226974,0.4591335574226974,0.9444474853260088,0.9444474853260088,0.0869789526147415,1.163040444731842,0.41378978548206924,True,542,24782,321,64,185123,192,5.200202213018201
1810,PASS,WITNESS,2,21.416666666666664,7.16631e-05,3.583155e-05,0.6695,0.195,0.42750000000000005,0.42750000000000005,0.6179056357889152,2.9873905139168784,38.14632505784194,2.127543571923006,13.583421432721881,3.546176116805932e-05,3.546176116805932e-05,3.545409298154317e-05,3.545409298154317e-05,7.165181602559586e-05,2.557977318979071e-05,2.557939317548656e-05,0.010162743301325529,-0.00021400655333495797,-0.00021400655333495797,0.0,5.302789080430376e-06,-0.000157458641953002,0.010162743301325529,0.004151260257678288,0.14590143858367535,0.14590143858367535,0.9926857619774746,0.9926857619774746,0.1058139209420852,0.795447746934921,0.530555849364516,True,542,24782,321,64,185123,192,5.200202213018201
1810,PASS,WITNESS,3,21.416666666666664,7.16631e-05,3.583155e-05,0.71075,0.19875,0.7425,0.7425,1.6318941035735857,45.30991981197273,20.529888333673995,12.309274717777212,2.788661252030144,3.553067771631551e-05,3.553067771631551e-05,3.579767817229267e-05,3.579767817229267e-05,7.167175264541294e-05,8.831027782837353e-06,7.96821818594226e-06,0.008516566014532758,0.0074515463600420325,0.0074515463600420325,0.0,0.012039802867795182,0.00012072601957628375,0.012039802867795182,0.007399937058952794,0.4591335574226974,0.4591335574226974,0.9444474853260088,0.9444474853260088,0.0869789526147415,0.05490392843689959,1.5287629596958632,True,542,24782,321,64,185123,192,5.200202213018201
1810,PASS,WITNESS,4,21.416666666666664,7.16631e-05,3.583155e-05,0.6695,0.195,0.42750000000000005,0.42750000000000005,1.3567809533994502,2.9873905139168784,38.14632505784194,1.6154500042515922,10.313931287154782,3.546176116805932e-05,3.546176116805932e-05,3.545409298154317e-05,3.545409298154317e-05,7.165181602559586e-05,1.8884080152518734e-05,2.0258661954063888e-05,0.010162743301325529,-0.00021400655333495797,-0.00021400655333495797,0.0,-0.019181165781903847,-0.000157458641953002,0.019181165781903847,0.008862983536364248,0.14590143858367535,0.14590143858367535,0.9926857619774746,0.9926857619774746,0.1058139209420852,0.051360480527170016,1.2703575515576064,True,542,24782,321,64,185123,192,5.200202213018201
1810,PASS,WITNESS,5,21.416666666666664,7.16631e-05,3.583155e-05,0.71075,0.19875,0.675,0.675,0.5314415028770441,19.16418487570231,20.529888333673995,21.350219635271845,11.435853594985783,3.506138572358344e-05,3.506138572358344e-05,3.558883926204302e-05,3.558883926204302e-05,7.167175264541294e-05,3.997067404442117e-05,3.9969162579485623e-05,0.02161215738520376,0.014720366226400453,0.014720366226400453,0.0,2.1091258060905597e-05,0.00012072601957628375,0.02161215738520376,0.012250705626850569,0.3916556118437404,0.3916556118437404,0.964991834303047,0.964991834303047,0.0869789526147415,1.1084298980821983,0.42209486437146904,True,542,24782,321,64,185123,192,5.200202213018201
1864,PASS,WITNESS,1,29.583333333333332,7.52313e-05,3.761565e-05,0.76725,0.20875000000000002,0.49500000000000005,0.49500000000000005,1.1681319361371858,4.515121169107457,11.435853594985783,3.215554503181817,4.0721620913169945,3.759855102443354e-05,3.759855102443354e-05,3.7484328366425626e-05,3.7484328366425626e-05,7.524115145441075e-05,2.564765682114278e-05,2.5648193395896474e-05,0.0005854430014983653,-0.0030365727564967207,-0.0030365727564967207,0.0,-7.132333931412862e-06,0.00013093173376951489,0.0030365727564967207,0.0017701923486867558,0.20740936304698915,0.20740936304698915,0.9908817980731232,0.9908817980731232,0.06488277291066427,0.31102609774331025,1.0294165822439978,True,509,24490,329,64,204161,192,5.306899965973571
1864,PASS,WITNESS,2,29.583333333333332,7.52313e-05,3.761565e-05,0.736375,0.21000000000000002,0.6075,0.6075,1.5061280920654094,10.313931287154782,15.58840375050076,5.772632041224321,4.362357885482179,3.771553250402416e-05,3.771553250402416e-05,3.7579207860475265e-05,3.7579207860475265e-05,7.522822679807997e-05,1.944789124979494e-05,1.9448823258899095e-05,-0.0026890540382361943,-0.0036145490862245773,-0.0036145490862245773,0.0,-1.2388581669556677e-05,-4.0850044064594255e-05,0.0036145490862245773,0.002358062906181827,0.3192318780154909,0.3192318780154909,0.9788521757415836,0.9788521757415836,0.08360879998883239,0.07780934655618343,1.3862570442786102,True,509,24490,329,64,204161,192,5.306899965973571
1864,PASS,WITNESS,3,29.583333333333332,7.52313e-05,3.761565e-05,0.745875,0.21125000000000002,0.765,0.765,1.4746865891883654,66.16412720785128,14.059092644346745,38.3283697514046,4.0721620913169945,3.7834312046908967e-05,3.7834312046908967e-05,3.771042750935392e-05,3.771042750935392e-05,7.523557840520589e-05,2.0235592770891642e-05,2.0237594097472843e-05,-0.005722922727855263,-0.0032743964632274826,-0.0032743964632274826,0.0,-2.66023128830715e-05,5.6866781602149946e-05,0.005722922727855263,0.0030055263116381724,0.4761372305762151,0.4761372305762151,0.9349349738332848,0.9349349738332848,0.07947898001088663,0.22644029720302628,1.3491212926306964,True,509,24490,329,64,204161,192,5.306899965973571
1864,PASS,WITNESS,4,29.583333333333332,7.52313e-05,3.761565e-05,0.745875,0.21125000000000002,0.765,0.765,1.6476148550121077,66.16412720785128,14.059092644346745,13.18647451292768,1.400984753015591,3.7834312046908967e-05,3.7834312046908967e-05,3.771042750935392e-05,3.771042750935392e-05,7.523557840520589e-05,6.806277077836232e-06,6.1477347874346445e-06,-0.005722922727855263,-0.0032743964632274826,-0.0032743964632274826,0.0,0.008753567868714049,5.6866781602149946e-05,0.008753567868714049,0.004669464159280456,0.4761372305762151,0.4761372305762151,0.9349349738332848,0.9349349738332848,0.07947898001088663,0.05214310283519487,1.525495843603844,True,509,24490,329,64,204161,192,5.306899965973571
1864,PASS,WITNESS,5,29.583333333333332,7.52313e-05,3.761565e-05,0.736375,0.21000000000000002,0.6075,0.6075,1.5297092192231925,10.313931287154782,15.58840375050076,4.695535946106051,3.5484001257624547,3.771553250402416e-05,3.771553250402416e-05,3.7579207860475265e-05,3.7579207860475265e-05,7.522822679807997e-05,1.5957481337180383e-05,1.5219554493860366e-05,-0.0026890540382361943,-0.0036145490862245773,-0.0036145490862245773,0.0,0.009808774317604732,-4.0850044064594255e-05,0.009808774317604732,0.0046471257094002115,0.3192318780154909,0.3192318780154909,0.9788521757415836,0.9788521757415836,0.08360879998883239,0.05055352789403886,1.4104687399706,True,509,24490,329,64,204161,192,5.306899965973571
1641,PASS,WITNESS,1,33.666666666666664,6.48065e-05,3.240325e-05,0.7839375,0.22250000000000003,0.6825000000000001,0.6825000000000001,0.5628830057540881,19.16418487570231,8.683276799798922,26.247687882350057,5.946403165994846,3.23784900693169e-05,3.23784900693169e-05,3.2763014069863585e-05,3.2763014069863585e-05,6.481542194518953e-05,4.485819949246607e-05,4.485752643140265e-05,0.0009016651408232503,0.011736527040116877,0.011736527040116877,0.0,1.0385703030086806e-05,0.00013765157923493684,0.011736527040116877,0.0067863120786508975,0.38836710387934176,0.38836710387934176,0.9629701580939806,0.9629701580939806,0.07060161098341491,1.0829140330061842,0.41327589306612345,True,480,24420,350,64,234643,192,5.489669467904605
1641,PASS,WITNESS,2,33.666666666666664,6.48065e-05,3.240325e-05,0.7839375,0.22250000000000003,0.6825000000000001,0.6825000000000001,1.5925922249772806,19.16418487570231,8.683276799798922,6.400563765960115,1.4500451549353548,3.23784900693169e-05,3.23784900693169e-05,3.2763014069863585e-05,3.2763014069863585e-05,6.481542194518953e-05,1.0223289742030199e-05,1.0049357625197234e-05,0.0009016651408232503,0.011736527040116877,0.011736527040116877,0.0,0.0026838683902535203,0.00013765157923493684,0.011736527040116877,0.00687419366721694,0.38836710387934176,0.38836710387934176,0.9629701580939806,0.9629701580939806,0.07060161098341491,0.05034446714197355,1.446228872580372,True,480,24420,350,64,234643,192,5.489669467904605
1641,PASS,WITNESS,3,33.666666666666664,6.48065e-05,3.240325e-05,0.8054375,0.22125000000000006,0.5775,0.5775,1.0659470517867928,6.824122616963465,7.310432257371184,4.695535946106051,2.515077715685437,3.25808276485273e-05,3.25808276485273e-05,3.218752644267174e-05,3.218752644267174e-05,6.47945758766207e-05,2.1975256446817536e-05,2.197390647148006e-05,-0.005633365493256443,-0.012071553555925027,-0.012071553555925027,0.0,2.0830863223234886e-05,-0.00018399579331237096,0.012071553555925027,0.007339549323863648,0.2840466361149457,0.2840466361149457,0.9820705351326091,0.9820705351326091,0.057326929930990034,0.488893592588403,0.9046632153696141,True,480,24420,350,64,234643,192,5.489669467904605
1641,PASS,WITNESS,4,33.666666666666664,6.48065e-05,3.240325e-05,0.8054375,0.22125000000000006,0.525,0.525,1.238875317610535,4.673233995671801,7.310432257371184,2.6155749489189843,2.045797781135994,3.20647346011024e-05,3.20647346011024e-05,3.2471154244258494e-05,3.2471154244258494e-05,6.47945758766207e-05,1.7712526112946465e-05,1.771294359183607e-05,0.0102629624253108,0.012516328803678395,0.012516328803678395,0.0,-6.441929275715136e-06,-0.00018399579331237096,0.012516328803678395,0.008353435093194991,0.23161254224132716,0.23161254224132716,0.9859628062349723,0.9859628062349723,0.057326929930990034,0.2605468038890979,1.0781241795254817,True,480,24420,350,64,234643,192,5.489669467904605
1641,PASS,WITNESS,5,33.666666666666664,6.48065e-05,3.240325e-05,0.8054375,0.22125000000000006,0.5775,0.5775,1.4982677163461484,6.824122616963465,7.310432257371184,3.4447055958463264,1.8450933781892822,3.25808276485273e-05,3.25808276485273e-05,3.218752644267174e-05,3.218752644267174e-05,6.47945758766207e-05,1.527709572620803e-05,1.6133433849719947e-05,-0.005633365493256443,-0.012071553555925027,-0.012071553555925027,0.0,-0.013213769043412564,-0.00018399579331237096,0.013213769043412564,0.009108761021422815,0.2840466361149457,0.2840466361149457,0.9820705351326091,0.9820705351326091,0.057326929930990034,0.05063697720829785,1.3373058695312603,True,480,24420,350,64,234643,192,5.489669467904605
1392,PASS,WITNESS,1,35.70833333333333,5.08389e-05,2.541945e-05,0.7575000000000001,0.23250000000000004,0.5175000000000001,0.5175000000000001,0.8065546530511795,3.4283445980090392,8.987352235924643,3.5653340614050797,4.673233995671801,2.5492012295513904e-05,2.5492012295513904e-05,2.5483810267218463e-05,2.5483810267218463e-05,5.0855237151559926e-05,2.5843757512882346e-05,2.5845539005846372e-05,-0.0025260351747622882,-0.000321748954157054,-0.000321748954157054,0.0,-3.5041925848629654e-05,0.0003212481639056855,0.0025260351747622882,0.0010561192169541132,0.21833836817993443,0.21833836817993443,0.9796303830655805,0.9796303830655805,0.09705859029608468,0.6924401705019102,0.6742051446091204,True,456,27862,343,64,214781,192,5.432469088002108
1392,PASS,WITNESS,2,35.70833333333333,5.08389e-05,2.541945e-05,0.7434375,0.23375000000000004,0.63,0.63,0.7829735258933964,8.389489362677569,10.313931287154782,9.673767396421733,5.946403165994846,2.5511904215671027e-05,2.5511904215671027e-05,2.5326466359783976e-05,2.5326466359783976e-05,5.0832658184058874e-05,2.864903522299059e-05,2.8649695809333673e-05,-0.0037462951739557705,-0.007268679527776838,-0.007268679527776838,0.0,-1.299371825674583e-05,-0.00012277637677299361,0.007268679527776838,0.004466866436344689,0.3300315136947753,0.3300315136947753,0.9728197980413528,0.9728197980413528,0.10581307682502714,0.8211048294907818,0.6588708627155,True,456,27862,343,64,214781,192,5.432469088002108
1392,PASS,WITNESS,3,35.70833333333333,5.08389e-05,2.541945e-05,0.6281249999999999,0.23500000000000004,0.6825000000000001,0.6825000000000001,1.231014941891274,14.551421154185402,57.65408941012277,5.388621012417745,10.675109817635912,2.500048009606684e-05,2.500048009606684e-05,2.5161759782602534e-05,2.5161759782602534e-05,5.0825092848506426e-05,9.606923904319463e-06,9.606889252355221e-06,0.016210670497842167,0.00634473548938686,0.00634473548938686,0.0,6.816033439437056e-07,-0.00027158635402364827,0.016210670497842167,0.007564951359861869,0.3818172185488726,0.3818172185488726,0.9623037373021801,0.9623037373021801,0.16558077435956553,0.4085132246530204,1.1631395455036,True,456,27862,343,64,214781,192,5.432469088002108
1392,PASS,WITNESS,4,35.70833333333333,5.08389e-05,2.541945e-05,0.6281249999999999,0.23500000000000004,0.6825000000000001,0.6825000000000001,1.5847318492580196,14.551421154185402,57.65408941012277,3.953161719646492,7.831397937775255,2.500048009606684e-05,2.500048009606684e-05,2.5161759782602534e-05,2.5161759782602534e-05,5.0825092848506426e-05,6.835423879045784e-06,6.7703099661254415e-06,0.016210670497842167,0.00634473548938686,0.00634473548938686,0.0,0.001280789177585331,-0.00027158635402364827,0.016210670497842167,0.0075830002298484765,0.3818172185488726,0.3818172185488726,0.9623037373021801,0.9623037373021801,0.16558077435956553,0.050040094263390955,1.51867901835749,True,456,27862,343,64,214781,192,5.432469088002108
1392,PASS,WITNESS,5,35.70833333333333,5.08389e-05,2.541945e-05,0.7575000000000001,0.23250000000000004,0.465,0.465,1.12096968182162,2.515077715685437,8.987352235924643,2.055560887532046,3.67265981950097,2.4963106244298317e-05,2.4963106244298317e-05,2.5214628934922167e-05,2.5214628934922167e-05,5.0855237151559926e-05,2.0119225574156256e-05,2.0120887367763556e-05,0.018268023413096905,0.009894891141383892,0.009894891141383892,0.0,-3.2687442240093335e-05,0.0003212481639056855,0.018268023413096905,0.0093954127962606,0.16588359457788493,0.16588359457788493,0.9820355821492035,0.9820355821492035,0.09705859029608468,0.32427737232293335,0.9889441112872082,True,456,27862,343,64,214781,192,5.432469088002108
1649,PASS,WITNESS,1,50.0,6.48065e-05,3.240325e-05,0.686,0.23750000000000004,0.54,0.54,1.4432450863113213,5.181576093702661,26.123021680049693,2.801969506031183,7.063093239318447,3.2019494761423847e-05,3.2019494761423847e-05,3.2441717909411494e-05,3.2441717909411494e-05,6.480872793606929e-05,1.6493703903329524e-05,1.649505363321477e-05,0.01187707948813472,0.013014820891009549,0.013014820891009549,0.0,-2.0827075760068794e-05,3.437709920006727e-05,0.013014820891009549,0.008942760185103383,0.2380442948881059,0.2380442948881059,0.9852807505330691,0.9852807505330691,0.1397143879039202,0.07049160494239304,1.3513200459573627,True,448,24727,334,64,239962,192,5.49867700599134
1649,PASS,WITNESS,2,50.0,6.48065e-05,3.240325e-05,0.8360000000000001,0.23875000000000002,0.78,0.78,0.9952036703134437,70.87920264192343,5.745214307628796,35.778663379059054,1.4500451549353548,3.285183294781416e-05,3.285183294781416e-05,3.217950254760893e-05,3.217950254760893e-05,6.481255943917e-05,1.6077676191723148e-05,1.607765283529257e-05,-0.013562507423464883,-0.02046553692371552,-0.02046553692371552,0.0,3.6040259196361745e-07,9.349174330462536e-05,0.02046553692371552,0.013048797847563218,0.4772128739536774,0.4772128739536774,0.9276651687230366,0.9276651687230366,0.0565437815080064,0.7126079614905054,0.8165294908399412,True,448,24727,334,64,239962,192,5.49867700599134
1649,PASS,WITNESS,3,50.0,6.48065e-05,3.240325e-05,0.8360000000000001,0.23875000000000002,0.78,0.78,0.5,70.87920264192343,5.745214307628796,11.101664828022269,0.44993059480841036,3.285183294781416e-05,3.285183294781416e-05,3.217950254760893e-05,3.217950254760893e-05,6.481255943917e-05,5.537903306467717e-06,5.018849976046351e-06,-0.013562507423464883,-0.02046553692371552,-0.02046553692371552,0.0,0.008009278859703371,9.349174330462536e-05,0.02046553692371552,0.0134522321525836,0.4772128739536774,0.4772128739536774,0.9276651687230366,0.9276651687230366,0.0565437815080064,1.2052061345638971,0.29805720223385135,True,448,24727,334,64,239962,192,5.49867700599134
1649,PASS,WITNESS,4,50.0,6.48065e-05,3.240325e-05,0.8360000000000001,0.23875000000000002,0.78,0.78,1.6554752307313687,70.87920264192343,5.745214307628796,21.350219635271824,0.865286168209724,3.285183294781416e-05,3.285183294781416e-05,3.217950254760893e-05,3.217950254760893e-05,6.481255943917e-05,8.562658140785197e-06,9.423585946570448e-06,-0.013562507423464883,-0.02046553692371552,-0.02046553692371552,0.0,-0.013284590369565566,9.349174330462536e-05,0.02046553692371552,0.014130977158691037,0.4772128739536774,0.4772128739536774,0.9276651687230366,0.9276651687230366,0.0565437815080064,0.052788284982662165,1.4748372163250787,True,448,24727,334,64,239962,192,5.49867700599134
1649,PASS,WITNESS,5,50.0,6.48065e-05,3.240325e-05,0.686,0.23750000000000004,0.54,0.54,1.4668262134691044,5.181576093702661,26.123021680049693,3.328158438364867,8.389489362677569,3.2019494761423847e-05,3.2019494761423847e-05,3.2441717909411494e-05,3.2441717909411494e-05,6.480872793606929e-05,1.912754482047608e-05,2.070856497601104e-05,0.01187707948813472,0.013014820891009549,0.013014820891009549,0.0,-0.024396012059515016,3.437709920006727e-05,0.024396012059515016,0.01338533232690756,0.2380442948881059,0.2380442948881059,0.9852807505330691,0.9852807505330691,0.1397143879039202,0.05076160973319016,1.3734814519025955,True,448,24727,334,64,239962,192,5.49867700599134
450,PASS,NO_WITNESS,0,1.0,1.74013e-05,8.70065e-06,,,,,,,,,,,,,,,,,,,,,,,,,,,,,,,,False,1625,0,0,0,0,0,1.3149077909765765
410,PASS,WITNESS,1,21.416666666666664,1.67922e-05,8.3961e-06,0.627375,0.254,0.5533333333333332,0.5533333333333332,1.3646413291187112,1.139579696185867,20.529888333673995,0.8694155504004573,7.831397937775255,8.405258588917157e-06,8.405258588917157e-06,8.359865825983167e-06,8.359865825983167e-06,1.6792416085125513e-05,6.4601675576954475e-06,6.459970505105558e-06,-0.0010767719111383926,-0.005400519502617409,-0.005400519502617409,0.0,1.1734769112404786e-05,1.2868018777979295e-05,0.005400519502617409,0.0031488347801377783,0.24138942844644834,0.24138942844644834,0.9387538478124283,0.9387538478124283,0.18555196007545055,0.11855720470804104,1.298942209594237,True,705,34345,342,64,141871,192,5.472378537990153
410,PASS,WITNESS,2,21.416666666666664,1.67922e-05,8.3961e-06,0.7896875000000001,0.256,0.7,0.7,1.262456444768318,5.363027180295652,2.515077715685437,3.690186756378564,0.865286168209724,8.296951576722133e-06,8.296951576722133e-06,8.286259677632526e-06,8.286259677632526e-06,1.67831073379755e-05,5.801267395372472e-06,5.801066267291105e-06,0.01126738512709666,-0.0012734363680288322,-0.0012734363680288322,0.0,1.1977470573666768e-05,-0.0005414812844358268,0.01126738512709666,0.004663521441470875,0.38657606517623494,0.38657606517623494,0.9506242895397659,0.9506242895397659,0.10680155177801237,0.382734718226011,1.1129794136050075,True,705,34345,342,64,141871,192,5.472378537990153
410,PASS,WITNESS,3,21.416666666666664,1.67922e-05,8.3961e-06,0.7896875000000001,0.256,0.7,0.7,1.5768714735387586,5.363027180295652,2.515077715685437,1.7911744052094272,0.42,8.296951576722133e-06,8.296951576722133e-06,8.286259677632526e-06,8.286259677632526e-06,1.67831073379755e-05,3.178043610884681e-06,3.3010366243834507e-06,0.01126738512709666,-0.0012734363680288322,-0.0012734363680288322,0.0,-0.007324413328734157,-0.0005414812844358268,0.01126738512709666,0.005539817694965072,0.38657606517623494,0.38657606517623494,0.9506242895397659,0.9506242895397659,0.10680155177801237,0.05635193797422511,1.4111661410772023,True,705,34345,342,64,141871,192,5.472378537990153
410,PASS,WITNESS,4,21.416666666666664,1.67922e-05,8.3961e-06,0.7315,0.255,0.6,0.6,1.4039432077150162,1.78266703070254,4.673233995671801,1.456965166901959,1.9097058034984202,8.301793096281386e-06,8.301793096281386e-06,8.422992450772183e-06,8.422992450772183e-06,1.679783031697954e-05,6.864295085619125e-06,6.864355517302922e-06,0.011563643682030795,0.014389108763796399,0.014389108763796399,0.0,-3.5987949046196303e-06,0.0003351812033632394,0.014389108763796399,0.00955617703048756,0.2873172174802893,0.2873172174802893,0.9500373499067136,0.9500373499067136,0.1399400944941087,0.14147884819430745,1.290271830756218,True,705,34345,342,64,141871,192,5.472378537990153
410,PASS,WITNESS,5,21.416666666666664,1.67922e-05,8.3961e-06,0.7896875000000001,0.256,0.7,0.7,0.5,5.363027180295652,2.515077715685437,2.055560887532046,0.48199414320154743,8.296951576722133e-06,8.296951576722133e-06,8.286259677632526e-06,8.286259677632526e-06,1.67831073379755e-05,3.926319775568504e-06,3.599133310969805e-06,0.01126738512709666,-0.0012734363680288322,-0.0012734363680288322,0.0,0.01948443114057116,-0.0005414812844358268,0.01948443114057116,0.009220751115664866,0.38657606517623494,0.38657606517623494,0.9506242895397659,0.9506242895397659,0.10680155177801237,1.131731774513418,0.324771123487701,True,705,34345,342,64,141871,192,5.472378537990153
1932,PASS,WITNESS,1,15.291666666666666,8.02048e-05,4.01024e-05,0.6921875,0.17375,0.5775,0.5775,1.419663957514765,8.683276799798922,29.97891298216905,4.234877152129486,7.310432257371184,4.0006458410861994e-05,4.0006458410861994e-05,4.04818098016624e-05,4.04818098016624e-05,8.01479811272068e-05,1.9005422634363194e-05,1.900510125538565e-05,0.0016839927969748885,0.011742345342991223,0.011742345342991223,0.0,4.006979352167182e-06,-0.0007084223487022755,0.011742345342991223,0.006820350166089019,0.303900143543669,0.303900143543669,0.9841378811471375,0.9841378811471375,0.07205499947211132,0.13399578338323626,1.3241555781249374,True,620,18579,321,64,182744,192,5.245478283031844
1932,PASS,WITNESS,2,15.291666666666666,8.02048e-05,4.01024e-05,0.6921875,0.17375,0.5025000000000001,0.5025000000000001,1.010924420841536,5.006264169884518,29.97891298216905,2.90009030987071,8.683276799798922,3.923583911138858e-05,3.923583911138858e-05,3.9499832283700646e-05,3.9499832283700646e-05,8.01479811272068e-05,2.2700984287232014e-05,2.2699691605693075e-05,0.020900281584514097,0.006582976886970987,0.006582976886970987,0.0,1.6117259053565967e-05,-0.0007084223487022755,0.020900281584514097,0.009345186476567744,0.2290576793610655,0.2290576793610655,0.9918174103985236,0.9918174103985236,0.07205499947211132,0.4714691809352445,0.9141920853680082,True,620,18579,321,64,182744,192,5.245478283031844
1932,PASS,WITNESS,3,15.291666666666666,8.02048e-05,4.01024e-05,0.6921875,0.17375,0.5025000000000001,0.5025000000000001,1.4275243332200194,5.006264169884518,29.97891298216905,2.1275435719230074,6.370163603444466,3.923583911138858e-05,3.923583911138858e-05,3.9499832283700646e-05,3.9499832283700646e-05,8.01479811272068e-05,1.6202891729754455e-05,1.5952219343968457e-05,0.020900281584514097,0.006582976886970987,0.006582976886970987,0.0,0.0031254037886260973,-0.0007084223487022755,0.020900281584514097,0.009431886968919728,0.2290576793610655,0.2290576793610655,0.9918174103985236,0.9918174103985236,0.07205499947211132,0.05046317661166666,1.3327581394926011,True,620,18579,321,64,182744,192,5.245478283031844
1932,PASS,WITNESS,4,15.291666666666666,8.02048e-05,4.01024e-05,0.6921875,0.17375,0.5775,0.5775,1.5061280902725633,8.683276799798922,29.97891298216905,4.695535946106049,8.10564184342366,4.0006458410861994e-05,4.0006458410861994e-05,4.04818098016624e-05,4.04818098016624e-05,8.01479811272068e-05,2.0158180319663056e-05,2.1958010168133265e-05,0.0016839927969748885,0.011742345342991223,0.011742345342991223,0.0,-0.022440425616299876,-0.0007084223487022755,0.022440425616299876,0.01142129403142238,0.303900143543669,0.303900143543669,0.9841378811471375,0.9841378811471375,0.07205499947211132,0.050120299741216096,1.4097047639405105,True,620,18579,321,64,182744,192,5.245478283031844
1932,PASS,WITNESS,5,15.291666666666666,8.02048e-05,4.01024e-05,0.6921875,0.175,0.78,0.78,0.5864641327577984,87.13798827725083,29.97891298216905,71.21745757749986,12.2508105003187,4.0537343635852665e-05,4.0537343635852665e-05,3.953347837604403e-05,3.953347837604403e-05,8.022268472945378e-05,3.293729279680831e-05,3.293724982081717e-05,-0.010508860051426861,-0.024763962553303147,-0.024763962553303147,0.0,5.358281691379629e-07,0.0002229385555232887,0.024763962553303147,0.014927566915776591,0.5058350470506159,0.5058350470506159,0.927591971616703,0.927591971616703,0.07330714557496618,1.120858155729837,0.4873726813587244,True,620,18579,321,64,182744,192,5.245478283031844
1304,PASS,WITNESS,1,9.166666666666666,4.66382e-05,2.33191e-05,0.6415624999999999,0.16999999999999998,0.7200000000000001,0.7200000000000001,0.8537169073667454,21.24881448247751,42.295781928615,11.101664828022278,11.048936282958636,2.3535749300883572e-05,2.3535749300883572e-05,2.31025777528744e-05,2.31025777528744e-05,4.663702661868022e-05,1.2306149169866625e-05,1.2306465404457313e-05,-0.009230043571857098,-0.018404833535208987,-0.018404833535208987,0.0,-6.780591675678578e-06,-2.5159232555596166e-05,0.018404833535208987,0.011274382305469434,0.45081787328283957,0.45081787328283957,0.9517371272447819,0.9517371272447819,0.09474925906992154,0.8167386138092888,0.780421335366567,True,640,20183,366,64,169687,192,5.314711541985162
1304,PASS,WITNESS,2,9.166666666666666,4.66382e-05,2.33191e-05,0.6415624999999999,0.16999999999999998,0.7200000000000001,0.7200000000000001,1.6161733521350636,21.24881448247751,42.295781928615,5.2063039916251865,5.181576093702661,2.3535749300883572e-05,2.3535749300883572e-05,2.31025777528744e-05,2.31025777528744e-05,4.663702661868022e-05,5.530936494921062e-06,5.207772744996709e-06,-0.009230043571857098,-0.018404833535208987,-0.018404833535208987,0.0,0.006929164288595034,-2.5159232555596166e-05,0.018404833535208987,0.011623850839123918,0.45081787328283957,0.45081787328283957,0.9517371272447819,0.9517371272447819,0.09474925906992154,0.0504567175691118,1.546078094205474,True,640,20183,366,64,169687,192,5.314711541985162
1304,PASS,WITNESS,3,9.166666666666666,4.66382e-05,2.33191e-05,0.656875,0.16874999999999998,0.45,0.45,0.7122301444200473,2.1174385760647425,32.115309880421194,1.6154500042515931,12.2508105003187,2.2751076081780805e-05,2.2751076081780805e-05,2.324715526966256e-05,2.324715526966256e-05,4.66714545089072e-05,1.824800162615175e-05,1.8248660536340328e-05,0.02505390838253033,0.021273513466718547,0.021273513466718547,0.0,-1.4128122195487023e-05,0.0007125235169360209,0.02505390838253033,0.015986092732140425,0.18173683444500896,0.18173683444500896,0.9811232199147312,0.9811232199147312,0.08630032022623642,0.7121361955144333,0.6315576257177293,True,640,20183,366,64,169687,192,5.314711541985162
1304,PASS,WITNESS,4,9.166666666666666,4.66382e-05,2.33191e-05,0.656875,0.16874999999999998,0.45,0.45,1.3646413291187112,2.1174385760647425,32.115309880421194,1.31402859387721,9.964972765002278,2.2751076081780805e-05,2.2751076081780805e-05,2.324715526966256e-05,2.324715526966256e-05,4.66714545089072e-05,1.4462860215280287e-05,1.5501268765071894e-05,0.02505390838253033,0.021273513466718547,0.021273513466718547,0.0,-0.022265193549313805,0.0007125235169360209,0.02505390838253033,0.01838962392776665,0.18173683444500896,0.18173683444500896,0.9811232199147312,0.9811232199147312,0.08630032022623642,0.05104519169286703,1.284687388947399,True,640,20183,366,64,169687,192,5.314711541985162
1304,PASS,WITNESS,5,9.166666666666666,4.66382e-05,2.33191e-05,0.6415624999999999,0.16999999999999998,0.7200000000000001,0.7200000000000001,0.5,21.24881448247751,42.295781928615,11.101664828022278,11.048936282958636,2.3535749300883572e-05,2.3535749300883572e-05,2.31025777528744e-05,2.31025777528744e-05,4.663702661868022e-05,1.2711205512192317e-05,1.1511581746918721e-05,-0.009230043571857098,-0.018404833535208987,-0.018404833535208987,0.0,0.025721913909061585,-2.5159232555596166e-05,0.025721913909061585,0.015407178994373834,0.45081787328283957,0.45081787328283957,0.9517371272447819,0.9517371272447819,0.09474925906992154,1.169653506188163,0.42686572196968275,True,640,20183,366,64,169687,192,5.314711541985162
922,PASS,WITNESS,1,45.916666666666664,3.11467e-05,1.557335e-05,0.71,0.263,0.7837500000000001,0.7837500000000001,1.128830057540881,35.608728788749936,9.964972765002278,33.39857034084032,4.673233995671801,1.5538014492800778e-05,1.5538014492800778e-05,1.5428353421911466e-05,1.5428353421911466e-05,3.111647816220846e-05,1.4002143577918942e-05,1.4001979565630506e-05,0.0012986665234810122,-0.007041585200956261,-0.007041585200956261,0.0,5.26579985795626e-06,-0.0009703062536813157,0.007041585200956261,0.004118978453015665,0.46544716642732764,0.46544716642732764,0.9254944036709245,0.9254944036709245,0.15576703050452487,0.5809905888739069,1.0251342858698953,True,532,30970,359,64,169137,192,5.095966455992311
922,PASS,WITNESS,2,45.916666666666664,3.11467e-05,1.557335e-05,0.71,0.263,0.7837500000000001,0.7837500000000001,1.6554752307313687,35.608728788749936,9.964972765002278,8.429526299862482,1.1794860818864537,1.5538014492800778e-05,1.5538014492800778e-05,1.5428353421911466e-05,1.5428353421911466e-05,3.111647816220846e-05,3.4013844692513215e-06,3.062143889785971e-06,0.0012986665234810122,-0.007041585200956261,-0.007041585200956261,0.0,0.010891702153529928,-0.0009703062536813157,0.010891702153529928,0.006061147430575119,0.46544716642732764,0.46544716642732764,0.9254944036709245,0.9254944036709245,0.15576703050452487,0.0526861287792193,1.5550941742589606,True,532,30970,359,64,169137,192,5.095966455992311
922,PASS,WITNESS,3,45.916666666666664,3.11467e-05,1.557335e-05,0.71,0.263,0.7204166666666667,0.7204166666666667,0.507860375719261,14.059092644346745,9.964972765002278,22.097872565917278,7.831397937775255,1.53128555677264e-05,1.53128555677264e-05,1.548560605387552e-05,1.548560605387552e-05,3.111647816220846e-05,2.43242495971209e-05,2.4324385875413456e-05,0.01575662997221745,0.011092699139820363,0.011092699139820363,0.0,-4.375368580135543e-06,-0.0009703062536813157,0.01575662997221745,0.009085784224676732,0.40211365507624597,0.40211365507624597,0.9506986491921471,0.9506986491921471,0.15576703050452487,1.1637734835918339,0.4023607353696429,True,532,30970,359,64,169137,192,5.095966455992311
922,PASS,WITNESS,4,45.916666666666664,3.11467e-05,1.557335e-05,0.71,0.263,0.7204166666666667,0.7204166666666667,1.6161733521350636,14.059092644346745,9.964972765002278,5.388621012417748,1.9097058034984202,1.53128555677264e-05,1.53128555677264e-05,1.548560605387552e-05,1.548560605387552e-05,3.111647816220846e-05,5.660059978277864e-06,5.103495866249089e-06,0.01575662997221745,0.011092699139820363,0.011092699139820363,0.0,0.017869119747156995,-0.0009703062536813157,0.017869119747156995,0.011651997477247504,0.40211365507624597,0.40211365507624597,0.9506986491921471,0.9506986491921471,0.15576703050452487,0.051237235826157884,1.5147304395736216,True,532,30970,359,64,169137,192,5.095966455992311
922,PASS,WITNESS,5,45.916666666666664,3.11467e-05,1.557335e-05,0.6547499999999999,0.262,0.6887500000000001,0.6887500000000001,1.5532903463809755,9.302075941475236,21.99291635552426,5.206303991625183,6.154637358888604,1.5627495281199186e-05,1.5627495281199186e-05,1.534811908210957e-05,1.534811908210957e-05,3.117734038044963e-05,8.172672220973919e-06,8.17196738586566e-06,-0.002484409067208522,-0.01787722178522891,-0.01787722178522891,0.0,2.2629527630823777e-05,0.0009827772374338926,0.01787722178522891,0.010378895004797741,0.37115677992030305,0.37115677992030305,0.958953087965787,0.958953087965787,0.18120625121106987,0.09124507039955998,1.477338433099728,True,532,30970,359,64,169137,192,5.095966455992311
1276,PASS,WITNESS,1,3.0416666666666665,3.86682e-05,1.93341e-05,0.5918125,0.10682374340856807,0.7916666666666667,0.7916666666666667,1.0266451731904878,46.8966057999129,100.0,7.868771510081049,8.389489362677569,1.7999789027097993e-05,1.7999789027097993e-05,1.7834896041464855e-05,1.7834896041464855e-05,3.7358529376118066e-05,3.208135639680832e-06,3.2077639645395064e-06,0.03514389917094872,-0.00852860932927515,-0.00852860932927515,0.0,9.611906975903491e-06,-0.033869448898110874,0.03514389917094872,0.02052521889518318,0.5452014740611961,0.5452014740611961,0.9214818458504631,0.9214818458504631,0.050195231443837696,0.6840020717161297,0.9717139516674527,True,906,48,57,27,84354,81,2.9540999960154295
1276,PASS,WITNESS,2,3.0416666666666665,3.86682e-05,1.93341e-05,0.5918125,0.10682374340856807,0.7916666666666667,0.7916666666666667,1.6554752307313687,46.8966057999129,100.0,4.234877152129485,4.515121169107457,1.7999789027097993e-05,1.7999789027097993e-05,1.7834896041464855e-05,1.7834896041464855e-05,3.7358529376118066e-05,1.743703475285445e-06,1.6157167734801328e-06,0.03514389917094872,-0.00852860932927515,-0.00852860932927515,0.0,0.0033098696553062247,-0.033869448898110874,0.03514389917094872,0.02056964919858653,0.5452014740611961,0.5452014740611961,0.9214818458504631,0.9214818458504631,0.050195231443837696,0.05045280537458316,1.6014371143618265,True,906,48,57,27,84354,81,2.9540999960154295
1276,PASS,WITNESS,3,3.0416666666666665,3.86682e-05,1.93341e-05,0.5918125,0.10682374340856807,0.7916666666666667,0.7916666666666667,0.5,46.8966057999129,100.0,9.03024233821491,9.627820803005408,1.7999789027097993e-05,1.7999789027097993e-05,1.7834896041464855e-05,1.7834896041464855e-05,3.7358529376118066e-05,3.831422272734315e-06,3.4497329198546125e-06,0.03514389917094872,-0.00852860932927515,-0.00852860932927515,0.0,0.009870884935934495,-0.033869448898110874,0.03514389917094872,0.020917066162987625,0.5452014740611961,0.5452014740611961,0.9214818458504631,0.9214818458504631,0.050195231443837696,1.2103890750724002,0.4443471439746127,True,906,48,57,27,84354,81,2.9540999960154295
1276,PASS,WITNESS,4,3.0416666666666665,3.86682e-05,1.93341e-05,0.5918125,0.10682374340856807,0.6808333333333334,0.6808333333333334,1.2074338147334909,9.964972765002278,100.0,2.202046982838566,11.048936282958636,1.7778945019193797e-05,1.7778945019193797e-05,1.7887762239115335e-05,1.7887762239115335e-05,3.7358529376118066e-05,4.701198905789192e-06,4.701396815998163e-06,0.046566412135306844,0.00562825370312238,0.00562825370312238,0.0,-5.118164511678756e-06,-0.033869448898110874,0.046566412135306844,0.023730868833322087,0.43455166960898406,0.43455166960898406,0.9614479495346127,0.9614479495346127,0.050195231443837696,0.4137840563081707,1.1512863957336203,True,906,48,57,27,84354,81,2.9540999960154295
1276,PASS,WITNESS,5,3.0416666666666665,3.86682e-05,1.93341e-05,0.5918125,0.10682374340856807,0.6808333333333334,0.6808333333333334,1.5690110978194975,9.964972765002278,100.0,1.853898668295673,9.302075941475236,1.7778945019193797e-05,1.7778945019193797e-05,1.7887762239115335e-05,1.7887762239115335e-05,3.7358529376118066e-05,3.920520859228679e-06,4.015368738726345e-06,0.046566412135306844,0.00562825370312238,0.00562825370312238,0.0,-0.0024528651320119845,-0.033869448898110874,0.046566412135306844,0.023751987056055815,0.43455166960898406,0.43455166960898406,0.9614479495346127,0.9614479495346127,0.050195231443837696,0.050507183637037434,1.5133717513632334,True,906,48,57,27,84354,81,2.9540999960154295
